ARM GAS  /tmp/ccjxy0Cr.s 			page 1


   1              		.cpu cortex-m3
   2              		.eabi_attribute 20, 1	@ Tag_ABI_FP_denormal
   3              		.eabi_attribute 21, 1	@ Tag_ABI_FP_exceptions
   4              		.eabi_attribute 23, 3	@ Tag_ABI_FP_number_model
   5              		.eabi_attribute 24, 1	@ Tag_ABI_align8_needed
   6              		.eabi_attribute 25, 1	@ Tag_ABI_align8_preserved
   7              		.eabi_attribute 26, 1	@ Tag_ABI_enum_size
   8              		.eabi_attribute 30, 4	@ Tag_ABI_optimization_goals
   9              		.eabi_attribute 34, 1	@ Tag_CPU_unaligned_access
  10              		.eabi_attribute 18, 4	@ Tag_ABI_PCS_wchar_t
  11              		.file	"list.c"
  12              	@ GNU C17 (15:9-2019-q4-0ubuntu1) version 9.2.1 20191025 (release) [ARM/arm-9-branch revision 27759
  13              	@	compiled by GNU C version 9.2.1 20200306, GMP version 6.2.0, MPFR version 4.0.2, MPC version 1.1.
  14              	
  15              	@ GGC heuristics: --param ggc-min-expand=100 --param ggc-min-heapsize=131072
  16              	@ options passed:  -I . -I ./src -I ./lib/freertos/include
  17              	@ -I ./lib/freertos/portable/GCC/ARM_CM3 -imultilib thumb/v7-m/nofp
  18              	@ -D__USES_INITFINI__ -D RUN_FROM_FLASH=1 lib/freertos/list.c
  19              	@ -mcpu=cortex-m3 -mthumb -mfloat-abi=soft -march=armv7-m
  20              	@ -auxbase-strip lib/freertos/list.o -g -gdwarf-2 -Os -Wall
  21              	@ -fomit-frame-pointer -fverbose-asm
  22              	@ options enabled:  -faggressive-loop-optimizations -fassume-phsa
  23              	@ -fauto-inc-dec -fbranch-count-reg -fcaller-saves -fcode-hoisting
  24              	@ -fcombine-stack-adjustments -fcommon -fcompare-elim -fcprop-registers
  25              	@ -fcrossjumping -fcse-follow-jumps -fdefer-pop
  26              	@ -fdelete-null-pointer-checks -fdevirtualize -fdevirtualize-speculatively
  27              	@ -fdwarf2-cfi-asm -fearly-inlining -feliminate-unused-debug-types
  28              	@ -fexpensive-optimizations -fforward-propagate -ffp-int-builtin-inexact
  29              	@ -ffunction-cse -fgcse -fgcse-lm -fgnu-runtime -fgnu-unique
  30              	@ -fguess-branch-probability -fhoist-adjacent-loads -fident -fif-conversion
  31              	@ -fif-conversion2 -findirect-inlining -finline -finline-atomics
  32              	@ -finline-functions -finline-functions-called-once
  33              	@ -finline-small-functions -fipa-bit-cp -fipa-cp -fipa-icf
  34              	@ -fipa-icf-functions -fipa-icf-variables -fipa-profile -fipa-pure-const
  35              	@ -fipa-ra -fipa-reference -fipa-reference-addressable -fipa-sra
  36              	@ -fipa-stack-alignment -fipa-vrp -fira-hoist-pressure
  37              	@ -fira-share-save-slots -fira-share-spill-slots
  38              	@ -fisolate-erroneous-paths-dereference -fivopts -fkeep-static-consts
  39              	@ -fleading-underscore -flifetime-dse -flra-remat -flto-odr-type-merging
  40              	@ -fmath-errno -fmerge-constants -fmerge-debug-strings
  41              	@ -fmove-loop-invariants -fomit-frame-pointer -foptimize-sibling-calls
  42              	@ -fpartial-inlining -fpeephole -fpeephole2 -fplt -fprefetch-loop-arrays
  43              	@ -freg-struct-return -freorder-blocks -freorder-functions
  44              	@ -frerun-cse-after-loop -fsched-critical-path-heuristic
  45              	@ -fsched-dep-count-heuristic -fsched-group-heuristic -fsched-interblock
  46              	@ -fsched-last-insn-heuristic -fsched-pressure -fsched-rank-heuristic
  47              	@ -fsched-spec -fsched-spec-insn-heuristic -fsched-stalled-insns-dep
  48              	@ -fschedule-insns2 -fsection-anchors -fsemantic-interposition
  49              	@ -fshow-column -fshrink-wrap-separate -fsigned-zeros
  50              	@ -fsplit-ivs-in-unroller -fsplit-wide-types -fssa-backprop -fssa-phiopt
  51              	@ -fstdarg-opt -fstore-merging -fstrict-aliasing
  52              	@ -fstrict-volatile-bitfields -fsync-libcalls -fthread-jumps
  53              	@ -ftoplevel-reorder -ftrapping-math -ftree-bit-ccp -ftree-builtin-call-dce
  54              	@ -ftree-ccp -ftree-ch -ftree-coalesce-vars -ftree-copy-prop -ftree-cselim
  55              	@ -ftree-dce -ftree-dominator-opts -ftree-dse -ftree-forwprop -ftree-fre
  56              	@ -ftree-loop-if-convert -ftree-loop-im -ftree-loop-ivcanon
  57              	@ -ftree-loop-optimize -ftree-parallelize-loops= -ftree-phiprop -ftree-pre
ARM GAS  /tmp/ccjxy0Cr.s 			page 2


  58              	@ -ftree-pta -ftree-reassoc -ftree-scev-cprop -ftree-sink -ftree-slsr
  59              	@ -ftree-sra -ftree-switch-conversion -ftree-tail-merge -ftree-ter
  60              	@ -ftree-vrp -funit-at-a-time -fvar-tracking -fvar-tracking-assignments
  61              	@ -fverbose-asm -fzero-initialized-in-bss -masm-syntax-unified -mbe32
  62              	@ -mfix-cortex-m3-ldrd -mlittle-endian -mpic-data-is-text-relative
  63              	@ -msched-prolog -mthumb -munaligned-access -mvectorize-with-neon-quad
  64              	
  65              		.text
  66              	.Ltext0:
  67              		.cfi_sections	.debug_frame
  68              		.align	1
  69              		.global	vListInitialise
  70              		.arch armv7-m
  71              		.syntax unified
  72              		.thumb
  73              		.thumb_func
  74              		.fpu softvfp
  75              		.type	vListInitialise, %function
  76              	vListInitialise:
  77              	.LVL0:
  78              	.LFB5:
  79              		.file 1 "lib/freertos/list.c"
   1:lib/freertos/list.c **** /*
   2:lib/freertos/list.c ****     FreeRTOS V9.0.0 - Copyright (C) 2016 Real Time Engineers Ltd.
   3:lib/freertos/list.c ****     All rights reserved
   4:lib/freertos/list.c **** 
   5:lib/freertos/list.c ****     VISIT http://www.FreeRTOS.org TO ENSURE YOU ARE USING THE LATEST VERSION.
   6:lib/freertos/list.c **** 
   7:lib/freertos/list.c ****     This file is part of the FreeRTOS distribution.
   8:lib/freertos/list.c **** 
   9:lib/freertos/list.c ****     FreeRTOS is free software; you can redistribute it and/or modify it under
  10:lib/freertos/list.c ****     the terms of the GNU General Public License (version 2) as published by the
  11:lib/freertos/list.c ****     Free Software Foundation >>>> AND MODIFIED BY <<<< the FreeRTOS exception.
  12:lib/freertos/list.c **** 
  13:lib/freertos/list.c ****     ***************************************************************************
  14:lib/freertos/list.c ****     >>!   NOTE: The modification to the GPL is included to allow you to     !<<
  15:lib/freertos/list.c ****     >>!   distribute a combined work that includes FreeRTOS without being   !<<
  16:lib/freertos/list.c ****     >>!   obliged to provide the source code for proprietary components     !<<
  17:lib/freertos/list.c ****     >>!   outside of the FreeRTOS kernel.                                   !<<
  18:lib/freertos/list.c ****     ***************************************************************************
  19:lib/freertos/list.c **** 
  20:lib/freertos/list.c ****     FreeRTOS is distributed in the hope that it will be useful, but WITHOUT ANY
  21:lib/freertos/list.c ****     WARRANTY; without even the implied warranty of MERCHANTABILITY or FITNESS
  22:lib/freertos/list.c ****     FOR A PARTICULAR PURPOSE.  Full license text is available on the following
  23:lib/freertos/list.c ****     link: http://www.freertos.org/a00114.html
  24:lib/freertos/list.c **** 
  25:lib/freertos/list.c ****     ***************************************************************************
  26:lib/freertos/list.c ****      *                                                                       *
  27:lib/freertos/list.c ****      *    FreeRTOS provides completely free yet professionally developed,    *
  28:lib/freertos/list.c ****      *    robust, strictly quality controlled, supported, and cross          *
  29:lib/freertos/list.c ****      *    platform software that is more than just the market leader, it     *
  30:lib/freertos/list.c ****      *    is the industry's de facto standard.                               *
  31:lib/freertos/list.c ****      *                                                                       *
  32:lib/freertos/list.c ****      *    Help yourself get started quickly while simultaneously helping     *
  33:lib/freertos/list.c ****      *    to support the FreeRTOS project by purchasing a FreeRTOS           *
  34:lib/freertos/list.c ****      *    tutorial book, reference manual, or both:                          *
  35:lib/freertos/list.c ****      *    http://www.FreeRTOS.org/Documentation                              *
ARM GAS  /tmp/ccjxy0Cr.s 			page 3


  36:lib/freertos/list.c ****      *                                                                       *
  37:lib/freertos/list.c ****     ***************************************************************************
  38:lib/freertos/list.c **** 
  39:lib/freertos/list.c ****     http://www.FreeRTOS.org/FAQHelp.html - Having a problem?  Start by reading
  40:lib/freertos/list.c ****     the FAQ page "My application does not run, what could be wrong?".  Have you
  41:lib/freertos/list.c ****     defined configASSERT()?
  42:lib/freertos/list.c **** 
  43:lib/freertos/list.c ****     http://www.FreeRTOS.org/support - In return for receiving this top quality
  44:lib/freertos/list.c ****     embedded software for free we request you assist our global community by
  45:lib/freertos/list.c ****     participating in the support forum.
  46:lib/freertos/list.c **** 
  47:lib/freertos/list.c ****     http://www.FreeRTOS.org/training - Investing in training allows your team to
  48:lib/freertos/list.c ****     be as productive as possible as early as possible.  Now you can receive
  49:lib/freertos/list.c ****     FreeRTOS training directly from Richard Barry, CEO of Real Time Engineers
  50:lib/freertos/list.c ****     Ltd, and the world's leading authority on the world's leading RTOS.
  51:lib/freertos/list.c **** 
  52:lib/freertos/list.c ****     http://www.FreeRTOS.org/plus - A selection of FreeRTOS ecosystem products,
  53:lib/freertos/list.c ****     including FreeRTOS+Trace - an indispensable productivity tool, a DOS
  54:lib/freertos/list.c ****     compatible FAT file system, and our tiny thread aware UDP/IP stack.
  55:lib/freertos/list.c **** 
  56:lib/freertos/list.c ****     http://www.FreeRTOS.org/labs - Where new FreeRTOS products go to incubate.
  57:lib/freertos/list.c ****     Come and try FreeRTOS+TCP, our new open source TCP/IP stack for FreeRTOS.
  58:lib/freertos/list.c **** 
  59:lib/freertos/list.c ****     http://www.OpenRTOS.com - Real Time Engineers ltd. license FreeRTOS to High
  60:lib/freertos/list.c ****     Integrity Systems ltd. to sell under the OpenRTOS brand.  Low cost OpenRTOS
  61:lib/freertos/list.c ****     licenses offer ticketed support, indemnification and commercial middleware.
  62:lib/freertos/list.c **** 
  63:lib/freertos/list.c ****     http://www.SafeRTOS.com - High Integrity Systems also provide a safety
  64:lib/freertos/list.c ****     engineered and independently SIL3 certified version for use in safety and
  65:lib/freertos/list.c ****     mission critical applications that require provable dependability.
  66:lib/freertos/list.c **** 
  67:lib/freertos/list.c ****     1 tab == 4 spaces!
  68:lib/freertos/list.c **** */
  69:lib/freertos/list.c **** 
  70:lib/freertos/list.c **** 
  71:lib/freertos/list.c **** #include <stdlib.h>
  72:lib/freertos/list.c **** #include "FreeRTOS.h"
  73:lib/freertos/list.c **** #include "list.h"
  74:lib/freertos/list.c **** 
  75:lib/freertos/list.c **** /*-----------------------------------------------------------
  76:lib/freertos/list.c ****  * PUBLIC LIST API documented in list.h
  77:lib/freertos/list.c ****  *----------------------------------------------------------*/
  78:lib/freertos/list.c **** 
  79:lib/freertos/list.c **** void vListInitialise( List_t * const pxList )
  80:lib/freertos/list.c **** {
  80              		.loc 1 80 1 view -0
  81              		.cfi_startproc
  82              		@ args = 0, pretend = 0, frame = 0
  83              		@ frame_needed = 0, uses_anonymous_args = 0
  84              		@ link register save eliminated.
  81:lib/freertos/list.c **** 	/* The list structure contains a list item which is used to mark the
  82:lib/freertos/list.c **** 	end of the list.  To initialise the list the list end is inserted
  83:lib/freertos/list.c **** 	as the only list entry. */
  84:lib/freertos/list.c **** 	pxList->pxIndex = ( ListItem_t * ) &( pxList->xListEnd );			/*lint !e826 !e740 The mini list struc
  85              		.loc 1 84 2 view .LVU1
  86              	@ lib/freertos/list.c:88: 	pxList->xListEnd.xItemValue = portMAX_DELAY;
  85:lib/freertos/list.c **** 
ARM GAS  /tmp/ccjxy0Cr.s 			page 4


  86:lib/freertos/list.c **** 	/* The list end value is the highest possible value in the list to
  87:lib/freertos/list.c **** 	ensure it remains at the end of the list. */
  88:lib/freertos/list.c **** 	pxList->xListEnd.xItemValue = portMAX_DELAY;
  87              		.loc 1 88 30 is_stmt 0 view .LVU2
  88 0000 4FF0FF32 		mov	r2, #-1	@ tmp112,
  89              	@ lib/freertos/list.c:84: 	pxList->pxIndex = ( ListItem_t * ) &( pxList->xListEnd );			/*lint !e826
  84:lib/freertos/list.c **** 
  90              		.loc 1 84 37 view .LVU3
  91 0004 00F10803 		add	r3, r0, #8	@ _1, pxList,
  92              	@ lib/freertos/list.c:92: 	pxList->xListEnd.pxNext = ( ListItem_t * ) &( pxList->xListEnd );	/*lint
  89:lib/freertos/list.c **** 
  90:lib/freertos/list.c **** 	/* The list end next and previous pointers point to itself so we know
  91:lib/freertos/list.c **** 	when the list is empty. */
  92:lib/freertos/list.c **** 	pxList->xListEnd.pxNext = ( ListItem_t * ) &( pxList->xListEnd );	/*lint !e826 !e740 The mini list
  93              		.loc 1 92 26 view .LVU4
  94 0008 C0E90223 		strd	r2, r3, [r0, #8]	@ tmp112, _1, pxList,
  95              	@ lib/freertos/list.c:84: 	pxList->pxIndex = ( ListItem_t * ) &( pxList->xListEnd );			/*lint !e826
  84:lib/freertos/list.c **** 
  96              		.loc 1 84 18 view .LVU5
  97 000c 4360     		str	r3, [r0, #4]	@ _1, pxList_2(D)->pxIndex
  88:lib/freertos/list.c **** 
  98              		.loc 1 88 2 is_stmt 1 view .LVU6
  93:lib/freertos/list.c **** 	pxList->xListEnd.pxPrevious = ( ListItem_t * ) &( pxList->xListEnd );/*lint !e826 !e740 The mini l
  99              		.loc 1 93 2 view .LVU7
 100              	@ lib/freertos/list.c:93: 	pxList->xListEnd.pxPrevious = ( ListItem_t * ) &( pxList->xListEnd );/*l
 101              		.loc 1 93 30 is_stmt 0 view .LVU8
 102 000e 0361     		str	r3, [r0, #16]	@ _1, pxList_2(D)->xListEnd.pxPrevious
  94:lib/freertos/list.c **** 
  95:lib/freertos/list.c **** 	pxList->uxNumberOfItems = ( UBaseType_t ) 0U;
 103              		.loc 1 95 2 is_stmt 1 view .LVU9
 104              	@ lib/freertos/list.c:95: 	pxList->uxNumberOfItems = ( UBaseType_t ) 0U;
 105              		.loc 1 95 26 is_stmt 0 view .LVU10
 106 0010 0023     		movs	r3, #0	@ tmp113,
 107 0012 0360     		str	r3, [r0]	@ tmp113, pxList_2(D)->uxNumberOfItems
  96:lib/freertos/list.c **** 
  97:lib/freertos/list.c **** 	/* Write known values into the list if
  98:lib/freertos/list.c **** 	configUSE_LIST_DATA_INTEGRITY_CHECK_BYTES is set to 1. */
  99:lib/freertos/list.c **** 	listSET_LIST_INTEGRITY_CHECK_1_VALUE( pxList );
 108              		.loc 1 99 48 is_stmt 1 view .LVU11
 100:lib/freertos/list.c **** 	listSET_LIST_INTEGRITY_CHECK_2_VALUE( pxList );
 109              		.loc 1 100 48 view .LVU12
 110              	@ lib/freertos/list.c:101: }
 101:lib/freertos/list.c **** }
 111              		.loc 1 101 1 is_stmt 0 view .LVU13
 112 0014 7047     		bx	lr	@
 113              		.cfi_endproc
 114              	.LFE5:
 115              		.size	vListInitialise, .-vListInitialise
 116              		.align	1
 117              		.global	vListInitialiseItem
 118              		.syntax unified
 119              		.thumb
 120              		.thumb_func
 121              		.fpu softvfp
 122              		.type	vListInitialiseItem, %function
 123              	vListInitialiseItem:
 124              	.LVL1:
ARM GAS  /tmp/ccjxy0Cr.s 			page 5


 125              	.LFB6:
 102:lib/freertos/list.c **** /*-----------------------------------------------------------*/
 103:lib/freertos/list.c **** 
 104:lib/freertos/list.c **** void vListInitialiseItem( ListItem_t * const pxItem )
 105:lib/freertos/list.c **** {
 126              		.loc 1 105 1 is_stmt 1 view -0
 127              		.cfi_startproc
 128              		@ args = 0, pretend = 0, frame = 0
 129              		@ frame_needed = 0, uses_anonymous_args = 0
 130              		@ link register save eliminated.
 106:lib/freertos/list.c **** 	/* Make sure the list item is not recorded as being on a list. */
 107:lib/freertos/list.c **** 	pxItem->pvContainer = NULL;
 131              		.loc 1 107 2 view .LVU15
 132              	@ lib/freertos/list.c:107: 	pxItem->pvContainer = NULL;
 133              		.loc 1 107 22 is_stmt 0 view .LVU16
 134 0016 0023     		movs	r3, #0	@ tmp111,
 135 0018 0361     		str	r3, [r0, #16]	@ tmp111, pxItem_2(D)->pvContainer
 108:lib/freertos/list.c **** 
 109:lib/freertos/list.c **** 	/* Write known values into the list item if
 110:lib/freertos/list.c **** 	configUSE_LIST_DATA_INTEGRITY_CHECK_BYTES is set to 1. */
 111:lib/freertos/list.c **** 	listSET_FIRST_LIST_ITEM_INTEGRITY_CHECK_VALUE( pxItem );
 136              		.loc 1 111 57 is_stmt 1 view .LVU17
 112:lib/freertos/list.c **** 	listSET_SECOND_LIST_ITEM_INTEGRITY_CHECK_VALUE( pxItem );
 137              		.loc 1 112 58 view .LVU18
 138              	@ lib/freertos/list.c:113: }
 113:lib/freertos/list.c **** }
 139              		.loc 1 113 1 is_stmt 0 view .LVU19
 140 001a 7047     		bx	lr	@
 141              		.cfi_endproc
 142              	.LFE6:
 143              		.size	vListInitialiseItem, .-vListInitialiseItem
 144              		.align	1
 145              		.global	vListInsertEnd
 146              		.syntax unified
 147              		.thumb
 148              		.thumb_func
 149              		.fpu softvfp
 150              		.type	vListInsertEnd, %function
 151              	vListInsertEnd:
 152              	.LVL2:
 153              	.LFB7:
 114:lib/freertos/list.c **** /*-----------------------------------------------------------*/
 115:lib/freertos/list.c **** 
 116:lib/freertos/list.c **** void vListInsertEnd( List_t * const pxList, ListItem_t * const pxNewListItem )
 117:lib/freertos/list.c **** {
 154              		.loc 1 117 1 is_stmt 1 view -0
 155              		.cfi_startproc
 156              		@ args = 0, pretend = 0, frame = 0
 157              		@ frame_needed = 0, uses_anonymous_args = 0
 158              		@ link register save eliminated.
 118:lib/freertos/list.c **** ListItem_t * const pxIndex = pxList->pxIndex;
 159              		.loc 1 118 1 view .LVU21
 160              	@ lib/freertos/list.c:118: ListItem_t * const pxIndex = pxList->pxIndex;
 161              		.loc 1 118 20 is_stmt 0 view .LVU22
 162 001c 4368     		ldr	r3, [r0, #4]	@ pxIndex, pxList_6(D)->pxIndex
 163              	.LVL3:
 119:lib/freertos/list.c **** 
ARM GAS  /tmp/ccjxy0Cr.s 			page 6


 120:lib/freertos/list.c **** 	/* Only effective when configASSERT() is also defined, these tests may catch
 121:lib/freertos/list.c **** 	the list data structures being overwritten in memory.  They will not catch
 122:lib/freertos/list.c **** 	data errors caused by incorrect configuration or use of FreeRTOS. */
 123:lib/freertos/list.c **** 	listTEST_LIST_INTEGRITY( pxList );
 164              		.loc 1 123 35 is_stmt 1 view .LVU23
 124:lib/freertos/list.c **** 	listTEST_LIST_ITEM_INTEGRITY( pxNewListItem );
 165              		.loc 1 124 47 view .LVU24
 125:lib/freertos/list.c **** 
 126:lib/freertos/list.c **** 	/* Insert a new list item into pxList, but rather than sort the list,
 127:lib/freertos/list.c **** 	makes the new list item the last item to be removed by a call to
 128:lib/freertos/list.c **** 	listGET_OWNER_OF_NEXT_ENTRY(). */
 129:lib/freertos/list.c **** 	pxNewListItem->pxNext = pxIndex;
 166              		.loc 1 129 2 view .LVU25
 167              	@ lib/freertos/list.c:130: 	pxNewListItem->pxPrevious = pxIndex->pxPrevious;
 130:lib/freertos/list.c **** 	pxNewListItem->pxPrevious = pxIndex->pxPrevious;
 168              		.loc 1 130 37 is_stmt 0 view .LVU26
 169 001e 9A68     		ldr	r2, [r3, #8]	@ _1, pxIndex_7->pxPrevious
 170              	@ lib/freertos/list.c:129: 	pxNewListItem->pxNext = pxIndex;
 129:lib/freertos/list.c **** 	pxNewListItem->pxPrevious = pxIndex->pxPrevious;
 171              		.loc 1 129 24 view .LVU27
 172 0020 4B60     		str	r3, [r1, #4]	@ pxIndex, pxNewListItem_8(D)->pxNext
 173              		.loc 1 130 2 is_stmt 1 view .LVU28
 174              	@ lib/freertos/list.c:130: 	pxNewListItem->pxPrevious = pxIndex->pxPrevious;
 175              		.loc 1 130 28 is_stmt 0 view .LVU29
 176 0022 8A60     		str	r2, [r1, #8]	@ _1, pxNewListItem_8(D)->pxPrevious
 131:lib/freertos/list.c **** 
 132:lib/freertos/list.c **** 	/* Only used during decision coverage testing. */
 133:lib/freertos/list.c **** 	mtCOVERAGE_TEST_DELAY();
 177              		.loc 1 133 25 is_stmt 1 view .LVU30
 134:lib/freertos/list.c **** 
 135:lib/freertos/list.c **** 	pxIndex->pxPrevious->pxNext = pxNewListItem;
 178              		.loc 1 135 2 view .LVU31
 179              	@ lib/freertos/list.c:135: 	pxIndex->pxPrevious->pxNext = pxNewListItem;
 180              		.loc 1 135 30 is_stmt 0 view .LVU32
 181 0024 9A68     		ldr	r2, [r3, #8]	@ pxIndex_7->pxPrevious, pxIndex_7->pxPrevious
 182 0026 5160     		str	r1, [r2, #4]	@ pxNewListItem, _2->pxNext
 136:lib/freertos/list.c **** 	pxIndex->pxPrevious = pxNewListItem;
 183              		.loc 1 136 2 is_stmt 1 view .LVU33
 184              	@ lib/freertos/list.c:136: 	pxIndex->pxPrevious = pxNewListItem;
 185              		.loc 1 136 22 is_stmt 0 view .LVU34
 186 0028 9960     		str	r1, [r3, #8]	@ pxNewListItem, pxIndex_7->pxPrevious
 137:lib/freertos/list.c **** 
 138:lib/freertos/list.c **** 	/* Remember which list the item is in. */
 139:lib/freertos/list.c **** 	pxNewListItem->pvContainer = ( void * ) pxList;
 187              		.loc 1 139 2 is_stmt 1 view .LVU35
 188              	@ lib/freertos/list.c:141: 	( pxList->uxNumberOfItems )++;
 140:lib/freertos/list.c **** 
 141:lib/freertos/list.c **** 	( pxList->uxNumberOfItems )++;
 189              		.loc 1 141 29 is_stmt 0 view .LVU36
 190 002a 0368     		ldr	r3, [r0]	@ pxList_6(D)->uxNumberOfItems, pxList_6(D)->uxNumberOfItems
 191              	.LVL4:
 192              	@ lib/freertos/list.c:139: 	pxNewListItem->pvContainer = ( void * ) pxList;
 139:lib/freertos/list.c **** 
 193              		.loc 1 139 29 view .LVU37
 194 002c 0861     		str	r0, [r1, #16]	@ pxList, pxNewListItem_8(D)->pvContainer
 195              		.loc 1 141 2 is_stmt 1 view .LVU38
 196              	@ lib/freertos/list.c:141: 	( pxList->uxNumberOfItems )++;
ARM GAS  /tmp/ccjxy0Cr.s 			page 7


 197              		.loc 1 141 29 is_stmt 0 view .LVU39
 198 002e 0133     		adds	r3, r3, #1	@ tmp118, pxList_6(D)->uxNumberOfItems,
 199 0030 0360     		str	r3, [r0]	@ tmp118, pxList_6(D)->uxNumberOfItems
 200              	@ lib/freertos/list.c:142: }
 142:lib/freertos/list.c **** }
 201              		.loc 1 142 1 view .LVU40
 202 0032 7047     		bx	lr	@
 203              		.cfi_endproc
 204              	.LFE7:
 205              		.size	vListInsertEnd, .-vListInsertEnd
 206              		.align	1
 207              		.global	vListInsert
 208              		.syntax unified
 209              		.thumb
 210              		.thumb_func
 211              		.fpu softvfp
 212              		.type	vListInsert, %function
 213              	vListInsert:
 214              	.LVL5:
 215              	.LFB8:
 143:lib/freertos/list.c **** /*-----------------------------------------------------------*/
 144:lib/freertos/list.c **** 
 145:lib/freertos/list.c **** void vListInsert( List_t * const pxList, ListItem_t * const pxNewListItem )
 146:lib/freertos/list.c **** {
 216              		.loc 1 146 1 is_stmt 1 view -0
 217              		.cfi_startproc
 218              		@ args = 0, pretend = 0, frame = 0
 219              		@ frame_needed = 0, uses_anonymous_args = 0
 147:lib/freertos/list.c **** ListItem_t *pxIterator;
 220              		.loc 1 147 1 view .LVU42
 148:lib/freertos/list.c **** const TickType_t xValueOfInsertion = pxNewListItem->xItemValue;
 221              		.loc 1 148 1 view .LVU43
 222              	@ lib/freertos/list.c:146: {
 146:lib/freertos/list.c **** ListItem_t *pxIterator;
 223              		.loc 1 146 1 is_stmt 0 view .LVU44
 224 0034 30B5     		push	{r4, r5, lr}	@
 225              	.LCFI0:
 226              		.cfi_def_cfa_offset 12
 227              		.cfi_offset 4, -12
 228              		.cfi_offset 5, -8
 229              		.cfi_offset 14, -4
 230              	@ lib/freertos/list.c:148: const TickType_t xValueOfInsertion = pxNewListItem->xItemValue;
 231              		.loc 1 148 18 view .LVU45
 232 0036 0C68     		ldr	r4, [r1]	@ xValueOfInsertion, pxNewListItem_9(D)->xItemValue
 233              	.LVL6:
 149:lib/freertos/list.c **** 
 150:lib/freertos/list.c **** 	/* Only effective when configASSERT() is also defined, these tests may catch
 151:lib/freertos/list.c **** 	the list data structures being overwritten in memory.  They will not catch
 152:lib/freertos/list.c **** 	data errors caused by incorrect configuration or use of FreeRTOS. */
 153:lib/freertos/list.c **** 	listTEST_LIST_INTEGRITY( pxList );
 234              		.loc 1 153 35 is_stmt 1 view .LVU46
 154:lib/freertos/list.c **** 	listTEST_LIST_ITEM_INTEGRITY( pxNewListItem );
 235              		.loc 1 154 47 view .LVU47
 155:lib/freertos/list.c **** 
 156:lib/freertos/list.c **** 	/* Insert the new list item into the list, sorted in xItemValue order.
 157:lib/freertos/list.c **** 
 158:lib/freertos/list.c **** 	If the list already contains a list item with the same item value then the
ARM GAS  /tmp/ccjxy0Cr.s 			page 8


 159:lib/freertos/list.c **** 	new list item should be placed after it.  This ensures that TCB's which are
 160:lib/freertos/list.c **** 	stored in ready lists (all of which have the same xItemValue value) get a
 161:lib/freertos/list.c **** 	share of the CPU.  However, if the xItemValue is the same as the back marker
 162:lib/freertos/list.c **** 	the iteration loop below will not end.  Therefore the value is checked
 163:lib/freertos/list.c **** 	first, and the algorithm slightly modified if necessary. */
 164:lib/freertos/list.c **** 	if( xValueOfInsertion == portMAX_DELAY )
 236              		.loc 1 164 2 view .LVU48
 237              	@ lib/freertos/list.c:164: 	if( xValueOfInsertion == portMAX_DELAY )
 238              		.loc 1 164 4 is_stmt 0 view .LVU49
 239 0038 631C     		adds	r3, r4, #1	@, xValueOfInsertion,
 240 003a 0AD1     		bne	.L5		@,
 165:lib/freertos/list.c **** 	{
 166:lib/freertos/list.c **** 		pxIterator = pxList->xListEnd.pxPrevious;
 241              		.loc 1 166 3 is_stmt 1 view .LVU50
 242              	@ lib/freertos/list.c:166: 		pxIterator = pxList->xListEnd.pxPrevious;
 243              		.loc 1 166 14 is_stmt 0 view .LVU51
 244 003c 0369     		ldr	r3, [r0, #16]	@ pxIterator, pxList_11(D)->xListEnd.pxPrevious
 245              	.LVL7:
 246              	.L6:
 167:lib/freertos/list.c **** 	}
 168:lib/freertos/list.c **** 	else
 169:lib/freertos/list.c **** 	{
 170:lib/freertos/list.c **** 		/* *** NOTE ***********************************************************
 171:lib/freertos/list.c **** 		If you find your application is crashing here then likely causes are
 172:lib/freertos/list.c **** 		listed below.  In addition see http://www.freertos.org/FAQHelp.html for
 173:lib/freertos/list.c **** 		more tips, and ensure configASSERT() is defined!
 174:lib/freertos/list.c **** 		http://www.freertos.org/a00110.html#configASSERT
 175:lib/freertos/list.c **** 
 176:lib/freertos/list.c **** 			1) Stack overflow -
 177:lib/freertos/list.c **** 			   see http://www.freertos.org/Stacks-and-stack-overflow-checking.html
 178:lib/freertos/list.c **** 			2) Incorrect interrupt priority assignment, especially on Cortex-M
 179:lib/freertos/list.c **** 			   parts where numerically high priority values denote low actual
 180:lib/freertos/list.c **** 			   interrupt priorities, which can seem counter intuitive.  See
 181:lib/freertos/list.c **** 			   http://www.freertos.org/RTOS-Cortex-M3-M4.html and the definition
 182:lib/freertos/list.c **** 			   of configMAX_SYSCALL_INTERRUPT_PRIORITY on
 183:lib/freertos/list.c **** 			   http://www.freertos.org/a00110.html
 184:lib/freertos/list.c **** 			3) Calling an API function from within a critical section or when
 185:lib/freertos/list.c **** 			   the scheduler is suspended, or calling an API function that does
 186:lib/freertos/list.c **** 			   not end in "FromISR" from an interrupt.
 187:lib/freertos/list.c **** 			4) Using a queue or semaphore before it has been initialised or
 188:lib/freertos/list.c **** 			   before the scheduler has been started (are interrupts firing
 189:lib/freertos/list.c **** 			   before vTaskStartScheduler() has been called?).
 190:lib/freertos/list.c **** 		**********************************************************************/
 191:lib/freertos/list.c **** 
 192:lib/freertos/list.c **** 		for( pxIterator = ( ListItem_t * ) &( pxList->xListEnd ); pxIterator->pxNext->xItemValue <= xValu
 193:lib/freertos/list.c **** 		{
 194:lib/freertos/list.c **** 			/* There is nothing to do here, just iterating to the wanted
 195:lib/freertos/list.c **** 			insertion position. */
 196:lib/freertos/list.c **** 		}
 197:lib/freertos/list.c **** 	}
 198:lib/freertos/list.c **** 
 199:lib/freertos/list.c **** 	pxNewListItem->pxNext = pxIterator->pxNext;
 247              		.loc 1 199 2 is_stmt 1 view .LVU52
 248              	@ lib/freertos/list.c:199: 	pxNewListItem->pxNext = pxIterator->pxNext;
 249              		.loc 1 199 36 is_stmt 0 view .LVU53
 250 003e 5A68     		ldr	r2, [r3, #4]	@ _3, pxIterator_7->pxNext
 251              	@ lib/freertos/list.c:199: 	pxNewListItem->pxNext = pxIterator->pxNext;
ARM GAS  /tmp/ccjxy0Cr.s 			page 9


 252              		.loc 1 199 24 view .LVU54
 253 0040 4A60     		str	r2, [r1, #4]	@ _3, pxNewListItem_9(D)->pxNext
 200:lib/freertos/list.c **** 	pxNewListItem->pxNext->pxPrevious = pxNewListItem;
 254              		.loc 1 200 2 is_stmt 1 view .LVU55
 255              	@ lib/freertos/list.c:200: 	pxNewListItem->pxNext->pxPrevious = pxNewListItem;
 256              		.loc 1 200 36 is_stmt 0 view .LVU56
 257 0042 9160     		str	r1, [r2, #8]	@ pxNewListItem, _3->pxPrevious
 201:lib/freertos/list.c **** 	pxNewListItem->pxPrevious = pxIterator;
 258              		.loc 1 201 2 is_stmt 1 view .LVU57
 259              	@ lib/freertos/list.c:201: 	pxNewListItem->pxPrevious = pxIterator;
 260              		.loc 1 201 28 is_stmt 0 view .LVU58
 261 0044 8B60     		str	r3, [r1, #8]	@ pxIterator, pxNewListItem_9(D)->pxPrevious
 202:lib/freertos/list.c **** 	pxIterator->pxNext = pxNewListItem;
 262              		.loc 1 202 2 is_stmt 1 view .LVU59
 263              	@ lib/freertos/list.c:202: 	pxIterator->pxNext = pxNewListItem;
 264              		.loc 1 202 21 is_stmt 0 view .LVU60
 265 0046 5960     		str	r1, [r3, #4]	@ pxNewListItem, pxIterator_7->pxNext
 203:lib/freertos/list.c **** 
 204:lib/freertos/list.c **** 	/* Remember which list the item is in.  This allows fast removal of the
 205:lib/freertos/list.c **** 	item later. */
 206:lib/freertos/list.c **** 	pxNewListItem->pvContainer = ( void * ) pxList;
 266              		.loc 1 206 2 is_stmt 1 view .LVU61
 267              	@ lib/freertos/list.c:208: 	( pxList->uxNumberOfItems )++;
 207:lib/freertos/list.c **** 
 208:lib/freertos/list.c **** 	( pxList->uxNumberOfItems )++;
 268              		.loc 1 208 29 is_stmt 0 view .LVU62
 269 0048 0368     		ldr	r3, [r0]	@ pxList_11(D)->uxNumberOfItems, pxList_11(D)->uxNumberOfItems
 270              	.LVL8:
 271              	@ lib/freertos/list.c:206: 	pxNewListItem->pvContainer = ( void * ) pxList;
 206:lib/freertos/list.c **** 
 272              		.loc 1 206 29 view .LVU63
 273 004a 0861     		str	r0, [r1, #16]	@ pxList, pxNewListItem_9(D)->pvContainer
 274              		.loc 1 208 2 is_stmt 1 view .LVU64
 275              	@ lib/freertos/list.c:208: 	( pxList->uxNumberOfItems )++;
 276              		.loc 1 208 29 is_stmt 0 view .LVU65
 277 004c 0133     		adds	r3, r3, #1	@ tmp120, pxList_11(D)->uxNumberOfItems,
 278 004e 0360     		str	r3, [r0]	@ tmp120, pxList_11(D)->uxNumberOfItems
 279              	@ lib/freertos/list.c:209: }
 209:lib/freertos/list.c **** }
 280              		.loc 1 209 1 view .LVU66
 281 0050 30BD     		pop	{r4, r5, pc}	@
 282              	.LVL9:
 283              	.L5:
 192:lib/freertos/list.c **** 		{
 284              		.loc 1 192 3 is_stmt 1 view .LVU67
 285              	@ lib/freertos/list.c:192: 		for( pxIterator = ( ListItem_t * ) &( pxList->xListEnd ); pxIterator->
 192:lib/freertos/list.c **** 		{
 286              		.loc 1 192 19 is_stmt 0 view .LVU68
 287 0052 00F10802 		add	r2, r0, #8	@ _1, pxList,
 288              	.LVL10:
 289              	.L7:
 192:lib/freertos/list.c **** 		{
 290              		.loc 1 192 61 is_stmt 1 discriminator 1 view .LVU69
 291 0056 1346     		mov	r3, r2	@ pxIterator, _1
 292              	@ lib/freertos/list.c:192: 		for( pxIterator = ( ListItem_t * ) &( pxList->xListEnd ); pxIterator->
 192:lib/freertos/list.c **** 		{
 293              		.loc 1 192 71 is_stmt 0 discriminator 1 view .LVU70
ARM GAS  /tmp/ccjxy0Cr.s 			page 10


 294 0058 5268     		ldr	r2, [r2, #4]	@ _1, pxIterator_6->pxNext
 295              	.LVL11:
 296              	@ lib/freertos/list.c:192: 		for( pxIterator = ( ListItem_t * ) &( pxList->xListEnd ); pxIterator->
 192:lib/freertos/list.c **** 		{
 297              		.loc 1 192 3 discriminator 1 view .LVU71
 298 005a 1568     		ldr	r5, [r2]	@ _1->xItemValue, _1->xItemValue
 299 005c A542     		cmp	r5, r4	@ _1->xItemValue, xValueOfInsertion
 300 005e FAD9     		bls	.L7		@,
 301 0060 EDE7     		b	.L6		@
 302              		.cfi_endproc
 303              	.LFE8:
 304              		.size	vListInsert, .-vListInsert
 305              		.align	1
 306              		.global	uxListRemove
 307              		.syntax unified
 308              		.thumb
 309              		.thumb_func
 310              		.fpu softvfp
 311              		.type	uxListRemove, %function
 312              	uxListRemove:
 313              	.LVL12:
 314              	.LFB9:
 210:lib/freertos/list.c **** /*-----------------------------------------------------------*/
 211:lib/freertos/list.c **** 
 212:lib/freertos/list.c **** UBaseType_t uxListRemove( ListItem_t * const pxItemToRemove )
 213:lib/freertos/list.c **** {
 315              		.loc 1 213 1 is_stmt 1 view -0
 316              		.cfi_startproc
 317              		@ args = 0, pretend = 0, frame = 0
 318              		@ frame_needed = 0, uses_anonymous_args = 0
 319              		@ link register save eliminated.
 214:lib/freertos/list.c **** /* The list item knows which list it is in.  Obtain the list from the list
 215:lib/freertos/list.c **** item. */
 216:lib/freertos/list.c **** List_t * const pxList = ( List_t * ) pxItemToRemove->pvContainer;
 320              		.loc 1 216 1 view .LVU73
 321              	@ lib/freertos/list.c:216: List_t * const pxList = ( List_t * ) pxItemToRemove->pvContainer;
 322              		.loc 1 216 16 is_stmt 0 view .LVU74
 323 0062 0369     		ldr	r3, [r0, #16]	@ pxList, pxItemToRemove_8(D)->pvContainer
 324              	.LVL13:
 217:lib/freertos/list.c **** 
 218:lib/freertos/list.c **** 	pxItemToRemove->pxNext->pxPrevious = pxItemToRemove->pxPrevious;
 325              		.loc 1 218 2 is_stmt 1 view .LVU75
 326              	@ lib/freertos/list.c:218: 	pxItemToRemove->pxNext->pxPrevious = pxItemToRemove->pxPrevious;
 327              		.loc 1 218 53 is_stmt 0 view .LVU76
 328 0064 D0E90112 		ldrd	r1, r2, [r0, #4]	@ _1, _2, pxItemToRemove,
 329              	@ lib/freertos/list.c:218: 	pxItemToRemove->pxNext->pxPrevious = pxItemToRemove->pxPrevious;
 330              		.loc 1 218 37 view .LVU77
 331 0068 8A60     		str	r2, [r1, #8]	@ _2, _1->pxPrevious
 219:lib/freertos/list.c **** 	pxItemToRemove->pxPrevious->pxNext = pxItemToRemove->pxNext;
 332              		.loc 1 219 2 is_stmt 1 view .LVU78
 333              	@ lib/freertos/list.c:219: 	pxItemToRemove->pxPrevious->pxNext = pxItemToRemove->pxNext;
 334              		.loc 1 219 37 is_stmt 0 view .LVU79
 335 006a 5160     		str	r1, [r2, #4]	@ _1, _2->pxNext
 220:lib/freertos/list.c **** 
 221:lib/freertos/list.c **** 	/* Only used during decision coverage testing. */
 222:lib/freertos/list.c **** 	mtCOVERAGE_TEST_DELAY();
 336              		.loc 1 222 25 is_stmt 1 view .LVU80
ARM GAS  /tmp/ccjxy0Cr.s 			page 11


 223:lib/freertos/list.c **** 
 224:lib/freertos/list.c **** 	/* Make sure the index is left pointing to a valid item. */
 225:lib/freertos/list.c **** 	if( pxList->pxIndex == pxItemToRemove )
 337              		.loc 1 225 2 view .LVU81
 338              	@ lib/freertos/list.c:225: 	if( pxList->pxIndex == pxItemToRemove )
 339              		.loc 1 225 4 is_stmt 0 view .LVU82
 340 006c 5968     		ldr	r1, [r3, #4]	@ pxList_9->pxIndex, pxList_9->pxIndex
 341 006e 8142     		cmp	r1, r0	@ pxList_9->pxIndex, pxItemToRemove
 226:lib/freertos/list.c **** 	{
 227:lib/freertos/list.c **** 		pxList->pxIndex = pxItemToRemove->pxPrevious;
 342              		.loc 1 227 3 is_stmt 1 view .LVU83
 343              	@ lib/freertos/list.c:227: 		pxList->pxIndex = pxItemToRemove->pxPrevious;
 344              		.loc 1 227 19 is_stmt 0 view .LVU84
 345 0070 08BF     		it	eq
 346 0072 5A60     		streq	r2, [r3, #4]	@ _2, pxList_9->pxIndex
 228:lib/freertos/list.c **** 	}
 229:lib/freertos/list.c **** 	else
 230:lib/freertos/list.c **** 	{
 231:lib/freertos/list.c **** 		mtCOVERAGE_TEST_MARKER();
 347              		.loc 1 231 27 is_stmt 1 view .LVU85
 232:lib/freertos/list.c **** 	}
 233:lib/freertos/list.c **** 
 234:lib/freertos/list.c **** 	pxItemToRemove->pvContainer = NULL;
 348              		.loc 1 234 2 view .LVU86
 349              	@ lib/freertos/list.c:234: 	pxItemToRemove->pvContainer = NULL;
 350              		.loc 1 234 30 is_stmt 0 view .LVU87
 351 0074 0022     		movs	r2, #0	@ tmp118,
 352 0076 0261     		str	r2, [r0, #16]	@ tmp118, pxItemToRemove_8(D)->pvContainer
 235:lib/freertos/list.c **** 	( pxList->uxNumberOfItems )--;
 353              		.loc 1 235 2 is_stmt 1 view .LVU88
 354              	@ lib/freertos/list.c:235: 	( pxList->uxNumberOfItems )--;
 355              		.loc 1 235 29 is_stmt 0 view .LVU89
 356 0078 1868     		ldr	r0, [r3]	@ pxList_9->uxNumberOfItems, pxList_9->uxNumberOfItems
 357              	.LVL14:
 358              		.loc 1 235 29 view .LVU90
 359 007a 0138     		subs	r0, r0, #1	@ <retval>, pxList_9->uxNumberOfItems,
 360 007c 1860     		str	r0, [r3]	@ <retval>, pxList_9->uxNumberOfItems
 236:lib/freertos/list.c **** 
 237:lib/freertos/list.c **** 	return pxList->uxNumberOfItems;
 361              		.loc 1 237 2 is_stmt 1 view .LVU91
 362              	@ lib/freertos/list.c:238: }
 238:lib/freertos/list.c **** }
 363              		.loc 1 238 1 is_stmt 0 view .LVU92
 364 007e 7047     		bx	lr	@
 365              		.cfi_endproc
 366              	.LFE9:
 367              		.size	uxListRemove, .-uxListRemove
 368              	.Letext0:
 369              		.file 2 "/usr/lib/gcc/arm-none-eabi/9.2.1/include/stddef.h"
 370              		.file 3 "/usr/include/newlib/sys/_types.h"
 371              		.file 4 "/usr/include/newlib/sys/reent.h"
 372              		.file 5 "/usr/include/newlib/sys/lock.h"
 373              		.file 6 "/usr/include/newlib/stdlib.h"
 374              		.file 7 "/usr/lib/gcc/arm-none-eabi/9.2.1/include/stdint.h"
 375              		.file 8 "./lib/freertos/portable/GCC/ARM_CM3/portmacro.h"
 376              		.file 9 "./lib/freertos/include/list.h"
 377              		.section	.debug_info,"",%progbits
ARM GAS  /tmp/ccjxy0Cr.s 			page 12


 378              	.Ldebug_info0:
 379 0000 6B0C0000 		.4byte	0xc6b
 380 0004 0200     		.2byte	0x2
 381 0006 00000000 		.4byte	.Ldebug_abbrev0
 382 000a 04       		.byte	0x4
 383 000b 01       		.uleb128 0x1
 384 000c B9000000 		.4byte	.LASF145
 385 0010 0C       		.byte	0xc
 386 0011 E6040000 		.4byte	.LASF146
 387 0015 52050000 		.4byte	.LASF147
 388 0019 00000000 		.4byte	.Ltext0
 389 001d 80000000 		.4byte	.Letext0
 390 0021 00000000 		.4byte	.Ldebug_line0
 391 0025 02       		.uleb128 0x2
 392 0026 04       		.byte	0x4
 393 0027 07       		.byte	0x7
 394 0028 7F020000 		.4byte	.LASF0
 395 002c 03       		.uleb128 0x3
 396 002d 04       		.byte	0x4
 397 002e 05       		.byte	0x5
 398 002f 696E7400 		.ascii	"int\000"
 399 0033 02       		.uleb128 0x2
 400 0034 08       		.byte	0x8
 401 0035 05       		.byte	0x5
 402 0036 5B010000 		.4byte	.LASF1
 403 003a 02       		.uleb128 0x2
 404 003b 08       		.byte	0x8
 405 003c 04       		.byte	0x4
 406 003d 4B030000 		.4byte	.LASF2
 407 0041 04       		.uleb128 0x4
 408 0042 15030000 		.4byte	.LASF10
 409 0046 02       		.byte	0x2
 410 0047 5E01     		.2byte	0x15e
 411 0049 17       		.byte	0x17
 412 004a 25000000 		.4byte	0x25
 413 004e 02       		.uleb128 0x2
 414 004f 01       		.byte	0x1
 415 0050 06       		.byte	0x6
 416 0051 69010000 		.4byte	.LASF3
 417 0055 02       		.uleb128 0x2
 418 0056 01       		.byte	0x1
 419 0057 08       		.byte	0x8
 420 0058 F5030000 		.4byte	.LASF4
 421 005c 02       		.uleb128 0x2
 422 005d 02       		.byte	0x2
 423 005e 05       		.byte	0x5
 424 005f 11040000 		.4byte	.LASF5
 425 0063 02       		.uleb128 0x2
 426 0064 02       		.byte	0x2
 427 0065 07       		.byte	0x7
 428 0066 D2020000 		.4byte	.LASF6
 429 006a 02       		.uleb128 0x2
 430 006b 04       		.byte	0x4
 431 006c 05       		.byte	0x5
 432 006d AE010000 		.4byte	.LASF7
 433 0071 02       		.uleb128 0x2
 434 0072 04       		.byte	0x4
ARM GAS  /tmp/ccjxy0Cr.s 			page 13


 435 0073 07       		.byte	0x7
 436 0074 B3020000 		.4byte	.LASF8
 437 0078 02       		.uleb128 0x2
 438 0079 08       		.byte	0x8
 439 007a 07       		.byte	0x7
 440 007b 5A000000 		.4byte	.LASF9
 441 007f 05       		.uleb128 0x5
 442 0080 9E030000 		.4byte	.LASF11
 443 0084 03       		.byte	0x3
 444 0085 2E       		.byte	0x2e
 445 0086 0E       		.byte	0xe
 446 0087 6A000000 		.4byte	0x6a
 447 008b 05       		.uleb128 0x5
 448 008c FA040000 		.4byte	.LASF12
 449 0090 03       		.byte	0x3
 450 0091 74       		.byte	0x74
 451 0092 0E       		.byte	0xe
 452 0093 6A000000 		.4byte	0x6a
 453 0097 06       		.uleb128 0x6
 454 0098 04       		.byte	0x4
 455 0099 03       		.byte	0x3
 456 009a A5       		.byte	0xa5
 457 009b 03       		.byte	0x3
 458 009c B9000000 		.4byte	0xb9
 459 00a0 07       		.uleb128 0x7
 460 00a1 0F030000 		.4byte	.LASF13
 461 00a5 03       		.byte	0x3
 462 00a6 A7       		.byte	0xa7
 463 00a7 0C       		.byte	0xc
 464 00a8 41000000 		.4byte	0x41
 465 00ac 07       		.uleb128 0x7
 466 00ad 8C020000 		.4byte	.LASF14
 467 00b1 03       		.byte	0x3
 468 00b2 A8       		.byte	0xa8
 469 00b3 13       		.byte	0x13
 470 00b4 B9000000 		.4byte	0xb9
 471 00b8 00       		.byte	0
 472 00b9 08       		.uleb128 0x8
 473 00ba 55000000 		.4byte	0x55
 474 00be C9000000 		.4byte	0xc9
 475 00c2 09       		.uleb128 0x9
 476 00c3 25000000 		.4byte	0x25
 477 00c7 03       		.byte	0x3
 478 00c8 00       		.byte	0
 479 00c9 0A       		.uleb128 0xa
 480 00ca 08       		.byte	0x8
 481 00cb 03       		.byte	0x3
 482 00cc A2       		.byte	0xa2
 483 00cd 09       		.byte	0x9
 484 00ce F1000000 		.4byte	0xf1
 485 00d2 0B       		.uleb128 0xb
 486 00d3 C4040000 		.4byte	.LASF15
 487 00d7 03       		.byte	0x3
 488 00d8 A4       		.byte	0xa4
 489 00d9 07       		.byte	0x7
 490 00da 2C000000 		.4byte	0x2c
 491 00de 02       		.byte	0x2
ARM GAS  /tmp/ccjxy0Cr.s 			page 14


 492 00df 23       		.byte	0x23
 493 00e0 00       		.uleb128 0
 494 00e1 0B       		.uleb128 0xb
 495 00e2 CC040000 		.4byte	.LASF16
 496 00e6 03       		.byte	0x3
 497 00e7 A9       		.byte	0xa9
 498 00e8 05       		.byte	0x5
 499 00e9 97000000 		.4byte	0x97
 500 00ed 02       		.byte	0x2
 501 00ee 23       		.byte	0x23
 502 00ef 04       		.uleb128 0x4
 503 00f0 00       		.byte	0
 504 00f1 05       		.uleb128 0x5
 505 00f2 39040000 		.4byte	.LASF17
 506 00f6 03       		.byte	0x3
 507 00f7 AA       		.byte	0xaa
 508 00f8 03       		.byte	0x3
 509 00f9 C9000000 		.4byte	0xc9
 510 00fd 0C       		.uleb128 0xc
 511 00fe 04       		.byte	0x4
 512 00ff 05       		.uleb128 0x5
 513 0100 91050000 		.4byte	.LASF18
 514 0104 04       		.byte	0x4
 515 0105 16       		.byte	0x16
 516 0106 19       		.byte	0x19
 517 0107 71000000 		.4byte	0x71
 518 010b 05       		.uleb128 0x5
 519 010c E3030000 		.4byte	.LASF19
 520 0110 05       		.byte	0x5
 521 0111 0C       		.byte	0xc
 522 0112 0D       		.byte	0xd
 523 0113 2C000000 		.4byte	0x2c
 524 0117 05       		.uleb128 0x5
 525 0118 42020000 		.4byte	.LASF20
 526 011c 04       		.byte	0x4
 527 011d 23       		.byte	0x23
 528 011e 1B       		.byte	0x1b
 529 011f 0B010000 		.4byte	0x10b
 530 0123 0D       		.uleb128 0xd
 531 0124 53020000 		.4byte	.LASF25
 532 0128 18       		.byte	0x18
 533 0129 04       		.byte	0x4
 534 012a 34       		.byte	0x34
 535 012b 08       		.byte	0x8
 536 012c 89010000 		.4byte	0x189
 537 0130 0B       		.uleb128 0xb
 538 0131 3F050000 		.4byte	.LASF21
 539 0135 04       		.byte	0x4
 540 0136 36       		.byte	0x36
 541 0137 13       		.byte	0x13
 542 0138 89010000 		.4byte	0x189
 543 013c 02       		.byte	0x2
 544 013d 23       		.byte	0x23
 545 013e 00       		.uleb128 0
 546 013f 0E       		.uleb128 0xe
 547 0140 5F6B00   		.ascii	"_k\000"
 548 0143 04       		.byte	0x4
ARM GAS  /tmp/ccjxy0Cr.s 			page 15


 549 0144 37       		.byte	0x37
 550 0145 07       		.byte	0x7
 551 0146 2C000000 		.4byte	0x2c
 552 014a 02       		.byte	0x2
 553 014b 23       		.byte	0x23
 554 014c 04       		.uleb128 0x4
 555 014d 0B       		.uleb128 0xb
 556 014e AF040000 		.4byte	.LASF22
 557 0152 04       		.byte	0x4
 558 0153 37       		.byte	0x37
 559 0154 0B       		.byte	0xb
 560 0155 2C000000 		.4byte	0x2c
 561 0159 02       		.byte	0x2
 562 015a 23       		.byte	0x23
 563 015b 08       		.uleb128 0x8
 564 015c 0B       		.uleb128 0xb
 565 015d 3C020000 		.4byte	.LASF23
 566 0161 04       		.byte	0x4
 567 0162 37       		.byte	0x37
 568 0163 14       		.byte	0x14
 569 0164 2C000000 		.4byte	0x2c
 570 0168 02       		.byte	0x2
 571 0169 23       		.byte	0x23
 572 016a 0C       		.uleb128 0xc
 573 016b 0B       		.uleb128 0xb
 574 016c E3050000 		.4byte	.LASF24
 575 0170 04       		.byte	0x4
 576 0171 37       		.byte	0x37
 577 0172 1B       		.byte	0x1b
 578 0173 2C000000 		.4byte	0x2c
 579 0177 02       		.byte	0x2
 580 0178 23       		.byte	0x23
 581 0179 10       		.uleb128 0x10
 582 017a 0E       		.uleb128 0xe
 583 017b 5F7800   		.ascii	"_x\000"
 584 017e 04       		.byte	0x4
 585 017f 38       		.byte	0x38
 586 0180 0B       		.byte	0xb
 587 0181 8F010000 		.4byte	0x18f
 588 0185 02       		.byte	0x2
 589 0186 23       		.byte	0x23
 590 0187 14       		.uleb128 0x14
 591 0188 00       		.byte	0
 592 0189 0F       		.uleb128 0xf
 593 018a 04       		.byte	0x4
 594 018b 23010000 		.4byte	0x123
 595 018f 08       		.uleb128 0x8
 596 0190 FF000000 		.4byte	0xff
 597 0194 9F010000 		.4byte	0x19f
 598 0198 09       		.uleb128 0x9
 599 0199 25000000 		.4byte	0x25
 600 019d 00       		.byte	0
 601 019e 00       		.byte	0
 602 019f 0D       		.uleb128 0xd
 603 01a0 7A020000 		.4byte	.LASF26
 604 01a4 24       		.byte	0x24
 605 01a5 04       		.byte	0x4
ARM GAS  /tmp/ccjxy0Cr.s 			page 16


 606 01a6 3C       		.byte	0x3c
 607 01a7 08       		.byte	0x8
 608 01a8 34020000 		.4byte	0x234
 609 01ac 0B       		.uleb128 0xb
 610 01ad DA050000 		.4byte	.LASF27
 611 01b1 04       		.byte	0x4
 612 01b2 3E       		.byte	0x3e
 613 01b3 09       		.byte	0x9
 614 01b4 2C000000 		.4byte	0x2c
 615 01b8 02       		.byte	0x2
 616 01b9 23       		.byte	0x23
 617 01ba 00       		.uleb128 0
 618 01bb 0B       		.uleb128 0xb
 619 01bc 15050000 		.4byte	.LASF28
 620 01c0 04       		.byte	0x4
 621 01c1 3F       		.byte	0x3f
 622 01c2 09       		.byte	0x9
 623 01c3 2C000000 		.4byte	0x2c
 624 01c7 02       		.byte	0x2
 625 01c8 23       		.byte	0x23
 626 01c9 04       		.uleb128 0x4
 627 01ca 0B       		.uleb128 0xb
 628 01cb 81010000 		.4byte	.LASF29
 629 01cf 04       		.byte	0x4
 630 01d0 40       		.byte	0x40
 631 01d1 09       		.byte	0x9
 632 01d2 2C000000 		.4byte	0x2c
 633 01d6 02       		.byte	0x2
 634 01d7 23       		.byte	0x23
 635 01d8 08       		.uleb128 0x8
 636 01d9 0B       		.uleb128 0xb
 637 01da 98060000 		.4byte	.LASF30
 638 01de 04       		.byte	0x4
 639 01df 41       		.byte	0x41
 640 01e0 09       		.byte	0x9
 641 01e1 2C000000 		.4byte	0x2c
 642 01e5 02       		.byte	0x2
 643 01e6 23       		.byte	0x23
 644 01e7 0C       		.uleb128 0xc
 645 01e8 0B       		.uleb128 0xb
 646 01e9 78030000 		.4byte	.LASF31
 647 01ed 04       		.byte	0x4
 648 01ee 42       		.byte	0x42
 649 01ef 09       		.byte	0x9
 650 01f0 2C000000 		.4byte	0x2c
 651 01f4 02       		.byte	0x2
 652 01f5 23       		.byte	0x23
 653 01f6 10       		.uleb128 0x10
 654 01f7 0B       		.uleb128 0xb
 655 01f8 31030000 		.4byte	.LASF32
 656 01fc 04       		.byte	0x4
 657 01fd 43       		.byte	0x43
 658 01fe 09       		.byte	0x9
 659 01ff 2C000000 		.4byte	0x2c
 660 0203 02       		.byte	0x2
 661 0204 23       		.byte	0x23
 662 0205 14       		.uleb128 0x14
ARM GAS  /tmp/ccjxy0Cr.s 			page 17


 663 0206 0B       		.uleb128 0xb
 664 0207 E8050000 		.4byte	.LASF33
 665 020b 04       		.byte	0x4
 666 020c 44       		.byte	0x44
 667 020d 09       		.byte	0x9
 668 020e 2C000000 		.4byte	0x2c
 669 0212 02       		.byte	0x2
 670 0213 23       		.byte	0x23
 671 0214 18       		.uleb128 0x18
 672 0215 0B       		.uleb128 0xb
 673 0216 1B040000 		.4byte	.LASF34
 674 021a 04       		.byte	0x4
 675 021b 45       		.byte	0x45
 676 021c 09       		.byte	0x9
 677 021d 2C000000 		.4byte	0x2c
 678 0221 02       		.byte	0x2
 679 0222 23       		.byte	0x23
 680 0223 1C       		.uleb128 0x1c
 681 0224 0B       		.uleb128 0xb
 682 0225 48060000 		.4byte	.LASF35
 683 0229 04       		.byte	0x4
 684 022a 46       		.byte	0x46
 685 022b 09       		.byte	0x9
 686 022c 2C000000 		.4byte	0x2c
 687 0230 02       		.byte	0x2
 688 0231 23       		.byte	0x23
 689 0232 20       		.uleb128 0x20
 690 0233 00       		.byte	0
 691 0234 10       		.uleb128 0x10
 692 0235 90010000 		.4byte	.LASF36
 693 0239 0801     		.2byte	0x108
 694 023b 04       		.byte	0x4
 695 023c 4F       		.byte	0x4f
 696 023d 08       		.byte	0x8
 697 023e 82020000 		.4byte	0x282
 698 0242 0B       		.uleb128 0xb
 699 0243 1B020000 		.4byte	.LASF37
 700 0247 04       		.byte	0x4
 701 0248 50       		.byte	0x50
 702 0249 0A       		.byte	0xa
 703 024a 82020000 		.4byte	0x282
 704 024e 02       		.byte	0x2
 705 024f 23       		.byte	0x23
 706 0250 00       		.uleb128 0
 707 0251 0B       		.uleb128 0xb
 708 0252 00000000 		.4byte	.LASF38
 709 0256 04       		.byte	0x4
 710 0257 51       		.byte	0x51
 711 0258 09       		.byte	0x9
 712 0259 82020000 		.4byte	0x282
 713 025d 03       		.byte	0x3
 714 025e 23       		.byte	0x23
 715 025f 8001     		.uleb128 0x80
 716 0261 0B       		.uleb128 0xb
 717 0262 78050000 		.4byte	.LASF39
 718 0266 04       		.byte	0x4
 719 0267 53       		.byte	0x53
ARM GAS  /tmp/ccjxy0Cr.s 			page 18


 720 0268 0A       		.byte	0xa
 721 0269 FF000000 		.4byte	0xff
 722 026d 03       		.byte	0x3
 723 026e 23       		.byte	0x23
 724 026f 8002     		.uleb128 0x100
 725 0271 0B       		.uleb128 0xb
 726 0272 BE010000 		.4byte	.LASF40
 727 0276 04       		.byte	0x4
 728 0277 56       		.byte	0x56
 729 0278 0A       		.byte	0xa
 730 0279 FF000000 		.4byte	0xff
 731 027d 03       		.byte	0x3
 732 027e 23       		.byte	0x23
 733 027f 8402     		.uleb128 0x104
 734 0281 00       		.byte	0
 735 0282 08       		.uleb128 0x8
 736 0283 FD000000 		.4byte	0xfd
 737 0287 92020000 		.4byte	0x292
 738 028b 09       		.uleb128 0x9
 739 028c 25000000 		.4byte	0x25
 740 0290 1F       		.byte	0x1f
 741 0291 00       		.byte	0
 742 0292 10       		.uleb128 0x10
 743 0293 81030000 		.4byte	.LASF41
 744 0297 9001     		.2byte	0x190
 745 0299 04       		.byte	0x4
 746 029a 62       		.byte	0x62
 747 029b 08       		.byte	0x8
 748 029c DE020000 		.4byte	0x2de
 749 02a0 0B       		.uleb128 0xb
 750 02a1 3F050000 		.4byte	.LASF21
 751 02a5 04       		.byte	0x4
 752 02a6 63       		.byte	0x63
 753 02a7 12       		.byte	0x12
 754 02a8 DE020000 		.4byte	0x2de
 755 02ac 02       		.byte	0x2
 756 02ad 23       		.byte	0x23
 757 02ae 00       		.uleb128 0
 758 02af 0B       		.uleb128 0xb
 759 02b0 78040000 		.4byte	.LASF42
 760 02b4 04       		.byte	0x4
 761 02b5 64       		.byte	0x64
 762 02b6 06       		.byte	0x6
 763 02b7 2C000000 		.4byte	0x2c
 764 02bb 02       		.byte	0x2
 765 02bc 23       		.byte	0x23
 766 02bd 04       		.uleb128 0x4
 767 02be 0B       		.uleb128 0xb
 768 02bf 23020000 		.4byte	.LASF43
 769 02c3 04       		.byte	0x4
 770 02c4 66       		.byte	0x66
 771 02c5 09       		.byte	0x9
 772 02c6 E4020000 		.4byte	0x2e4
 773 02ca 02       		.byte	0x2
 774 02cb 23       		.byte	0x23
 775 02cc 08       		.uleb128 0x8
 776 02cd 0B       		.uleb128 0xb
ARM GAS  /tmp/ccjxy0Cr.s 			page 19


 777 02ce 90010000 		.4byte	.LASF36
 778 02d2 04       		.byte	0x4
 779 02d3 67       		.byte	0x67
 780 02d4 1E       		.byte	0x1e
 781 02d5 34020000 		.4byte	0x234
 782 02d9 03       		.byte	0x3
 783 02da 23       		.byte	0x23
 784 02db 8801     		.uleb128 0x88
 785 02dd 00       		.byte	0
 786 02de 0F       		.uleb128 0xf
 787 02df 04       		.byte	0x4
 788 02e0 92020000 		.4byte	0x292
 789 02e4 08       		.uleb128 0x8
 790 02e5 F4020000 		.4byte	0x2f4
 791 02e9 F4020000 		.4byte	0x2f4
 792 02ed 09       		.uleb128 0x9
 793 02ee 25000000 		.4byte	0x25
 794 02f2 1F       		.byte	0x1f
 795 02f3 00       		.byte	0
 796 02f4 0F       		.uleb128 0xf
 797 02f5 04       		.byte	0x4
 798 02f6 FA020000 		.4byte	0x2fa
 799 02fa 11       		.uleb128 0x11
 800 02fb 01       		.byte	0x1
 801 02fc 0D       		.uleb128 0xd
 802 02fd 25040000 		.4byte	.LASF44
 803 0301 08       		.byte	0x8
 804 0302 04       		.byte	0x4
 805 0303 7A       		.byte	0x7a
 806 0304 08       		.byte	0x8
 807 0305 28030000 		.4byte	0x328
 808 0309 0B       		.uleb128 0xb
 809 030a 7B010000 		.4byte	.LASF45
 810 030e 04       		.byte	0x4
 811 030f 7B       		.byte	0x7b
 812 0310 11       		.byte	0x11
 813 0311 28030000 		.4byte	0x328
 814 0315 02       		.byte	0x2
 815 0316 23       		.byte	0x23
 816 0317 00       		.uleb128 0
 817 0318 0B       		.uleb128 0xb
 818 0319 0C000000 		.4byte	.LASF46
 819 031d 04       		.byte	0x4
 820 031e 7C       		.byte	0x7c
 821 031f 06       		.byte	0x6
 822 0320 2C000000 		.4byte	0x2c
 823 0324 02       		.byte	0x2
 824 0325 23       		.byte	0x23
 825 0326 04       		.uleb128 0x4
 826 0327 00       		.byte	0
 827 0328 0F       		.uleb128 0xf
 828 0329 04       		.byte	0x4
 829 032a 55000000 		.4byte	0x55
 830 032e 0D       		.uleb128 0xd
 831 032f 44040000 		.4byte	.LASF47
 832 0333 68       		.byte	0x68
 833 0334 04       		.byte	0x4
ARM GAS  /tmp/ccjxy0Cr.s 			page 20


 834 0335 BA       		.byte	0xba
 835 0336 08       		.byte	0x8
 836 0337 A1040000 		.4byte	0x4a1
 837 033b 0E       		.uleb128 0xe
 838 033c 5F7000   		.ascii	"_p\000"
 839 033f 04       		.byte	0x4
 840 0340 BB       		.byte	0xbb
 841 0341 12       		.byte	0x12
 842 0342 28030000 		.4byte	0x328
 843 0346 02       		.byte	0x2
 844 0347 23       		.byte	0x23
 845 0348 00       		.uleb128 0
 846 0349 0E       		.uleb128 0xe
 847 034a 5F7200   		.ascii	"_r\000"
 848 034d 04       		.byte	0x4
 849 034e BC       		.byte	0xbc
 850 034f 07       		.byte	0x7
 851 0350 2C000000 		.4byte	0x2c
 852 0354 02       		.byte	0x2
 853 0355 23       		.byte	0x23
 854 0356 04       		.uleb128 0x4
 855 0357 0E       		.uleb128 0xe
 856 0358 5F7700   		.ascii	"_w\000"
 857 035b 04       		.byte	0x4
 858 035c BD       		.byte	0xbd
 859 035d 07       		.byte	0x7
 860 035e 2C000000 		.4byte	0x2c
 861 0362 02       		.byte	0x2
 862 0363 23       		.byte	0x23
 863 0364 08       		.uleb128 0x8
 864 0365 0B       		.uleb128 0xb
 865 0366 B7010000 		.4byte	.LASF48
 866 036a 04       		.byte	0x4
 867 036b BE       		.byte	0xbe
 868 036c 09       		.byte	0x9
 869 036d 5C000000 		.4byte	0x5c
 870 0371 02       		.byte	0x2
 871 0372 23       		.byte	0x23
 872 0373 0C       		.uleb128 0xc
 873 0374 0B       		.uleb128 0xb
 874 0375 C5020000 		.4byte	.LASF49
 875 0379 04       		.byte	0x4
 876 037a BF       		.byte	0xbf
 877 037b 09       		.byte	0x9
 878 037c 5C000000 		.4byte	0x5c
 879 0380 02       		.byte	0x2
 880 0381 23       		.byte	0x23
 881 0382 0E       		.uleb128 0xe
 882 0383 0E       		.uleb128 0xe
 883 0384 5F626600 		.ascii	"_bf\000"
 884 0388 04       		.byte	0x4
 885 0389 C0       		.byte	0xc0
 886 038a 11       		.byte	0x11
 887 038b FC020000 		.4byte	0x2fc
 888 038f 02       		.byte	0x2
 889 0390 23       		.byte	0x23
 890 0391 10       		.uleb128 0x10
ARM GAS  /tmp/ccjxy0Cr.s 			page 21


 891 0392 0B       		.uleb128 0xb
 892 0393 71000000 		.4byte	.LASF50
 893 0397 04       		.byte	0x4
 894 0398 C1       		.byte	0xc1
 895 0399 07       		.byte	0x7
 896 039a 2C000000 		.4byte	0x2c
 897 039e 02       		.byte	0x2
 898 039f 23       		.byte	0x23
 899 03a0 18       		.uleb128 0x18
 900 03a1 0B       		.uleb128 0xb
 901 03a2 9E010000 		.4byte	.LASF51
 902 03a6 04       		.byte	0x4
 903 03a7 C8       		.byte	0xc8
 904 03a8 0A       		.byte	0xa
 905 03a9 FD000000 		.4byte	0xfd
 906 03ad 02       		.byte	0x2
 907 03ae 23       		.byte	0x23
 908 03af 1C       		.uleb128 0x1c
 909 03b0 0B       		.uleb128 0xb
 910 03b1 6A020000 		.4byte	.LASF52
 911 03b5 04       		.byte	0x4
 912 03b6 CA       		.byte	0xca
 913 03b7 1D       		.byte	0x1d
 914 03b8 52060000 		.4byte	0x652
 915 03bc 02       		.byte	0x2
 916 03bd 23       		.byte	0x23
 917 03be 20       		.uleb128 0x20
 918 03bf 0B       		.uleb128 0xb
 919 03c0 2A030000 		.4byte	.LASF53
 920 03c4 04       		.byte	0x4
 921 03c5 CC       		.byte	0xcc
 922 03c6 1D       		.byte	0x1d
 923 03c7 7D060000 		.4byte	0x67d
 924 03cb 02       		.byte	0x2
 925 03cc 23       		.byte	0x23
 926 03cd 24       		.uleb128 0x24
 927 03ce 0B       		.uleb128 0xb
 928 03cf D4040000 		.4byte	.LASF54
 929 03d3 04       		.byte	0x4
 930 03d4 CF       		.byte	0xcf
 931 03d5 0D       		.byte	0xd
 932 03d6 A2060000 		.4byte	0x6a2
 933 03da 02       		.byte	0x2
 934 03db 23       		.byte	0x23
 935 03dc 28       		.uleb128 0x28
 936 03dd 0B       		.uleb128 0xb
 937 03de 62060000 		.4byte	.LASF55
 938 03e2 04       		.byte	0x4
 939 03e3 D0       		.byte	0xd0
 940 03e4 09       		.byte	0x9
 941 03e5 BD060000 		.4byte	0x6bd
 942 03e9 02       		.byte	0x2
 943 03ea 23       		.byte	0x23
 944 03eb 2C       		.uleb128 0x2c
 945 03ec 0E       		.uleb128 0xe
 946 03ed 5F756200 		.ascii	"_ub\000"
 947 03f1 04       		.byte	0x4
ARM GAS  /tmp/ccjxy0Cr.s 			page 22


 948 03f2 D3       		.byte	0xd3
 949 03f3 11       		.byte	0x11
 950 03f4 FC020000 		.4byte	0x2fc
 951 03f8 02       		.byte	0x2
 952 03f9 23       		.byte	0x23
 953 03fa 30       		.uleb128 0x30
 954 03fb 0E       		.uleb128 0xe
 955 03fc 5F757000 		.ascii	"_up\000"
 956 0400 04       		.byte	0x4
 957 0401 D4       		.byte	0xd4
 958 0402 12       		.byte	0x12
 959 0403 28030000 		.4byte	0x328
 960 0407 02       		.byte	0x2
 961 0408 23       		.byte	0x23
 962 0409 38       		.uleb128 0x38
 963 040a 0E       		.uleb128 0xe
 964 040b 5F757200 		.ascii	"_ur\000"
 965 040f 04       		.byte	0x4
 966 0410 D5       		.byte	0xd5
 967 0411 07       		.byte	0x7
 968 0412 2C000000 		.4byte	0x2c
 969 0416 02       		.byte	0x2
 970 0417 23       		.byte	0x23
 971 0418 3C       		.uleb128 0x3c
 972 0419 0B       		.uleb128 0xb
 973 041a 75010000 		.4byte	.LASF56
 974 041e 04       		.byte	0x4
 975 041f D8       		.byte	0xd8
 976 0420 11       		.byte	0x11
 977 0421 C3060000 		.4byte	0x6c3
 978 0425 02       		.byte	0x2
 979 0426 23       		.byte	0x23
 980 0427 40       		.uleb128 0x40
 981 0428 0B       		.uleb128 0xb
 982 0429 3A060000 		.4byte	.LASF57
 983 042d 04       		.byte	0x4
 984 042e D9       		.byte	0xd9
 985 042f 11       		.byte	0x11
 986 0430 D3060000 		.4byte	0x6d3
 987 0434 02       		.byte	0x2
 988 0435 23       		.byte	0x23
 989 0436 43       		.uleb128 0x43
 990 0437 0E       		.uleb128 0xe
 991 0438 5F6C6200 		.ascii	"_lb\000"
 992 043c 04       		.byte	0x4
 993 043d DC       		.byte	0xdc
 994 043e 11       		.byte	0x11
 995 043f FC020000 		.4byte	0x2fc
 996 0443 02       		.byte	0x2
 997 0444 23       		.byte	0x23
 998 0445 44       		.uleb128 0x44
 999 0446 0B       		.uleb128 0xb
 1000 0447 CD010000 		.4byte	.LASF58
 1001 044b 04       		.byte	0x4
 1002 044c DF       		.byte	0xdf
 1003 044d 07       		.byte	0x7
 1004 044e 2C000000 		.4byte	0x2c
ARM GAS  /tmp/ccjxy0Cr.s 			page 23


 1005 0452 02       		.byte	0x2
 1006 0453 23       		.byte	0x23
 1007 0454 4C       		.uleb128 0x4c
 1008 0455 0B       		.uleb128 0xb
 1009 0456 DE010000 		.4byte	.LASF59
 1010 045a 04       		.byte	0x4
 1011 045b E0       		.byte	0xe0
 1012 045c 0A       		.byte	0xa
 1013 045d 7F000000 		.4byte	0x7f
 1014 0461 02       		.byte	0x2
 1015 0462 23       		.byte	0x23
 1016 0463 50       		.uleb128 0x50
 1017 0464 0B       		.uleb128 0xb
 1018 0465 34000000 		.4byte	.LASF60
 1019 0469 04       		.byte	0x4
 1020 046a E3       		.byte	0xe3
 1021 046b 12       		.byte	0x12
 1022 046c C0040000 		.4byte	0x4c0
 1023 0470 02       		.byte	0x2
 1024 0471 23       		.byte	0x23
 1025 0472 54       		.uleb128 0x54
 1026 0473 0B       		.uleb128 0xb
 1027 0474 1C030000 		.4byte	.LASF61
 1028 0478 04       		.byte	0x4
 1029 0479 E7       		.byte	0xe7
 1030 047a 0C       		.byte	0xc
 1031 047b 17010000 		.4byte	0x117
 1032 047f 02       		.byte	0x2
 1033 0480 23       		.byte	0x23
 1034 0481 58       		.uleb128 0x58
 1035 0482 0B       		.uleb128 0xb
 1036 0483 4C040000 		.4byte	.LASF62
 1037 0487 04       		.byte	0x4
 1038 0488 E9       		.byte	0xe9
 1039 0489 0E       		.byte	0xe
 1040 048a F1000000 		.4byte	0xf1
 1041 048e 02       		.byte	0x2
 1042 048f 23       		.byte	0x23
 1043 0490 5C       		.uleb128 0x5c
 1044 0491 0B       		.uleb128 0xb
 1045 0492 22030000 		.4byte	.LASF63
 1046 0496 04       		.byte	0x4
 1047 0497 EA       		.byte	0xea
 1048 0498 09       		.byte	0x9
 1049 0499 2C000000 		.4byte	0x2c
 1050 049d 02       		.byte	0x2
 1051 049e 23       		.byte	0x23
 1052 049f 64       		.uleb128 0x64
 1053 04a0 00       		.byte	0
 1054 04a1 12       		.uleb128 0x12
 1055 04a2 01       		.byte	0x1
 1056 04a3 2C000000 		.4byte	0x2c
 1057 04a7 C0040000 		.4byte	0x4c0
 1058 04ab 13       		.uleb128 0x13
 1059 04ac C0040000 		.4byte	0x4c0
 1060 04b0 13       		.uleb128 0x13
 1061 04b1 FD000000 		.4byte	0xfd
ARM GAS  /tmp/ccjxy0Cr.s 			page 24


 1062 04b5 13       		.uleb128 0x13
 1063 04b6 40060000 		.4byte	0x640
 1064 04ba 13       		.uleb128 0x13
 1065 04bb 2C000000 		.4byte	0x2c
 1066 04bf 00       		.byte	0
 1067 04c0 0F       		.uleb128 0xf
 1068 04c1 04       		.byte	0x4
 1069 04c2 CB040000 		.4byte	0x4cb
 1070 04c6 14       		.uleb128 0x14
 1071 04c7 C0040000 		.4byte	0x4c0
 1072 04cb 15       		.uleb128 0x15
 1073 04cc B7040000 		.4byte	.LASF64
 1074 04d0 2804     		.2byte	0x428
 1075 04d2 04       		.byte	0x4
 1076 04d3 6502     		.2byte	0x265
 1077 04d5 08       		.byte	0x8
 1078 04d6 40060000 		.4byte	0x640
 1079 04da 16       		.uleb128 0x16
 1080 04db 02050000 		.4byte	.LASF65
 1081 04df 04       		.byte	0x4
 1082 04e0 6702     		.2byte	0x267
 1083 04e2 07       		.byte	0x7
 1084 04e3 2C000000 		.4byte	0x2c
 1085 04e7 02       		.byte	0x2
 1086 04e8 23       		.byte	0x23
 1087 04e9 00       		.uleb128 0
 1088 04ea 16       		.uleb128 0x16
 1089 04eb C6010000 		.4byte	.LASF66
 1090 04ef 04       		.byte	0x4
 1091 04f0 6C02     		.2byte	0x26c
 1092 04f2 0B       		.byte	0xb
 1093 04f3 35070000 		.4byte	0x735
 1094 04f7 02       		.byte	0x2
 1095 04f8 23       		.byte	0x23
 1096 04f9 04       		.uleb128 0x4
 1097 04fa 16       		.uleb128 0x16
 1098 04fb 93020000 		.4byte	.LASF67
 1099 04ff 04       		.byte	0x4
 1100 0500 6C02     		.2byte	0x26c
 1101 0502 14       		.byte	0x14
 1102 0503 35070000 		.4byte	0x735
 1103 0507 02       		.byte	0x2
 1104 0508 23       		.byte	0x23
 1105 0509 08       		.uleb128 0x8
 1106 050a 16       		.uleb128 0x16
 1107 050b 4B020000 		.4byte	.LASF68
 1108 050f 04       		.byte	0x4
 1109 0510 6C02     		.2byte	0x26c
 1110 0512 1E       		.byte	0x1e
 1111 0513 35070000 		.4byte	0x735
 1112 0517 02       		.byte	0x2
 1113 0518 23       		.byte	0x23
 1114 0519 0C       		.uleb128 0xc
 1115 051a 16       		.uleb128 0x16
 1116 051b 73040000 		.4byte	.LASF69
 1117 051f 04       		.byte	0x4
 1118 0520 6E02     		.2byte	0x26e
ARM GAS  /tmp/ccjxy0Cr.s 			page 25


 1119 0522 08       		.byte	0x8
 1120 0523 2C000000 		.4byte	0x2c
 1121 0527 02       		.byte	0x2
 1122 0528 23       		.byte	0x23
 1123 0529 10       		.uleb128 0x10
 1124 052a 16       		.uleb128 0x16
 1125 052b 29000000 		.4byte	.LASF70
 1126 052f 04       		.byte	0x4
 1127 0530 6F02     		.2byte	0x26f
 1128 0532 08       		.byte	0x8
 1129 0533 6E090000 		.4byte	0x96e
 1130 0537 02       		.byte	0x2
 1131 0538 23       		.byte	0x23
 1132 0539 14       		.uleb128 0x14
 1133 053a 16       		.uleb128 0x16
 1134 053b 96040000 		.4byte	.LASF71
 1135 053f 04       		.byte	0x4
 1136 0540 7202     		.2byte	0x272
 1137 0542 07       		.byte	0x7
 1138 0543 2C000000 		.4byte	0x2c
 1139 0547 02       		.byte	0x2
 1140 0548 23       		.byte	0x23
 1141 0549 30       		.uleb128 0x30
 1142 054a 16       		.uleb128 0x16
 1143 054b 84040000 		.4byte	.LASF72
 1144 054f 04       		.byte	0x4
 1145 0550 7302     		.2byte	0x273
 1146 0552 16       		.byte	0x16
 1147 0553 84090000 		.4byte	0x984
 1148 0557 02       		.byte	0x2
 1149 0558 23       		.byte	0x23
 1150 0559 34       		.uleb128 0x34
 1151 055a 16       		.uleb128 0x16
 1152 055b 93030000 		.4byte	.LASF73
 1153 055f 04       		.byte	0x4
 1154 0560 7502     		.2byte	0x275
 1155 0562 07       		.byte	0x7
 1156 0563 2C000000 		.4byte	0x2c
 1157 0567 02       		.byte	0x2
 1158 0568 23       		.byte	0x23
 1159 0569 38       		.uleb128 0x38
 1160 056a 16       		.uleb128 0x16
 1161 056b 8C040000 		.4byte	.LASF74
 1162 056f 04       		.byte	0x4
 1163 0570 7702     		.2byte	0x277
 1164 0572 0A       		.byte	0xa
 1165 0573 96090000 		.4byte	0x996
 1166 0577 02       		.byte	0x2
 1167 0578 23       		.byte	0x23
 1168 0579 3C       		.uleb128 0x3c
 1169 057a 16       		.uleb128 0x16
 1170 057b 07030000 		.4byte	.LASF75
 1171 057f 04       		.byte	0x4
 1172 0580 7A02     		.2byte	0x27a
 1173 0582 13       		.byte	0x13
 1174 0583 89010000 		.4byte	0x189
 1175 0587 02       		.byte	0x2
ARM GAS  /tmp/ccjxy0Cr.s 			page 26


 1176 0588 23       		.byte	0x23
 1177 0589 40       		.uleb128 0x40
 1178 058a 16       		.uleb128 0x16
 1179 058b 70020000 		.4byte	.LASF76
 1180 058f 04       		.byte	0x4
 1181 0590 7B02     		.2byte	0x27b
 1182 0592 07       		.byte	0x7
 1183 0593 2C000000 		.4byte	0x2c
 1184 0597 02       		.byte	0x2
 1185 0598 23       		.byte	0x23
 1186 0599 44       		.uleb128 0x44
 1187 059a 16       		.uleb128 0x16
 1188 059b 87060000 		.4byte	.LASF77
 1189 059f 04       		.byte	0x4
 1190 05a0 7C02     		.2byte	0x27c
 1191 05a2 13       		.byte	0x13
 1192 05a3 89010000 		.4byte	0x189
 1193 05a7 02       		.byte	0x2
 1194 05a8 23       		.byte	0x23
 1195 05a9 48       		.uleb128 0x48
 1196 05aa 16       		.uleb128 0x16
 1197 05ab B8030000 		.4byte	.LASF78
 1198 05af 04       		.byte	0x4
 1199 05b0 7D02     		.2byte	0x27d
 1200 05b2 14       		.byte	0x14
 1201 05b3 9C090000 		.4byte	0x99c
 1202 05b7 02       		.byte	0x2
 1203 05b8 23       		.byte	0x23
 1204 05b9 4C       		.uleb128 0x4c
 1205 05ba 16       		.uleb128 0x16
 1206 05bb 9B020000 		.4byte	.LASF79
 1207 05bf 04       		.byte	0x4
 1208 05c0 8002     		.2byte	0x280
 1209 05c2 07       		.byte	0x7
 1210 05c3 2C000000 		.4byte	0x2c
 1211 05c7 02       		.byte	0x2
 1212 05c8 23       		.byte	0x23
 1213 05c9 50       		.uleb128 0x50
 1214 05ca 16       		.uleb128 0x16
 1215 05cb D6010000 		.4byte	.LASF80
 1216 05cf 04       		.byte	0x4
 1217 05d0 8102     		.2byte	0x281
 1218 05d2 09       		.byte	0x9
 1219 05d3 40060000 		.4byte	0x640
 1220 05d7 02       		.byte	0x2
 1221 05d8 23       		.byte	0x23
 1222 05d9 54       		.uleb128 0x54
 1223 05da 16       		.uleb128 0x16
 1224 05db 03040000 		.4byte	.LASF81
 1225 05df 04       		.byte	0x4
 1226 05e0 A402     		.2byte	0x2a4
 1227 05e2 07       		.byte	0x7
 1228 05e3 49090000 		.4byte	0x949
 1229 05e7 02       		.byte	0x2
 1230 05e8 23       		.byte	0x23
 1231 05e9 58       		.uleb128 0x58
 1232 05ea 16       		.uleb128 0x16
ARM GAS  /tmp/ccjxy0Cr.s 			page 27


 1233 05eb 81030000 		.4byte	.LASF41
 1234 05ef 04       		.byte	0x4
 1235 05f0 A802     		.2byte	0x2a8
 1236 05f2 13       		.byte	0x13
 1237 05f3 DE020000 		.4byte	0x2de
 1238 05f7 03       		.byte	0x3
 1239 05f8 23       		.byte	0x23
 1240 05f9 C802     		.uleb128 0x148
 1241 05fb 16       		.uleb128 0x16
 1242 05fc E5020000 		.4byte	.LASF82
 1243 0600 04       		.byte	0x4
 1244 0601 A902     		.2byte	0x2a9
 1245 0603 12       		.byte	0x12
 1246 0604 92020000 		.4byte	0x292
 1247 0608 03       		.byte	0x3
 1248 0609 23       		.byte	0x23
 1249 060a CC02     		.uleb128 0x14c
 1250 060c 16       		.uleb128 0x16
 1251 060d 17060000 		.4byte	.LASF83
 1252 0611 04       		.byte	0x4
 1253 0612 AD02     		.2byte	0x2ad
 1254 0614 0C       		.byte	0xc
 1255 0615 AE090000 		.4byte	0x9ae
 1256 0619 03       		.byte	0x3
 1257 061a 23       		.byte	0x23
 1258 061b DC05     		.uleb128 0x2dc
 1259 061d 16       		.uleb128 0x16
 1260 061e A6010000 		.4byte	.LASF84
 1261 0622 04       		.byte	0x4
 1262 0623 B202     		.2byte	0x2b2
 1263 0625 10       		.byte	0x10
 1264 0626 F0060000 		.4byte	0x6f0
 1265 062a 03       		.byte	0x3
 1266 062b 23       		.byte	0x23
 1267 062c E005     		.uleb128 0x2e0
 1268 062e 16       		.uleb128 0x16
 1269 062f 8B010000 		.4byte	.LASF85
 1270 0633 04       		.byte	0x4
 1271 0634 B402     		.2byte	0x2b4
 1272 0636 0A       		.byte	0xa
 1273 0637 BA090000 		.4byte	0x9ba
 1274 063b 03       		.byte	0x3
 1275 063c 23       		.byte	0x23
 1276 063d EC05     		.uleb128 0x2ec
 1277 063f 00       		.byte	0
 1278 0640 0F       		.uleb128 0xf
 1279 0641 04       		.byte	0x4
 1280 0642 46060000 		.4byte	0x646
 1281 0646 02       		.uleb128 0x2
 1282 0647 01       		.byte	0x1
 1283 0648 08       		.byte	0x8
 1284 0649 09050000 		.4byte	.LASF86
 1285 064d 14       		.uleb128 0x14
 1286 064e 46060000 		.4byte	0x646
 1287 0652 0F       		.uleb128 0xf
 1288 0653 04       		.byte	0x4
 1289 0654 A1040000 		.4byte	0x4a1
ARM GAS  /tmp/ccjxy0Cr.s 			page 28


 1290 0658 12       		.uleb128 0x12
 1291 0659 01       		.byte	0x1
 1292 065a 2C000000 		.4byte	0x2c
 1293 065e 77060000 		.4byte	0x677
 1294 0662 13       		.uleb128 0x13
 1295 0663 C0040000 		.4byte	0x4c0
 1296 0667 13       		.uleb128 0x13
 1297 0668 FD000000 		.4byte	0xfd
 1298 066c 13       		.uleb128 0x13
 1299 066d 77060000 		.4byte	0x677
 1300 0671 13       		.uleb128 0x13
 1301 0672 2C000000 		.4byte	0x2c
 1302 0676 00       		.byte	0
 1303 0677 0F       		.uleb128 0xf
 1304 0678 04       		.byte	0x4
 1305 0679 4D060000 		.4byte	0x64d
 1306 067d 0F       		.uleb128 0xf
 1307 067e 04       		.byte	0x4
 1308 067f 58060000 		.4byte	0x658
 1309 0683 12       		.uleb128 0x12
 1310 0684 01       		.byte	0x1
 1311 0685 8B000000 		.4byte	0x8b
 1312 0689 A2060000 		.4byte	0x6a2
 1313 068d 13       		.uleb128 0x13
 1314 068e C0040000 		.4byte	0x4c0
 1315 0692 13       		.uleb128 0x13
 1316 0693 FD000000 		.4byte	0xfd
 1317 0697 13       		.uleb128 0x13
 1318 0698 8B000000 		.4byte	0x8b
 1319 069c 13       		.uleb128 0x13
 1320 069d 2C000000 		.4byte	0x2c
 1321 06a1 00       		.byte	0
 1322 06a2 0F       		.uleb128 0xf
 1323 06a3 04       		.byte	0x4
 1324 06a4 83060000 		.4byte	0x683
 1325 06a8 12       		.uleb128 0x12
 1326 06a9 01       		.byte	0x1
 1327 06aa 2C000000 		.4byte	0x2c
 1328 06ae BD060000 		.4byte	0x6bd
 1329 06b2 13       		.uleb128 0x13
 1330 06b3 C0040000 		.4byte	0x4c0
 1331 06b7 13       		.uleb128 0x13
 1332 06b8 FD000000 		.4byte	0xfd
 1333 06bc 00       		.byte	0
 1334 06bd 0F       		.uleb128 0xf
 1335 06be 04       		.byte	0x4
 1336 06bf A8060000 		.4byte	0x6a8
 1337 06c3 08       		.uleb128 0x8
 1338 06c4 55000000 		.4byte	0x55
 1339 06c8 D3060000 		.4byte	0x6d3
 1340 06cc 09       		.uleb128 0x9
 1341 06cd 25000000 		.4byte	0x25
 1342 06d1 02       		.byte	0x2
 1343 06d2 00       		.byte	0
 1344 06d3 08       		.uleb128 0x8
 1345 06d4 55000000 		.4byte	0x55
 1346 06d8 E3060000 		.4byte	0x6e3
ARM GAS  /tmp/ccjxy0Cr.s 			page 29


 1347 06dc 09       		.uleb128 0x9
 1348 06dd 25000000 		.4byte	0x25
 1349 06e1 00       		.byte	0
 1350 06e2 00       		.byte	0
 1351 06e3 04       		.uleb128 0x4
 1352 06e4 32040000 		.4byte	.LASF87
 1353 06e8 04       		.byte	0x4
 1354 06e9 2401     		.2byte	0x124
 1355 06eb 1A       		.byte	0x1a
 1356 06ec 2E030000 		.4byte	0x32e
 1357 06f0 17       		.uleb128 0x17
 1358 06f1 F2050000 		.4byte	.LASF88
 1359 06f5 0C       		.byte	0xc
 1360 06f6 04       		.byte	0x4
 1361 06f7 2801     		.2byte	0x128
 1362 06f9 08       		.byte	0x8
 1363 06fa 2F070000 		.4byte	0x72f
 1364 06fe 16       		.uleb128 0x16
 1365 06ff 3F050000 		.4byte	.LASF21
 1366 0703 04       		.byte	0x4
 1367 0704 2A01     		.2byte	0x12a
 1368 0706 11       		.byte	0x11
 1369 0707 2F070000 		.4byte	0x72f
 1370 070b 02       		.byte	0x2
 1371 070c 23       		.byte	0x23
 1372 070d 00       		.uleb128 0
 1373 070e 16       		.uleb128 0x16
 1374 070f CB020000 		.4byte	.LASF89
 1375 0713 04       		.byte	0x4
 1376 0714 2B01     		.2byte	0x12b
 1377 0716 07       		.byte	0x7
 1378 0717 2C000000 		.4byte	0x2c
 1379 071b 02       		.byte	0x2
 1380 071c 23       		.byte	0x23
 1381 071d 04       		.uleb128 0x4
 1382 071e 16       		.uleb128 0x16
 1383 071f 2C040000 		.4byte	.LASF90
 1384 0723 04       		.byte	0x4
 1385 0724 2C01     		.2byte	0x12c
 1386 0726 0B       		.byte	0xb
 1387 0727 35070000 		.4byte	0x735
 1388 072b 02       		.byte	0x2
 1389 072c 23       		.byte	0x23
 1390 072d 08       		.uleb128 0x8
 1391 072e 00       		.byte	0
 1392 072f 0F       		.uleb128 0xf
 1393 0730 04       		.byte	0x4
 1394 0731 F0060000 		.4byte	0x6f0
 1395 0735 0F       		.uleb128 0xf
 1396 0736 04       		.byte	0x4
 1397 0737 E3060000 		.4byte	0x6e3
 1398 073b 17       		.uleb128 0x17
 1399 073c 21000000 		.4byte	.LASF91
 1400 0740 0E       		.byte	0xe
 1401 0741 04       		.byte	0x4
 1402 0742 4401     		.2byte	0x144
 1403 0744 08       		.byte	0x8
ARM GAS  /tmp/ccjxy0Cr.s 			page 30


 1404 0745 7A070000 		.4byte	0x77a
 1405 0749 16       		.uleb128 0x16
 1406 074a BE040000 		.4byte	.LASF92
 1407 074e 04       		.byte	0x4
 1408 074f 4501     		.2byte	0x145
 1409 0751 12       		.byte	0x12
 1410 0752 7A070000 		.4byte	0x77a
 1411 0756 02       		.byte	0x2
 1412 0757 23       		.byte	0x23
 1413 0758 00       		.uleb128 0
 1414 0759 16       		.uleb128 0x16
 1415 075a 39050000 		.4byte	.LASF93
 1416 075e 04       		.byte	0x4
 1417 075f 4601     		.2byte	0x146
 1418 0761 12       		.byte	0x12
 1419 0762 7A070000 		.4byte	0x77a
 1420 0766 02       		.byte	0x2
 1421 0767 23       		.byte	0x23
 1422 0768 06       		.uleb128 0x6
 1423 0769 16       		.uleb128 0x16
 1424 076a 81050000 		.4byte	.LASF94
 1425 076e 04       		.byte	0x4
 1426 076f 4701     		.2byte	0x147
 1427 0771 12       		.byte	0x12
 1428 0772 63000000 		.4byte	0x63
 1429 0776 02       		.byte	0x2
 1430 0777 23       		.byte	0x23
 1431 0778 0C       		.uleb128 0xc
 1432 0779 00       		.byte	0
 1433 077a 08       		.uleb128 0x8
 1434 077b 63000000 		.4byte	0x63
 1435 077f 8A070000 		.4byte	0x78a
 1436 0783 09       		.uleb128 0x9
 1437 0784 25000000 		.4byte	0x25
 1438 0788 02       		.byte	0x2
 1439 0789 00       		.byte	0
 1440 078a 18       		.uleb128 0x18
 1441 078b D0       		.byte	0xd0
 1442 078c 04       		.byte	0x4
 1443 078d 8502     		.2byte	0x285
 1444 078f 07       		.byte	0x7
 1445 0790 CE080000 		.4byte	0x8ce
 1446 0794 16       		.uleb128 0x16
 1447 0795 CD050000 		.4byte	.LASF95
 1448 0799 04       		.byte	0x4
 1449 079a 8702     		.2byte	0x287
 1450 079c 18       		.byte	0x18
 1451 079d 25000000 		.4byte	0x25
 1452 07a1 02       		.byte	0x2
 1453 07a2 23       		.byte	0x23
 1454 07a3 00       		.uleb128 0
 1455 07a4 16       		.uleb128 0x16
 1456 07a5 45050000 		.4byte	.LASF96
 1457 07a9 04       		.byte	0x4
 1458 07aa 8802     		.2byte	0x288
 1459 07ac 12       		.byte	0x12
 1460 07ad 40060000 		.4byte	0x640
ARM GAS  /tmp/ccjxy0Cr.s 			page 31


 1461 07b1 02       		.byte	0x2
 1462 07b2 23       		.byte	0x23
 1463 07b3 04       		.uleb128 0x4
 1464 07b4 16       		.uleb128 0x16
 1465 07b5 FA020000 		.4byte	.LASF97
 1466 07b9 04       		.byte	0x4
 1467 07ba 8902     		.2byte	0x289
 1468 07bc 10       		.byte	0x10
 1469 07bd CE080000 		.4byte	0x8ce
 1470 07c1 02       		.byte	0x2
 1471 07c2 23       		.byte	0x23
 1472 07c3 08       		.uleb128 0x8
 1473 07c4 16       		.uleb128 0x16
 1474 07c5 53060000 		.4byte	.LASF98
 1475 07c9 04       		.byte	0x4
 1476 07ca 8A02     		.2byte	0x28a
 1477 07cc 17       		.byte	0x17
 1478 07cd 9F010000 		.4byte	0x19f
 1479 07d1 02       		.byte	0x2
 1480 07d2 23       		.byte	0x23
 1481 07d3 24       		.uleb128 0x24
 1482 07d4 16       		.uleb128 0x16
 1483 07d5 5B020000 		.4byte	.LASF99
 1484 07d9 04       		.byte	0x4
 1485 07da 8B02     		.2byte	0x28b
 1486 07dc 0F       		.byte	0xf
 1487 07dd 2C000000 		.4byte	0x2c
 1488 07e1 02       		.byte	0x2
 1489 07e2 23       		.byte	0x23
 1490 07e3 48       		.uleb128 0x48
 1491 07e4 16       		.uleb128 0x16
 1492 07e5 55040000 		.4byte	.LASF100
 1493 07e9 04       		.byte	0x4
 1494 07ea 8C02     		.2byte	0x28c
 1495 07ec 2C       		.byte	0x2c
 1496 07ed 78000000 		.4byte	0x78
 1497 07f1 02       		.byte	0x2
 1498 07f2 23       		.byte	0x23
 1499 07f3 50       		.uleb128 0x50
 1500 07f4 16       		.uleb128 0x16
 1501 07f5 69060000 		.4byte	.LASF101
 1502 07f9 04       		.byte	0x4
 1503 07fa 8D02     		.2byte	0x28d
 1504 07fc 1A       		.byte	0x1a
 1505 07fd 3B070000 		.4byte	0x73b
 1506 0801 02       		.byte	0x2
 1507 0802 23       		.byte	0x23
 1508 0803 58       		.uleb128 0x58
 1509 0804 16       		.uleb128 0x16
 1510 0805 66040000 		.4byte	.LASF102
 1511 0809 04       		.byte	0x4
 1512 080a 8E02     		.2byte	0x28e
 1513 080c 16       		.byte	0x16
 1514 080d F1000000 		.4byte	0xf1
 1515 0811 02       		.byte	0x2
 1516 0812 23       		.byte	0x23
 1517 0813 68       		.uleb128 0x68
ARM GAS  /tmp/ccjxy0Cr.s 			page 32


 1518 0814 16       		.uleb128 0x16
 1519 0815 79060000 		.4byte	.LASF103
 1520 0819 04       		.byte	0x4
 1521 081a 8F02     		.2byte	0x28f
 1522 081c 16       		.byte	0x16
 1523 081d F1000000 		.4byte	0xf1
 1524 0821 02       		.byte	0x2
 1525 0822 23       		.byte	0x23
 1526 0823 70       		.uleb128 0x70
 1527 0824 16       		.uleb128 0x16
 1528 0825 AB000000 		.4byte	.LASF104
 1529 0829 04       		.byte	0x4
 1530 082a 9002     		.2byte	0x290
 1531 082c 16       		.byte	0x16
 1532 082d F1000000 		.4byte	0xf1
 1533 0831 02       		.byte	0x2
 1534 0832 23       		.byte	0x23
 1535 0833 78       		.uleb128 0x78
 1536 0834 16       		.uleb128 0x16
 1537 0835 01060000 		.4byte	.LASF105
 1538 0839 04       		.byte	0x4
 1539 083a 9102     		.2byte	0x291
 1540 083c 10       		.byte	0x10
 1541 083d DE080000 		.4byte	0x8de
 1542 0841 03       		.byte	0x3
 1543 0842 23       		.byte	0x23
 1544 0843 8001     		.uleb128 0x80
 1545 0845 16       		.uleb128 0x16
 1546 0846 EE020000 		.4byte	.LASF106
 1547 084a 04       		.byte	0x4
 1548 084b 9202     		.2byte	0x292
 1549 084d 10       		.byte	0x10
 1550 084e EE080000 		.4byte	0x8ee
 1551 0852 03       		.byte	0x3
 1552 0853 23       		.byte	0x23
 1553 0854 8801     		.uleb128 0x88
 1554 0856 16       		.uleb128 0x16
 1555 0857 99050000 		.4byte	.LASF107
 1556 085b 04       		.byte	0x4
 1557 085c 9302     		.2byte	0x293
 1558 085e 0F       		.byte	0xf
 1559 085f 2C000000 		.4byte	0x2c
 1560 0863 03       		.byte	0x3
 1561 0864 23       		.byte	0x23
 1562 0865 A001     		.uleb128 0xa0
 1563 0867 16       		.uleb128 0x16
 1564 0868 0D020000 		.4byte	.LASF108
 1565 086c 04       		.byte	0x4
 1566 086d 9402     		.2byte	0x294
 1567 086f 16       		.byte	0x16
 1568 0870 F1000000 		.4byte	0xf1
 1569 0874 03       		.byte	0x3
 1570 0875 23       		.byte	0x23
 1571 0876 A401     		.uleb128 0xa4
 1572 0878 16       		.uleb128 0x16
 1573 0879 9C000000 		.4byte	.LASF109
 1574 087d 04       		.byte	0x4
ARM GAS  /tmp/ccjxy0Cr.s 			page 33


 1575 087e 9502     		.2byte	0x295
 1576 0880 16       		.byte	0x16
 1577 0881 F1000000 		.4byte	0xf1
 1578 0885 03       		.byte	0x3
 1579 0886 23       		.byte	0x23
 1580 0887 AC01     		.uleb128 0xac
 1581 0889 16       		.uleb128 0x16
 1582 088a FC010000 		.4byte	.LASF110
 1583 088e 04       		.byte	0x4
 1584 088f 9602     		.2byte	0x296
 1585 0891 16       		.byte	0x16
 1586 0892 F1000000 		.4byte	0xf1
 1587 0896 03       		.byte	0x3
 1588 0897 23       		.byte	0x23
 1589 0898 B401     		.uleb128 0xb4
 1590 089a 16       		.uleb128 0x16
 1591 089b 3A000000 		.4byte	.LASF111
 1592 089f 04       		.byte	0x4
 1593 08a0 9702     		.2byte	0x297
 1594 08a2 16       		.byte	0x16
 1595 08a3 F1000000 		.4byte	0xf1
 1596 08a7 03       		.byte	0x3
 1597 08a8 23       		.byte	0x23
 1598 08a9 BC01     		.uleb128 0xbc
 1599 08ab 16       		.uleb128 0x16
 1600 08ac 49000000 		.4byte	.LASF112
 1601 08b0 04       		.byte	0x4
 1602 08b1 9802     		.2byte	0x298
 1603 08b3 16       		.byte	0x16
 1604 08b4 F1000000 		.4byte	0xf1
 1605 08b8 03       		.byte	0x3
 1606 08b9 23       		.byte	0x23
 1607 08ba C401     		.uleb128 0xc4
 1608 08bc 16       		.uleb128 0x16
 1609 08bd 08040000 		.4byte	.LASF113
 1610 08c1 04       		.byte	0x4
 1611 08c2 9902     		.2byte	0x299
 1612 08c4 08       		.byte	0x8
 1613 08c5 2C000000 		.4byte	0x2c
 1614 08c9 03       		.byte	0x3
 1615 08ca 23       		.byte	0x23
 1616 08cb CC01     		.uleb128 0xcc
 1617 08cd 00       		.byte	0
 1618 08ce 08       		.uleb128 0x8
 1619 08cf 46060000 		.4byte	0x646
 1620 08d3 DE080000 		.4byte	0x8de
 1621 08d7 09       		.uleb128 0x9
 1622 08d8 25000000 		.4byte	0x25
 1623 08dc 19       		.byte	0x19
 1624 08dd 00       		.byte	0
 1625 08de 08       		.uleb128 0x8
 1626 08df 46060000 		.4byte	0x646
 1627 08e3 EE080000 		.4byte	0x8ee
 1628 08e7 09       		.uleb128 0x9
 1629 08e8 25000000 		.4byte	0x25
 1630 08ec 07       		.byte	0x7
 1631 08ed 00       		.byte	0
ARM GAS  /tmp/ccjxy0Cr.s 			page 34


 1632 08ee 08       		.uleb128 0x8
 1633 08ef 46060000 		.4byte	0x646
 1634 08f3 FE080000 		.4byte	0x8fe
 1635 08f7 09       		.uleb128 0x9
 1636 08f8 25000000 		.4byte	0x25
 1637 08fc 17       		.byte	0x17
 1638 08fd 00       		.byte	0
 1639 08fe 18       		.uleb128 0x18
 1640 08ff F0       		.byte	0xf0
 1641 0900 04       		.byte	0x4
 1642 0901 9E02     		.2byte	0x29e
 1643 0903 07       		.byte	0x7
 1644 0904 29090000 		.4byte	0x929
 1645 0908 16       		.uleb128 0x16
 1646 0909 71030000 		.4byte	.LASF114
 1647 090d 04       		.byte	0x4
 1648 090e A102     		.2byte	0x2a1
 1649 0910 1B       		.byte	0x1b
 1650 0911 29090000 		.4byte	0x929
 1651 0915 02       		.byte	0x2
 1652 0916 23       		.byte	0x23
 1653 0917 00       		.uleb128 0
 1654 0918 16       		.uleb128 0x16
 1655 0919 F8050000 		.4byte	.LASF115
 1656 091d 04       		.byte	0x4
 1657 091e A202     		.2byte	0x2a2
 1658 0920 18       		.byte	0x18
 1659 0921 39090000 		.4byte	0x939
 1660 0925 02       		.byte	0x2
 1661 0926 23       		.byte	0x23
 1662 0927 78       		.uleb128 0x78
 1663 0928 00       		.byte	0
 1664 0929 08       		.uleb128 0x8
 1665 092a 28030000 		.4byte	0x328
 1666 092e 39090000 		.4byte	0x939
 1667 0932 09       		.uleb128 0x9
 1668 0933 25000000 		.4byte	0x25
 1669 0937 1D       		.byte	0x1d
 1670 0938 00       		.byte	0
 1671 0939 08       		.uleb128 0x8
 1672 093a 25000000 		.4byte	0x25
 1673 093e 49090000 		.4byte	0x949
 1674 0942 09       		.uleb128 0x9
 1675 0943 25000000 		.4byte	0x25
 1676 0947 1D       		.byte	0x1d
 1677 0948 00       		.byte	0
 1678 0949 19       		.uleb128 0x19
 1679 094a F0       		.byte	0xf0
 1680 094b 04       		.byte	0x4
 1681 094c 8302     		.2byte	0x283
 1682 094e 03       		.byte	0x3
 1683 094f 6E090000 		.4byte	0x96e
 1684 0953 1A       		.uleb128 0x1a
 1685 0954 B7040000 		.4byte	.LASF64
 1686 0958 04       		.byte	0x4
 1687 0959 9A02     		.2byte	0x29a
 1688 095b 0B       		.byte	0xb
ARM GAS  /tmp/ccjxy0Cr.s 			page 35


 1689 095c 8A070000 		.4byte	0x78a
 1690 0960 1A       		.uleb128 0x1a
 1691 0961 40060000 		.4byte	.LASF116
 1692 0965 04       		.byte	0x4
 1693 0966 A302     		.2byte	0x2a3
 1694 0968 0B       		.byte	0xb
 1695 0969 FE080000 		.4byte	0x8fe
 1696 096d 00       		.byte	0
 1697 096e 08       		.uleb128 0x8
 1698 096f 46060000 		.4byte	0x646
 1699 0973 7E090000 		.4byte	0x97e
 1700 0977 09       		.uleb128 0x9
 1701 0978 25000000 		.4byte	0x25
 1702 097c 18       		.byte	0x18
 1703 097d 00       		.byte	0
 1704 097e 1B       		.uleb128 0x1b
 1705 097f 7A000000 		.4byte	.LASF148
 1706 0983 01       		.byte	0x1
 1707 0984 0F       		.uleb128 0xf
 1708 0985 04       		.byte	0x4
 1709 0986 7E090000 		.4byte	0x97e
 1710 098a 1C       		.uleb128 0x1c
 1711 098b 01       		.byte	0x1
 1712 098c 96090000 		.4byte	0x996
 1713 0990 13       		.uleb128 0x13
 1714 0991 C0040000 		.4byte	0x4c0
 1715 0995 00       		.byte	0
 1716 0996 0F       		.uleb128 0xf
 1717 0997 04       		.byte	0x4
 1718 0998 8A090000 		.4byte	0x98a
 1719 099c 0F       		.uleb128 0xf
 1720 099d 04       		.byte	0x4
 1721 099e 89010000 		.4byte	0x189
 1722 09a2 1C       		.uleb128 0x1c
 1723 09a3 01       		.byte	0x1
 1724 09a4 AE090000 		.4byte	0x9ae
 1725 09a8 13       		.uleb128 0x13
 1726 09a9 2C000000 		.4byte	0x2c
 1727 09ad 00       		.byte	0
 1728 09ae 0F       		.uleb128 0xf
 1729 09af 04       		.byte	0x4
 1730 09b0 B4090000 		.4byte	0x9b4
 1731 09b4 0F       		.uleb128 0xf
 1732 09b5 04       		.byte	0x4
 1733 09b6 A2090000 		.4byte	0x9a2
 1734 09ba 08       		.uleb128 0x8
 1735 09bb E3060000 		.4byte	0x6e3
 1736 09bf CA090000 		.4byte	0x9ca
 1737 09c3 09       		.uleb128 0x9
 1738 09c4 25000000 		.4byte	0x25
 1739 09c8 02       		.byte	0x2
 1740 09c9 00       		.byte	0
 1741 09ca 1D       		.uleb128 0x1d
 1742 09cb DA040000 		.4byte	.LASF117
 1743 09cf 04       		.byte	0x4
 1744 09d0 3303     		.2byte	0x333
 1745 09d2 17       		.byte	0x17
ARM GAS  /tmp/ccjxy0Cr.s 			page 36


 1746 09d3 C0040000 		.4byte	0x4c0
 1747 09d7 01       		.byte	0x1
 1748 09d8 01       		.byte	0x1
 1749 09d9 1D       		.uleb128 0x1d
 1750 09da A6050000 		.4byte	.LASF118
 1751 09de 04       		.byte	0x4
 1752 09df 3403     		.2byte	0x334
 1753 09e1 1D       		.byte	0x1d
 1754 09e2 C6040000 		.4byte	0x4c6
 1755 09e6 01       		.byte	0x1
 1756 09e7 01       		.byte	0x1
 1757 09e8 1E       		.uleb128 0x1e
 1758 09e9 89030000 		.4byte	.LASF119
 1759 09ed 06       		.byte	0x6
 1760 09ee 67       		.byte	0x67
 1761 09ef 0E       		.byte	0xe
 1762 09f0 40060000 		.4byte	0x640
 1763 09f4 01       		.byte	0x1
 1764 09f5 01       		.byte	0x1
 1765 09f6 05       		.uleb128 0x5
 1766 09f7 B9050000 		.4byte	.LASF120
 1767 09fb 07       		.byte	0x7
 1768 09fc 34       		.byte	0x34
 1769 09fd 19       		.byte	0x19
 1770 09fe 71000000 		.4byte	0x71
 1771 0a02 05       		.uleb128 0x5
 1772 0a03 8C060000 		.4byte	.LASF121
 1773 0a07 08       		.byte	0x8
 1774 0a08 63       		.byte	0x63
 1775 0a09 17       		.byte	0x17
 1776 0a0a 71000000 		.4byte	0x71
 1777 0a0e 05       		.uleb128 0x5
 1778 0a0f 66030000 		.4byte	.LASF122
 1779 0a13 08       		.byte	0x8
 1780 0a14 69       		.byte	0x69
 1781 0a15 13       		.byte	0x13
 1782 0a16 F6090000 		.4byte	0x9f6
 1783 0a1a 14       		.uleb128 0x14
 1784 0a1b 0E0A0000 		.4byte	0xa0e
 1785 0a1f 0D       		.uleb128 0xd
 1786 0a20 6E060000 		.4byte	.LASF123
 1787 0a24 14       		.byte	0x14
 1788 0a25 09       		.byte	0x9
 1789 0a26 B5       		.byte	0xb5
 1790 0a27 08       		.byte	0x8
 1791 0a28 780A0000 		.4byte	0xa78
 1792 0a2c 0B       		.uleb128 0xb
 1793 0a2d C2050000 		.4byte	.LASF124
 1794 0a31 09       		.byte	0x9
 1795 0a32 B8       		.byte	0xb8
 1796 0a33 21       		.byte	0x21
 1797 0a34 0E0A0000 		.4byte	0xa0e
 1798 0a38 02       		.byte	0x2
 1799 0a39 23       		.byte	0x23
 1800 0a3a 00       		.uleb128 0
 1801 0a3b 0B       		.uleb128 0xb
 1802 0a3c 33060000 		.4byte	.LASF125
ARM GAS  /tmp/ccjxy0Cr.s 			page 37


 1803 0a40 09       		.byte	0x9
 1804 0a41 B9       		.byte	0xb9
 1805 0a42 2A       		.byte	0x2a
 1806 0a43 780A0000 		.4byte	0xa78
 1807 0a47 02       		.byte	0x2
 1808 0a48 23       		.byte	0x23
 1809 0a49 04       		.uleb128 0x4
 1810 0a4a 0B       		.uleb128 0xb
 1811 0a4b A5030000 		.4byte	.LASF126
 1812 0a4f 09       		.byte	0x9
 1813 0a50 BA       		.byte	0xba
 1814 0a51 2A       		.byte	0x2a
 1815 0a52 780A0000 		.4byte	0xa78
 1816 0a56 02       		.byte	0x2
 1817 0a57 23       		.byte	0x23
 1818 0a58 08       		.uleb128 0x8
 1819 0a59 0B       		.uleb128 0xb
 1820 0a5a B0030000 		.4byte	.LASF127
 1821 0a5e 09       		.byte	0x9
 1822 0a5f BB       		.byte	0xbb
 1823 0a60 09       		.byte	0x9
 1824 0a61 FD000000 		.4byte	0xfd
 1825 0a65 02       		.byte	0x2
 1826 0a66 23       		.byte	0x23
 1827 0a67 0C       		.uleb128 0xc
 1828 0a68 0B       		.uleb128 0xb
 1829 0a69 D7030000 		.4byte	.LASF128
 1830 0a6d 09       		.byte	0x9
 1831 0a6e BC       		.byte	0xbc
 1832 0a6f 1D       		.byte	0x1d
 1833 0a70 FD000000 		.4byte	0xfd
 1834 0a74 02       		.byte	0x2
 1835 0a75 23       		.byte	0x23
 1836 0a76 10       		.uleb128 0x10
 1837 0a77 00       		.byte	0
 1838 0a78 0F       		.uleb128 0xf
 1839 0a79 04       		.byte	0x4
 1840 0a7a 1F0A0000 		.4byte	0xa1f
 1841 0a7e 05       		.uleb128 0x5
 1842 0a7f 1E050000 		.4byte	.LASF129
 1843 0a83 09       		.byte	0x9
 1844 0a84 BF       		.byte	0xbf
 1845 0a85 1B       		.byte	0x1b
 1846 0a86 1F0A0000 		.4byte	0xa1f
 1847 0a8a 0D       		.uleb128 0xd
 1848 0a8b 3B030000 		.4byte	.LASF130
 1849 0a8f 0C       		.byte	0xc
 1850 0a90 09       		.byte	0x9
 1851 0a91 C1       		.byte	0xc1
 1852 0a92 08       		.byte	0x8
 1853 0a93 C50A0000 		.4byte	0xac5
 1854 0a97 0B       		.uleb128 0xb
 1855 0a98 C2050000 		.4byte	.LASF124
 1856 0a9c 09       		.byte	0x9
 1857 0a9d C4       		.byte	0xc4
 1858 0a9e 21       		.byte	0x21
 1859 0a9f 0E0A0000 		.4byte	0xa0e
ARM GAS  /tmp/ccjxy0Cr.s 			page 38


 1860 0aa3 02       		.byte	0x2
 1861 0aa4 23       		.byte	0x23
 1862 0aa5 00       		.uleb128 0
 1863 0aa6 0B       		.uleb128 0xb
 1864 0aa7 33060000 		.4byte	.LASF125
 1865 0aab 09       		.byte	0x9
 1866 0aac C5       		.byte	0xc5
 1867 0aad 2A       		.byte	0x2a
 1868 0aae 780A0000 		.4byte	0xa78
 1869 0ab2 02       		.byte	0x2
 1870 0ab3 23       		.byte	0x23
 1871 0ab4 04       		.uleb128 0x4
 1872 0ab5 0B       		.uleb128 0xb
 1873 0ab6 A5030000 		.4byte	.LASF126
 1874 0aba 09       		.byte	0x9
 1875 0abb C6       		.byte	0xc6
 1876 0abc 2A       		.byte	0x2a
 1877 0abd 780A0000 		.4byte	0xa78
 1878 0ac1 02       		.byte	0x2
 1879 0ac2 23       		.byte	0x23
 1880 0ac3 08       		.uleb128 0x8
 1881 0ac4 00       		.byte	0
 1882 0ac5 05       		.uleb128 0x5
 1883 0ac6 12000000 		.4byte	.LASF131
 1884 0aca 09       		.byte	0x9
 1885 0acb C8       		.byte	0xc8
 1886 0acc 20       		.byte	0x20
 1887 0acd 8A0A0000 		.4byte	0xa8a
 1888 0ad1 0D       		.uleb128 0xd
 1889 0ad2 60040000 		.4byte	.LASF132
 1890 0ad6 14       		.byte	0x14
 1891 0ad7 09       		.byte	0x9
 1892 0ad8 CD       		.byte	0xcd
 1893 0ad9 10       		.byte	0x10
 1894 0ada 0C0B0000 		.4byte	0xb0c
 1895 0ade 0B       		.uleb128 0xb
 1896 0adf A3020000 		.4byte	.LASF133
 1897 0ae3 09       		.byte	0x9
 1898 0ae4 D0       		.byte	0xd0
 1899 0ae5 22       		.byte	0x22
 1900 0ae6 020A0000 		.4byte	0xa02
 1901 0aea 02       		.byte	0x2
 1902 0aeb 23       		.byte	0x23
 1903 0aec 00       		.uleb128 0
 1904 0aed 0B       		.uleb128 0xb
 1905 0aee CF030000 		.4byte	.LASF134
 1906 0af2 09       		.byte	0x9
 1907 0af3 D1       		.byte	0xd1
 1908 0af4 23       		.byte	0x23
 1909 0af5 0C0B0000 		.4byte	0xb0c
 1910 0af9 02       		.byte	0x2
 1911 0afa 23       		.byte	0x23
 1912 0afb 04       		.uleb128 0x4
 1913 0afc 0B       		.uleb128 0xb
 1914 0afd 85000000 		.4byte	.LASF135
 1915 0b01 09       		.byte	0x9
 1916 0b02 D2       		.byte	0xd2
ARM GAS  /tmp/ccjxy0Cr.s 			page 39


 1917 0b03 11       		.byte	0x11
 1918 0b04 C50A0000 		.4byte	0xac5
 1919 0b08 02       		.byte	0x2
 1920 0b09 23       		.byte	0x23
 1921 0b0a 08       		.uleb128 0x8
 1922 0b0b 00       		.byte	0
 1923 0b0c 0F       		.uleb128 0xf
 1924 0b0d 04       		.byte	0x4
 1925 0b0e 7E0A0000 		.4byte	0xa7e
 1926 0b12 14       		.uleb128 0x14
 1927 0b13 0C0B0000 		.4byte	0xb0c
 1928 0b17 05       		.uleb128 0x5
 1929 0b18 7D040000 		.4byte	.LASF136
 1930 0b1c 09       		.byte	0x9
 1931 0b1d D4       		.byte	0xd4
 1932 0b1e 03       		.byte	0x3
 1933 0b1f D10A0000 		.4byte	0xad1
 1934 0b23 1F       		.uleb128 0x1f
 1935 0b24 01       		.byte	0x1
 1936 0b25 C2030000 		.4byte	.LASF149
 1937 0b29 01       		.byte	0x1
 1938 0b2a D4       		.byte	0xd4
 1939 0b2b 0D       		.byte	0xd
 1940 0b2c 01       		.byte	0x1
 1941 0b2d 020A0000 		.4byte	0xa02
 1942 0b31 62000000 		.4byte	.LFB9
 1943 0b35 80000000 		.4byte	.LFE9
 1944 0b39 02       		.byte	0x2
 1945 0b3a 7D       		.byte	0x7d
 1946 0b3b 00       		.sleb128 0
 1947 0b3c 01       		.byte	0x1
 1948 0b3d 6A0B0000 		.4byte	0xb6a
 1949 0b41 20       		.uleb128 0x20
 1950 0b42 57030000 		.4byte	.LASF150
 1951 0b46 01       		.byte	0x1
 1952 0b47 D4       		.byte	0xd4
 1953 0b48 2E       		.byte	0x2e
 1954 0b49 120B0000 		.4byte	0xb12
 1955 0b4d 04000000 		.4byte	.LLST4
 1956 0b51 00000000 		.4byte	.LVUS4
 1957 0b55 21       		.uleb128 0x21
 1958 0b56 0E050000 		.4byte	.LASF137
 1959 0b5a 01       		.byte	0x1
 1960 0b5b D8       		.byte	0xd8
 1961 0b5c 10       		.byte	0x10
 1962 0b5d 700B0000 		.4byte	0xb70
 1963 0b61 27000000 		.4byte	.LLST5
 1964 0b65 25000000 		.4byte	.LVUS5
 1965 0b69 00       		.byte	0
 1966 0b6a 0F       		.uleb128 0xf
 1967 0b6b 04       		.byte	0x4
 1968 0b6c 170B0000 		.4byte	0xb17
 1969 0b70 14       		.uleb128 0x14
 1970 0b71 6A0B0000 		.4byte	0xb6a
 1971 0b75 22       		.uleb128 0x22
 1972 0b76 01       		.byte	0x1
 1973 0b77 0B060000 		.4byte	.LASF141
ARM GAS  /tmp/ccjxy0Cr.s 			page 40


 1974 0b7b 01       		.byte	0x1
 1975 0b7c 91       		.byte	0x91
 1976 0b7d 06       		.byte	0x6
 1977 0b7e 01       		.byte	0x1
 1978 0b7f 34000000 		.4byte	.LFB8
 1979 0b83 62000000 		.4byte	.LFE8
 1980 0b87 3A000000 		.4byte	.LLST1
 1981 0b8b 01       		.byte	0x1
 1982 0b8c D50B0000 		.4byte	0xbd5
 1983 0b90 23       		.uleb128 0x23
 1984 0b91 0E050000 		.4byte	.LASF137
 1985 0b95 01       		.byte	0x1
 1986 0b96 91       		.byte	0x91
 1987 0b97 22       		.byte	0x22
 1988 0b98 700B0000 		.4byte	0xb70
 1989 0b9c 01       		.byte	0x1
 1990 0b9d 50       		.byte	0x50
 1991 0b9e 23       		.uleb128 0x23
 1992 0b9f 8E000000 		.4byte	.LASF138
 1993 0ba3 01       		.byte	0x1
 1994 0ba4 91       		.byte	0x91
 1995 0ba5 3D       		.byte	0x3d
 1996 0ba6 120B0000 		.4byte	0xb12
 1997 0baa 01       		.byte	0x1
 1998 0bab 51       		.byte	0x51
 1999 0bac 21       		.uleb128 0x21
 2000 0bad 86050000 		.4byte	.LASF139
 2001 0bb1 01       		.byte	0x1
 2002 0bb2 93       		.byte	0x93
 2003 0bb3 0D       		.byte	0xd
 2004 0bb4 0C0B0000 		.4byte	0xb0c
 2005 0bb8 62000000 		.4byte	.LLST2
 2006 0bbc 5A000000 		.4byte	.LVUS2
 2007 0bc0 21       		.uleb128 0x21
 2008 0bc1 21060000 		.4byte	.LASF140
 2009 0bc5 01       		.byte	0x1
 2010 0bc6 94       		.byte	0x94
 2011 0bc7 12       		.byte	0x12
 2012 0bc8 1A0A0000 		.4byte	0xa1a
 2013 0bcc 99000000 		.4byte	.LLST3
 2014 0bd0 97000000 		.4byte	.LVUS3
 2015 0bd4 00       		.byte	0
 2016 0bd5 24       		.uleb128 0x24
 2017 0bd6 01       		.byte	0x1
 2018 0bd7 ED010000 		.4byte	.LASF142
 2019 0bdb 01       		.byte	0x1
 2020 0bdc 74       		.byte	0x74
 2021 0bdd 06       		.byte	0x6
 2022 0bde 01       		.byte	0x1
 2023 0bdf 1C000000 		.4byte	.LFB7
 2024 0be3 34000000 		.4byte	.LFE7
 2025 0be7 02       		.byte	0x2
 2026 0be8 7D       		.byte	0x7d
 2027 0be9 00       		.sleb128 0
 2028 0bea 01       		.byte	0x1
 2029 0beb 200C0000 		.4byte	0xc20
 2030 0bef 23       		.uleb128 0x23
ARM GAS  /tmp/ccjxy0Cr.s 			page 41


 2031 0bf0 0E050000 		.4byte	.LASF137
 2032 0bf4 01       		.byte	0x1
 2033 0bf5 74       		.byte	0x74
 2034 0bf6 25       		.byte	0x25
 2035 0bf7 700B0000 		.4byte	0xb70
 2036 0bfb 01       		.byte	0x1
 2037 0bfc 50       		.byte	0x50
 2038 0bfd 23       		.uleb128 0x23
 2039 0bfe 8E000000 		.4byte	.LASF138
 2040 0c02 01       		.byte	0x1
 2041 0c03 74       		.byte	0x74
 2042 0c04 40       		.byte	0x40
 2043 0c05 120B0000 		.4byte	0xb12
 2044 0c09 01       		.byte	0x1
 2045 0c0a 51       		.byte	0x51
 2046 0c0b 21       		.uleb128 0x21
 2047 0c0c CF030000 		.4byte	.LASF134
 2048 0c10 01       		.byte	0x1
 2049 0c11 76       		.byte	0x76
 2050 0c12 14       		.byte	0x14
 2051 0c13 120B0000 		.4byte	0xb12
 2052 0c17 B0000000 		.4byte	.LLST0
 2053 0c1b AC000000 		.4byte	.LVUS0
 2054 0c1f 00       		.byte	0
 2055 0c20 24       		.uleb128 0x24
 2056 0c21 01       		.byte	0x1
 2057 0c22 28020000 		.4byte	.LASF143
 2058 0c26 01       		.byte	0x1
 2059 0c27 68       		.byte	0x68
 2060 0c28 06       		.byte	0x6
 2061 0c29 01       		.byte	0x1
 2062 0c2a 16000000 		.4byte	.LFB6
 2063 0c2e 1C000000 		.4byte	.LFE6
 2064 0c32 02       		.byte	0x2
 2065 0c33 7D       		.byte	0x7d
 2066 0c34 00       		.sleb128 0
 2067 0c35 01       		.byte	0x1
 2068 0c36 490C0000 		.4byte	0xc49
 2069 0c3a 23       		.uleb128 0x23
 2070 0c3b E6010000 		.4byte	.LASF144
 2071 0c3f 01       		.byte	0x1
 2072 0c40 68       		.byte	0x68
 2073 0c41 2E       		.byte	0x2e
 2074 0c42 120B0000 		.4byte	0xb12
 2075 0c46 01       		.byte	0x1
 2076 0c47 50       		.byte	0x50
 2077 0c48 00       		.byte	0
 2078 0c49 25       		.uleb128 0x25
 2079 0c4a 01       		.byte	0x1
 2080 0c4b 29050000 		.4byte	.LASF151
 2081 0c4f 01       		.byte	0x1
 2082 0c50 4F       		.byte	0x4f
 2083 0c51 06       		.byte	0x6
 2084 0c52 01       		.byte	0x1
 2085 0c53 00000000 		.4byte	.LFB5
 2086 0c57 16000000 		.4byte	.LFE5
 2087 0c5b 02       		.byte	0x2
ARM GAS  /tmp/ccjxy0Cr.s 			page 42


 2088 0c5c 7D       		.byte	0x7d
 2089 0c5d 00       		.sleb128 0
 2090 0c5e 01       		.byte	0x1
 2091 0c5f 23       		.uleb128 0x23
 2092 0c60 0E050000 		.4byte	.LASF137
 2093 0c64 01       		.byte	0x1
 2094 0c65 4F       		.byte	0x4f
 2095 0c66 26       		.byte	0x26
 2096 0c67 700B0000 		.4byte	0xb70
 2097 0c6b 01       		.byte	0x1
 2098 0c6c 50       		.byte	0x50
 2099 0c6d 00       		.byte	0
 2100 0c6e 00       		.byte	0
 2101              		.section	.debug_abbrev,"",%progbits
 2102              	.Ldebug_abbrev0:
 2103 0000 01       		.uleb128 0x1
 2104 0001 11       		.uleb128 0x11
 2105 0002 01       		.byte	0x1
 2106 0003 25       		.uleb128 0x25
 2107 0004 0E       		.uleb128 0xe
 2108 0005 13       		.uleb128 0x13
 2109 0006 0B       		.uleb128 0xb
 2110 0007 03       		.uleb128 0x3
 2111 0008 0E       		.uleb128 0xe
 2112 0009 1B       		.uleb128 0x1b
 2113 000a 0E       		.uleb128 0xe
 2114 000b 11       		.uleb128 0x11
 2115 000c 01       		.uleb128 0x1
 2116 000d 12       		.uleb128 0x12
 2117 000e 01       		.uleb128 0x1
 2118 000f 10       		.uleb128 0x10
 2119 0010 06       		.uleb128 0x6
 2120 0011 00       		.byte	0
 2121 0012 00       		.byte	0
 2122 0013 02       		.uleb128 0x2
 2123 0014 24       		.uleb128 0x24
 2124 0015 00       		.byte	0
 2125 0016 0B       		.uleb128 0xb
 2126 0017 0B       		.uleb128 0xb
 2127 0018 3E       		.uleb128 0x3e
 2128 0019 0B       		.uleb128 0xb
 2129 001a 03       		.uleb128 0x3
 2130 001b 0E       		.uleb128 0xe
 2131 001c 00       		.byte	0
 2132 001d 00       		.byte	0
 2133 001e 03       		.uleb128 0x3
 2134 001f 24       		.uleb128 0x24
 2135 0020 00       		.byte	0
 2136 0021 0B       		.uleb128 0xb
 2137 0022 0B       		.uleb128 0xb
 2138 0023 3E       		.uleb128 0x3e
 2139 0024 0B       		.uleb128 0xb
 2140 0025 03       		.uleb128 0x3
 2141 0026 08       		.uleb128 0x8
 2142 0027 00       		.byte	0
 2143 0028 00       		.byte	0
 2144 0029 04       		.uleb128 0x4
ARM GAS  /tmp/ccjxy0Cr.s 			page 43


 2145 002a 16       		.uleb128 0x16
 2146 002b 00       		.byte	0
 2147 002c 03       		.uleb128 0x3
 2148 002d 0E       		.uleb128 0xe
 2149 002e 3A       		.uleb128 0x3a
 2150 002f 0B       		.uleb128 0xb
 2151 0030 3B       		.uleb128 0x3b
 2152 0031 05       		.uleb128 0x5
 2153 0032 39       		.uleb128 0x39
 2154 0033 0B       		.uleb128 0xb
 2155 0034 49       		.uleb128 0x49
 2156 0035 13       		.uleb128 0x13
 2157 0036 00       		.byte	0
 2158 0037 00       		.byte	0
 2159 0038 05       		.uleb128 0x5
 2160 0039 16       		.uleb128 0x16
 2161 003a 00       		.byte	0
 2162 003b 03       		.uleb128 0x3
 2163 003c 0E       		.uleb128 0xe
 2164 003d 3A       		.uleb128 0x3a
 2165 003e 0B       		.uleb128 0xb
 2166 003f 3B       		.uleb128 0x3b
 2167 0040 0B       		.uleb128 0xb
 2168 0041 39       		.uleb128 0x39
 2169 0042 0B       		.uleb128 0xb
 2170 0043 49       		.uleb128 0x49
 2171 0044 13       		.uleb128 0x13
 2172 0045 00       		.byte	0
 2173 0046 00       		.byte	0
 2174 0047 06       		.uleb128 0x6
 2175 0048 17       		.uleb128 0x17
 2176 0049 01       		.byte	0x1
 2177 004a 0B       		.uleb128 0xb
 2178 004b 0B       		.uleb128 0xb
 2179 004c 3A       		.uleb128 0x3a
 2180 004d 0B       		.uleb128 0xb
 2181 004e 3B       		.uleb128 0x3b
 2182 004f 0B       		.uleb128 0xb
 2183 0050 39       		.uleb128 0x39
 2184 0051 0B       		.uleb128 0xb
 2185 0052 01       		.uleb128 0x1
 2186 0053 13       		.uleb128 0x13
 2187 0054 00       		.byte	0
 2188 0055 00       		.byte	0
 2189 0056 07       		.uleb128 0x7
 2190 0057 0D       		.uleb128 0xd
 2191 0058 00       		.byte	0
 2192 0059 03       		.uleb128 0x3
 2193 005a 0E       		.uleb128 0xe
 2194 005b 3A       		.uleb128 0x3a
 2195 005c 0B       		.uleb128 0xb
 2196 005d 3B       		.uleb128 0x3b
 2197 005e 0B       		.uleb128 0xb
 2198 005f 39       		.uleb128 0x39
 2199 0060 0B       		.uleb128 0xb
 2200 0061 49       		.uleb128 0x49
 2201 0062 13       		.uleb128 0x13
ARM GAS  /tmp/ccjxy0Cr.s 			page 44


 2202 0063 00       		.byte	0
 2203 0064 00       		.byte	0
 2204 0065 08       		.uleb128 0x8
 2205 0066 01       		.uleb128 0x1
 2206 0067 01       		.byte	0x1
 2207 0068 49       		.uleb128 0x49
 2208 0069 13       		.uleb128 0x13
 2209 006a 01       		.uleb128 0x1
 2210 006b 13       		.uleb128 0x13
 2211 006c 00       		.byte	0
 2212 006d 00       		.byte	0
 2213 006e 09       		.uleb128 0x9
 2214 006f 21       		.uleb128 0x21
 2215 0070 00       		.byte	0
 2216 0071 49       		.uleb128 0x49
 2217 0072 13       		.uleb128 0x13
 2218 0073 2F       		.uleb128 0x2f
 2219 0074 0B       		.uleb128 0xb
 2220 0075 00       		.byte	0
 2221 0076 00       		.byte	0
 2222 0077 0A       		.uleb128 0xa
 2223 0078 13       		.uleb128 0x13
 2224 0079 01       		.byte	0x1
 2225 007a 0B       		.uleb128 0xb
 2226 007b 0B       		.uleb128 0xb
 2227 007c 3A       		.uleb128 0x3a
 2228 007d 0B       		.uleb128 0xb
 2229 007e 3B       		.uleb128 0x3b
 2230 007f 0B       		.uleb128 0xb
 2231 0080 39       		.uleb128 0x39
 2232 0081 0B       		.uleb128 0xb
 2233 0082 01       		.uleb128 0x1
 2234 0083 13       		.uleb128 0x13
 2235 0084 00       		.byte	0
 2236 0085 00       		.byte	0
 2237 0086 0B       		.uleb128 0xb
 2238 0087 0D       		.uleb128 0xd
 2239 0088 00       		.byte	0
 2240 0089 03       		.uleb128 0x3
 2241 008a 0E       		.uleb128 0xe
 2242 008b 3A       		.uleb128 0x3a
 2243 008c 0B       		.uleb128 0xb
 2244 008d 3B       		.uleb128 0x3b
 2245 008e 0B       		.uleb128 0xb
 2246 008f 39       		.uleb128 0x39
 2247 0090 0B       		.uleb128 0xb
 2248 0091 49       		.uleb128 0x49
 2249 0092 13       		.uleb128 0x13
 2250 0093 38       		.uleb128 0x38
 2251 0094 0A       		.uleb128 0xa
 2252 0095 00       		.byte	0
 2253 0096 00       		.byte	0
 2254 0097 0C       		.uleb128 0xc
 2255 0098 0F       		.uleb128 0xf
 2256 0099 00       		.byte	0
 2257 009a 0B       		.uleb128 0xb
 2258 009b 0B       		.uleb128 0xb
ARM GAS  /tmp/ccjxy0Cr.s 			page 45


 2259 009c 00       		.byte	0
 2260 009d 00       		.byte	0
 2261 009e 0D       		.uleb128 0xd
 2262 009f 13       		.uleb128 0x13
 2263 00a0 01       		.byte	0x1
 2264 00a1 03       		.uleb128 0x3
 2265 00a2 0E       		.uleb128 0xe
 2266 00a3 0B       		.uleb128 0xb
 2267 00a4 0B       		.uleb128 0xb
 2268 00a5 3A       		.uleb128 0x3a
 2269 00a6 0B       		.uleb128 0xb
 2270 00a7 3B       		.uleb128 0x3b
 2271 00a8 0B       		.uleb128 0xb
 2272 00a9 39       		.uleb128 0x39
 2273 00aa 0B       		.uleb128 0xb
 2274 00ab 01       		.uleb128 0x1
 2275 00ac 13       		.uleb128 0x13
 2276 00ad 00       		.byte	0
 2277 00ae 00       		.byte	0
 2278 00af 0E       		.uleb128 0xe
 2279 00b0 0D       		.uleb128 0xd
 2280 00b1 00       		.byte	0
 2281 00b2 03       		.uleb128 0x3
 2282 00b3 08       		.uleb128 0x8
 2283 00b4 3A       		.uleb128 0x3a
 2284 00b5 0B       		.uleb128 0xb
 2285 00b6 3B       		.uleb128 0x3b
 2286 00b7 0B       		.uleb128 0xb
 2287 00b8 39       		.uleb128 0x39
 2288 00b9 0B       		.uleb128 0xb
 2289 00ba 49       		.uleb128 0x49
 2290 00bb 13       		.uleb128 0x13
 2291 00bc 38       		.uleb128 0x38
 2292 00bd 0A       		.uleb128 0xa
 2293 00be 00       		.byte	0
 2294 00bf 00       		.byte	0
 2295 00c0 0F       		.uleb128 0xf
 2296 00c1 0F       		.uleb128 0xf
 2297 00c2 00       		.byte	0
 2298 00c3 0B       		.uleb128 0xb
 2299 00c4 0B       		.uleb128 0xb
 2300 00c5 49       		.uleb128 0x49
 2301 00c6 13       		.uleb128 0x13
 2302 00c7 00       		.byte	0
 2303 00c8 00       		.byte	0
 2304 00c9 10       		.uleb128 0x10
 2305 00ca 13       		.uleb128 0x13
 2306 00cb 01       		.byte	0x1
 2307 00cc 03       		.uleb128 0x3
 2308 00cd 0E       		.uleb128 0xe
 2309 00ce 0B       		.uleb128 0xb
 2310 00cf 05       		.uleb128 0x5
 2311 00d0 3A       		.uleb128 0x3a
 2312 00d1 0B       		.uleb128 0xb
 2313 00d2 3B       		.uleb128 0x3b
 2314 00d3 0B       		.uleb128 0xb
 2315 00d4 39       		.uleb128 0x39
ARM GAS  /tmp/ccjxy0Cr.s 			page 46


 2316 00d5 0B       		.uleb128 0xb
 2317 00d6 01       		.uleb128 0x1
 2318 00d7 13       		.uleb128 0x13
 2319 00d8 00       		.byte	0
 2320 00d9 00       		.byte	0
 2321 00da 11       		.uleb128 0x11
 2322 00db 15       		.uleb128 0x15
 2323 00dc 00       		.byte	0
 2324 00dd 27       		.uleb128 0x27
 2325 00de 0C       		.uleb128 0xc
 2326 00df 00       		.byte	0
 2327 00e0 00       		.byte	0
 2328 00e1 12       		.uleb128 0x12
 2329 00e2 15       		.uleb128 0x15
 2330 00e3 01       		.byte	0x1
 2331 00e4 27       		.uleb128 0x27
 2332 00e5 0C       		.uleb128 0xc
 2333 00e6 49       		.uleb128 0x49
 2334 00e7 13       		.uleb128 0x13
 2335 00e8 01       		.uleb128 0x1
 2336 00e9 13       		.uleb128 0x13
 2337 00ea 00       		.byte	0
 2338 00eb 00       		.byte	0
 2339 00ec 13       		.uleb128 0x13
 2340 00ed 05       		.uleb128 0x5
 2341 00ee 00       		.byte	0
 2342 00ef 49       		.uleb128 0x49
 2343 00f0 13       		.uleb128 0x13
 2344 00f1 00       		.byte	0
 2345 00f2 00       		.byte	0
 2346 00f3 14       		.uleb128 0x14
 2347 00f4 26       		.uleb128 0x26
 2348 00f5 00       		.byte	0
 2349 00f6 49       		.uleb128 0x49
 2350 00f7 13       		.uleb128 0x13
 2351 00f8 00       		.byte	0
 2352 00f9 00       		.byte	0
 2353 00fa 15       		.uleb128 0x15
 2354 00fb 13       		.uleb128 0x13
 2355 00fc 01       		.byte	0x1
 2356 00fd 03       		.uleb128 0x3
 2357 00fe 0E       		.uleb128 0xe
 2358 00ff 0B       		.uleb128 0xb
 2359 0100 05       		.uleb128 0x5
 2360 0101 3A       		.uleb128 0x3a
 2361 0102 0B       		.uleb128 0xb
 2362 0103 3B       		.uleb128 0x3b
 2363 0104 05       		.uleb128 0x5
 2364 0105 39       		.uleb128 0x39
 2365 0106 0B       		.uleb128 0xb
 2366 0107 01       		.uleb128 0x1
 2367 0108 13       		.uleb128 0x13
 2368 0109 00       		.byte	0
 2369 010a 00       		.byte	0
 2370 010b 16       		.uleb128 0x16
 2371 010c 0D       		.uleb128 0xd
 2372 010d 00       		.byte	0
ARM GAS  /tmp/ccjxy0Cr.s 			page 47


 2373 010e 03       		.uleb128 0x3
 2374 010f 0E       		.uleb128 0xe
 2375 0110 3A       		.uleb128 0x3a
 2376 0111 0B       		.uleb128 0xb
 2377 0112 3B       		.uleb128 0x3b
 2378 0113 05       		.uleb128 0x5
 2379 0114 39       		.uleb128 0x39
 2380 0115 0B       		.uleb128 0xb
 2381 0116 49       		.uleb128 0x49
 2382 0117 13       		.uleb128 0x13
 2383 0118 38       		.uleb128 0x38
 2384 0119 0A       		.uleb128 0xa
 2385 011a 00       		.byte	0
 2386 011b 00       		.byte	0
 2387 011c 17       		.uleb128 0x17
 2388 011d 13       		.uleb128 0x13
 2389 011e 01       		.byte	0x1
 2390 011f 03       		.uleb128 0x3
 2391 0120 0E       		.uleb128 0xe
 2392 0121 0B       		.uleb128 0xb
 2393 0122 0B       		.uleb128 0xb
 2394 0123 3A       		.uleb128 0x3a
 2395 0124 0B       		.uleb128 0xb
 2396 0125 3B       		.uleb128 0x3b
 2397 0126 05       		.uleb128 0x5
 2398 0127 39       		.uleb128 0x39
 2399 0128 0B       		.uleb128 0xb
 2400 0129 01       		.uleb128 0x1
 2401 012a 13       		.uleb128 0x13
 2402 012b 00       		.byte	0
 2403 012c 00       		.byte	0
 2404 012d 18       		.uleb128 0x18
 2405 012e 13       		.uleb128 0x13
 2406 012f 01       		.byte	0x1
 2407 0130 0B       		.uleb128 0xb
 2408 0131 0B       		.uleb128 0xb
 2409 0132 3A       		.uleb128 0x3a
 2410 0133 0B       		.uleb128 0xb
 2411 0134 3B       		.uleb128 0x3b
 2412 0135 05       		.uleb128 0x5
 2413 0136 39       		.uleb128 0x39
 2414 0137 0B       		.uleb128 0xb
 2415 0138 01       		.uleb128 0x1
 2416 0139 13       		.uleb128 0x13
 2417 013a 00       		.byte	0
 2418 013b 00       		.byte	0
 2419 013c 19       		.uleb128 0x19
 2420 013d 17       		.uleb128 0x17
 2421 013e 01       		.byte	0x1
 2422 013f 0B       		.uleb128 0xb
 2423 0140 0B       		.uleb128 0xb
 2424 0141 3A       		.uleb128 0x3a
 2425 0142 0B       		.uleb128 0xb
 2426 0143 3B       		.uleb128 0x3b
 2427 0144 05       		.uleb128 0x5
 2428 0145 39       		.uleb128 0x39
 2429 0146 0B       		.uleb128 0xb
ARM GAS  /tmp/ccjxy0Cr.s 			page 48


 2430 0147 01       		.uleb128 0x1
 2431 0148 13       		.uleb128 0x13
 2432 0149 00       		.byte	0
 2433 014a 00       		.byte	0
 2434 014b 1A       		.uleb128 0x1a
 2435 014c 0D       		.uleb128 0xd
 2436 014d 00       		.byte	0
 2437 014e 03       		.uleb128 0x3
 2438 014f 0E       		.uleb128 0xe
 2439 0150 3A       		.uleb128 0x3a
 2440 0151 0B       		.uleb128 0xb
 2441 0152 3B       		.uleb128 0x3b
 2442 0153 05       		.uleb128 0x5
 2443 0154 39       		.uleb128 0x39
 2444 0155 0B       		.uleb128 0xb
 2445 0156 49       		.uleb128 0x49
 2446 0157 13       		.uleb128 0x13
 2447 0158 00       		.byte	0
 2448 0159 00       		.byte	0
 2449 015a 1B       		.uleb128 0x1b
 2450 015b 13       		.uleb128 0x13
 2451 015c 00       		.byte	0
 2452 015d 03       		.uleb128 0x3
 2453 015e 0E       		.uleb128 0xe
 2454 015f 3C       		.uleb128 0x3c
 2455 0160 0C       		.uleb128 0xc
 2456 0161 00       		.byte	0
 2457 0162 00       		.byte	0
 2458 0163 1C       		.uleb128 0x1c
 2459 0164 15       		.uleb128 0x15
 2460 0165 01       		.byte	0x1
 2461 0166 27       		.uleb128 0x27
 2462 0167 0C       		.uleb128 0xc
 2463 0168 01       		.uleb128 0x1
 2464 0169 13       		.uleb128 0x13
 2465 016a 00       		.byte	0
 2466 016b 00       		.byte	0
 2467 016c 1D       		.uleb128 0x1d
 2468 016d 34       		.uleb128 0x34
 2469 016e 00       		.byte	0
 2470 016f 03       		.uleb128 0x3
 2471 0170 0E       		.uleb128 0xe
 2472 0171 3A       		.uleb128 0x3a
 2473 0172 0B       		.uleb128 0xb
 2474 0173 3B       		.uleb128 0x3b
 2475 0174 05       		.uleb128 0x5
 2476 0175 39       		.uleb128 0x39
 2477 0176 0B       		.uleb128 0xb
 2478 0177 49       		.uleb128 0x49
 2479 0178 13       		.uleb128 0x13
 2480 0179 3F       		.uleb128 0x3f
 2481 017a 0C       		.uleb128 0xc
 2482 017b 3C       		.uleb128 0x3c
 2483 017c 0C       		.uleb128 0xc
 2484 017d 00       		.byte	0
 2485 017e 00       		.byte	0
 2486 017f 1E       		.uleb128 0x1e
ARM GAS  /tmp/ccjxy0Cr.s 			page 49


 2487 0180 34       		.uleb128 0x34
 2488 0181 00       		.byte	0
 2489 0182 03       		.uleb128 0x3
 2490 0183 0E       		.uleb128 0xe
 2491 0184 3A       		.uleb128 0x3a
 2492 0185 0B       		.uleb128 0xb
 2493 0186 3B       		.uleb128 0x3b
 2494 0187 0B       		.uleb128 0xb
 2495 0188 39       		.uleb128 0x39
 2496 0189 0B       		.uleb128 0xb
 2497 018a 49       		.uleb128 0x49
 2498 018b 13       		.uleb128 0x13
 2499 018c 3F       		.uleb128 0x3f
 2500 018d 0C       		.uleb128 0xc
 2501 018e 3C       		.uleb128 0x3c
 2502 018f 0C       		.uleb128 0xc
 2503 0190 00       		.byte	0
 2504 0191 00       		.byte	0
 2505 0192 1F       		.uleb128 0x1f
 2506 0193 2E       		.uleb128 0x2e
 2507 0194 01       		.byte	0x1
 2508 0195 3F       		.uleb128 0x3f
 2509 0196 0C       		.uleb128 0xc
 2510 0197 03       		.uleb128 0x3
 2511 0198 0E       		.uleb128 0xe
 2512 0199 3A       		.uleb128 0x3a
 2513 019a 0B       		.uleb128 0xb
 2514 019b 3B       		.uleb128 0x3b
 2515 019c 0B       		.uleb128 0xb
 2516 019d 39       		.uleb128 0x39
 2517 019e 0B       		.uleb128 0xb
 2518 019f 27       		.uleb128 0x27
 2519 01a0 0C       		.uleb128 0xc
 2520 01a1 49       		.uleb128 0x49
 2521 01a2 13       		.uleb128 0x13
 2522 01a3 11       		.uleb128 0x11
 2523 01a4 01       		.uleb128 0x1
 2524 01a5 12       		.uleb128 0x12
 2525 01a6 01       		.uleb128 0x1
 2526 01a7 40       		.uleb128 0x40
 2527 01a8 0A       		.uleb128 0xa
 2528 01a9 9742     		.uleb128 0x2117
 2529 01ab 0C       		.uleb128 0xc
 2530 01ac 01       		.uleb128 0x1
 2531 01ad 13       		.uleb128 0x13
 2532 01ae 00       		.byte	0
 2533 01af 00       		.byte	0
 2534 01b0 20       		.uleb128 0x20
 2535 01b1 05       		.uleb128 0x5
 2536 01b2 00       		.byte	0
 2537 01b3 03       		.uleb128 0x3
 2538 01b4 0E       		.uleb128 0xe
 2539 01b5 3A       		.uleb128 0x3a
 2540 01b6 0B       		.uleb128 0xb
 2541 01b7 3B       		.uleb128 0x3b
 2542 01b8 0B       		.uleb128 0xb
 2543 01b9 39       		.uleb128 0x39
ARM GAS  /tmp/ccjxy0Cr.s 			page 50


 2544 01ba 0B       		.uleb128 0xb
 2545 01bb 49       		.uleb128 0x49
 2546 01bc 13       		.uleb128 0x13
 2547 01bd 02       		.uleb128 0x2
 2548 01be 06       		.uleb128 0x6
 2549 01bf B742     		.uleb128 0x2137
 2550 01c1 06       		.uleb128 0x6
 2551 01c2 00       		.byte	0
 2552 01c3 00       		.byte	0
 2553 01c4 21       		.uleb128 0x21
 2554 01c5 34       		.uleb128 0x34
 2555 01c6 00       		.byte	0
 2556 01c7 03       		.uleb128 0x3
 2557 01c8 0E       		.uleb128 0xe
 2558 01c9 3A       		.uleb128 0x3a
 2559 01ca 0B       		.uleb128 0xb
 2560 01cb 3B       		.uleb128 0x3b
 2561 01cc 0B       		.uleb128 0xb
 2562 01cd 39       		.uleb128 0x39
 2563 01ce 0B       		.uleb128 0xb
 2564 01cf 49       		.uleb128 0x49
 2565 01d0 13       		.uleb128 0x13
 2566 01d1 02       		.uleb128 0x2
 2567 01d2 06       		.uleb128 0x6
 2568 01d3 B742     		.uleb128 0x2137
 2569 01d5 06       		.uleb128 0x6
 2570 01d6 00       		.byte	0
 2571 01d7 00       		.byte	0
 2572 01d8 22       		.uleb128 0x22
 2573 01d9 2E       		.uleb128 0x2e
 2574 01da 01       		.byte	0x1
 2575 01db 3F       		.uleb128 0x3f
 2576 01dc 0C       		.uleb128 0xc
 2577 01dd 03       		.uleb128 0x3
 2578 01de 0E       		.uleb128 0xe
 2579 01df 3A       		.uleb128 0x3a
 2580 01e0 0B       		.uleb128 0xb
 2581 01e1 3B       		.uleb128 0x3b
 2582 01e2 0B       		.uleb128 0xb
 2583 01e3 39       		.uleb128 0x39
 2584 01e4 0B       		.uleb128 0xb
 2585 01e5 27       		.uleb128 0x27
 2586 01e6 0C       		.uleb128 0xc
 2587 01e7 11       		.uleb128 0x11
 2588 01e8 01       		.uleb128 0x1
 2589 01e9 12       		.uleb128 0x12
 2590 01ea 01       		.uleb128 0x1
 2591 01eb 40       		.uleb128 0x40
 2592 01ec 06       		.uleb128 0x6
 2593 01ed 9742     		.uleb128 0x2117
 2594 01ef 0C       		.uleb128 0xc
 2595 01f0 01       		.uleb128 0x1
 2596 01f1 13       		.uleb128 0x13
 2597 01f2 00       		.byte	0
 2598 01f3 00       		.byte	0
 2599 01f4 23       		.uleb128 0x23
 2600 01f5 05       		.uleb128 0x5
ARM GAS  /tmp/ccjxy0Cr.s 			page 51


 2601 01f6 00       		.byte	0
 2602 01f7 03       		.uleb128 0x3
 2603 01f8 0E       		.uleb128 0xe
 2604 01f9 3A       		.uleb128 0x3a
 2605 01fa 0B       		.uleb128 0xb
 2606 01fb 3B       		.uleb128 0x3b
 2607 01fc 0B       		.uleb128 0xb
 2608 01fd 39       		.uleb128 0x39
 2609 01fe 0B       		.uleb128 0xb
 2610 01ff 49       		.uleb128 0x49
 2611 0200 13       		.uleb128 0x13
 2612 0201 02       		.uleb128 0x2
 2613 0202 0A       		.uleb128 0xa
 2614 0203 00       		.byte	0
 2615 0204 00       		.byte	0
 2616 0205 24       		.uleb128 0x24
 2617 0206 2E       		.uleb128 0x2e
 2618 0207 01       		.byte	0x1
 2619 0208 3F       		.uleb128 0x3f
 2620 0209 0C       		.uleb128 0xc
 2621 020a 03       		.uleb128 0x3
 2622 020b 0E       		.uleb128 0xe
 2623 020c 3A       		.uleb128 0x3a
 2624 020d 0B       		.uleb128 0xb
 2625 020e 3B       		.uleb128 0x3b
 2626 020f 0B       		.uleb128 0xb
 2627 0210 39       		.uleb128 0x39
 2628 0211 0B       		.uleb128 0xb
 2629 0212 27       		.uleb128 0x27
 2630 0213 0C       		.uleb128 0xc
 2631 0214 11       		.uleb128 0x11
 2632 0215 01       		.uleb128 0x1
 2633 0216 12       		.uleb128 0x12
 2634 0217 01       		.uleb128 0x1
 2635 0218 40       		.uleb128 0x40
 2636 0219 0A       		.uleb128 0xa
 2637 021a 9742     		.uleb128 0x2117
 2638 021c 0C       		.uleb128 0xc
 2639 021d 01       		.uleb128 0x1
 2640 021e 13       		.uleb128 0x13
 2641 021f 00       		.byte	0
 2642 0220 00       		.byte	0
 2643 0221 25       		.uleb128 0x25
 2644 0222 2E       		.uleb128 0x2e
 2645 0223 01       		.byte	0x1
 2646 0224 3F       		.uleb128 0x3f
 2647 0225 0C       		.uleb128 0xc
 2648 0226 03       		.uleb128 0x3
 2649 0227 0E       		.uleb128 0xe
 2650 0228 3A       		.uleb128 0x3a
 2651 0229 0B       		.uleb128 0xb
 2652 022a 3B       		.uleb128 0x3b
 2653 022b 0B       		.uleb128 0xb
 2654 022c 39       		.uleb128 0x39
 2655 022d 0B       		.uleb128 0xb
 2656 022e 27       		.uleb128 0x27
 2657 022f 0C       		.uleb128 0xc
ARM GAS  /tmp/ccjxy0Cr.s 			page 52


 2658 0230 11       		.uleb128 0x11
 2659 0231 01       		.uleb128 0x1
 2660 0232 12       		.uleb128 0x12
 2661 0233 01       		.uleb128 0x1
 2662 0234 40       		.uleb128 0x40
 2663 0235 0A       		.uleb128 0xa
 2664 0236 9742     		.uleb128 0x2117
 2665 0238 0C       		.uleb128 0xc
 2666 0239 00       		.byte	0
 2667 023a 00       		.byte	0
 2668 023b 00       		.byte	0
 2669              		.section	.debug_loc,"",%progbits
 2670              	.Ldebug_loc0:
 2671              	.LVUS4:
 2672 0000 00       		.uleb128 0
 2673 0001 00       		.uleb128 .LVU90
 2674 0002 00       		.uleb128 .LVU90
 2675 0003 00       		.uleb128 0
 2676              	.LLST4:
 2677 0004 62000000 		.4byte	.LVL12-.Ltext0
 2678 0008 7A000000 		.4byte	.LVL14-.Ltext0
 2679 000c 0100     		.2byte	0x1
 2680 000e 50       		.byte	0x50
 2681 000f 7A000000 		.4byte	.LVL14-.Ltext0
 2682 0013 80000000 		.4byte	.LFE9-.Ltext0
 2683 0017 0400     		.2byte	0x4
 2684 0019 F3       		.byte	0xf3
 2685 001a 01       		.uleb128 0x1
 2686 001b 50       		.byte	0x50
 2687 001c 9F       		.byte	0x9f
 2688 001d 00000000 		.4byte	0
 2689 0021 00000000 		.4byte	0
 2690              	.LVUS5:
 2691 0025 00       		.uleb128 .LVU75
 2692 0026 00       		.uleb128 0
 2693              	.LLST5:
 2694 0027 64000000 		.4byte	.LVL13-.Ltext0
 2695 002b 80000000 		.4byte	.LFE9-.Ltext0
 2696 002f 0100     		.2byte	0x1
 2697 0031 53       		.byte	0x53
 2698 0032 00000000 		.4byte	0
 2699 0036 00000000 		.4byte	0
 2700              	.LLST1:
 2701 003a 34000000 		.4byte	.LFB8-.Ltext0
 2702 003e 36000000 		.4byte	.LCFI0-.Ltext0
 2703 0042 0200     		.2byte	0x2
 2704 0044 7D       		.byte	0x7d
 2705 0045 00       		.sleb128 0
 2706 0046 36000000 		.4byte	.LCFI0-.Ltext0
 2707 004a 62000000 		.4byte	.LFE8-.Ltext0
 2708 004e 0200     		.2byte	0x2
 2709 0050 7D       		.byte	0x7d
 2710 0051 0C       		.sleb128 12
 2711 0052 00000000 		.4byte	0
 2712 0056 00000000 		.4byte	0
 2713              	.LVUS2:
 2714 005a 00       		.uleb128 .LVU52
ARM GAS  /tmp/ccjxy0Cr.s 			page 53


 2715 005b 00       		.uleb128 .LVU63
 2716 005c 00       		.uleb128 .LVU63
 2717 005d 00       		.uleb128 .LVU67
 2718 005e 00       		.uleb128 .LVU69
 2719 005f 00       		.uleb128 .LVU71
 2720 0060 00       		.uleb128 .LVU71
 2721 0061 00       		.uleb128 0
 2722              	.LLST2:
 2723 0062 3E000000 		.4byte	.LVL7-.Ltext0
 2724 0066 4A000000 		.4byte	.LVL8-.Ltext0
 2725 006a 0100     		.2byte	0x1
 2726 006c 53       		.byte	0x53
 2727 006d 4A000000 		.4byte	.LVL8-.Ltext0
 2728 0071 52000000 		.4byte	.LVL9-.Ltext0
 2729 0075 0200     		.2byte	0x2
 2730 0077 71       		.byte	0x71
 2731 0078 08       		.sleb128 8
 2732 0079 56000000 		.4byte	.LVL10-.Ltext0
 2733 007d 5A000000 		.4byte	.LVL11-.Ltext0
 2734 0081 0100     		.2byte	0x1
 2735 0083 52       		.byte	0x52
 2736 0084 5A000000 		.4byte	.LVL11-.Ltext0
 2737 0088 62000000 		.4byte	.LFE8-.Ltext0
 2738 008c 0100     		.2byte	0x1
 2739 008e 53       		.byte	0x53
 2740 008f 00000000 		.4byte	0
 2741 0093 00000000 		.4byte	0
 2742              	.LVUS3:
 2743 0097 00       		.uleb128 .LVU46
 2744 0098 00       		.uleb128 0
 2745              	.LLST3:
 2746 0099 38000000 		.4byte	.LVL6-.Ltext0
 2747 009d 62000000 		.4byte	.LFE8-.Ltext0
 2748 00a1 0100     		.2byte	0x1
 2749 00a3 54       		.byte	0x54
 2750 00a4 00000000 		.4byte	0
 2751 00a8 00000000 		.4byte	0
 2752              	.LVUS0:
 2753 00ac 00       		.uleb128 .LVU23
 2754 00ad 00       		.uleb128 .LVU37
 2755 00ae 00       		.uleb128 .LVU37
 2756 00af 00       		.uleb128 0
 2757              	.LLST0:
 2758 00b0 1E000000 		.4byte	.LVL3-.Ltext0
 2759 00b4 2C000000 		.4byte	.LVL4-.Ltext0
 2760 00b8 0100     		.2byte	0x1
 2761 00ba 53       		.byte	0x53
 2762 00bb 2C000000 		.4byte	.LVL4-.Ltext0
 2763 00bf 34000000 		.4byte	.LFE7-.Ltext0
 2764 00c3 0200     		.2byte	0x2
 2765 00c5 70       		.byte	0x70
 2766 00c6 04       		.sleb128 4
 2767 00c7 00000000 		.4byte	0
 2768 00cb 00000000 		.4byte	0
 2769              		.section	.debug_aranges,"",%progbits
 2770 0000 1C000000 		.4byte	0x1c
 2771 0004 0200     		.2byte	0x2
ARM GAS  /tmp/ccjxy0Cr.s 			page 54


 2772 0006 00000000 		.4byte	.Ldebug_info0
 2773 000a 04       		.byte	0x4
 2774 000b 00       		.byte	0
 2775 000c 0000     		.2byte	0
 2776 000e 0000     		.2byte	0
 2777 0010 00000000 		.4byte	.Ltext0
 2778 0014 80000000 		.4byte	.Letext0-.Ltext0
 2779 0018 00000000 		.4byte	0
 2780 001c 00000000 		.4byte	0
 2781              		.section	.debug_line,"",%progbits
 2782              	.Ldebug_line0:
 2783 0000 9B020000 		.section	.debug_str,"MS",%progbits,1
 2783      03001801 
 2783      00000201 
 2783      FB0E0D00 
 2783      01010101 
 2784              	.LASF38:
 2785 0000 5F64736F 		.ascii	"_dso_handle\000"
 2785      5F68616E 
 2785      646C6500 
 2786              	.LASF46:
 2787 000c 5F73697A 		.ascii	"_size\000"
 2787      6500
 2788              	.LASF131:
 2789 0012 4D696E69 		.ascii	"MiniListItem_t\000"
 2789      4C697374 
 2789      4974656D 
 2789      5F7400
 2790              	.LASF91:
 2791 0021 5F72616E 		.ascii	"_rand48\000"
 2791      64343800 
 2792              	.LASF70:
 2793 0029 5F656D65 		.ascii	"_emergency\000"
 2793      7267656E 
 2793      637900
 2794              	.LASF60:
 2795 0034 5F646174 		.ascii	"_data\000"
 2795      6100
 2796              	.LASF111:
 2797 003a 5F776372 		.ascii	"_wcrtomb_state\000"
 2797      746F6D62 
 2797      5F737461 
 2797      746500
 2798              	.LASF112:
 2799 0049 5F776373 		.ascii	"_wcsrtombs_state\000"
 2799      72746F6D 
 2799      62735F73 
 2799      74617465 
 2799      00
 2800              	.LASF9:
 2801 005a 6C6F6E67 		.ascii	"long long unsigned int\000"
 2801      206C6F6E 
 2801      6720756E 
 2801      7369676E 
 2801      65642069 
 2802              	.LASF50:
 2803 0071 5F6C6266 		.ascii	"_lbfsize\000"
ARM GAS  /tmp/ccjxy0Cr.s 			page 55


 2803      73697A65 
 2803      00
 2804              	.LASF148:
 2805 007a 5F5F6C6F 		.ascii	"__locale_t\000"
 2805      63616C65 
 2805      5F7400
 2806              	.LASF135:
 2807 0085 784C6973 		.ascii	"xListEnd\000"
 2807      74456E64 
 2807      00
 2808              	.LASF138:
 2809 008e 70784E65 		.ascii	"pxNewListItem\000"
 2809      774C6973 
 2809      74497465 
 2809      6D00
 2810              	.LASF109:
 2811 009c 5F6D6272 		.ascii	"_mbrtowc_state\000"
 2811      746F7763 
 2811      5F737461 
 2811      746500
 2812              	.LASF104:
 2813 00ab 5F776374 		.ascii	"_wctomb_state\000"
 2813      6F6D625F 
 2813      73746174 
 2813      6500
 2814              	.LASF145:
 2815 00b9 474E5520 		.ascii	"GNU C17 9.2.1 20191025 (release) [ARM/arm-9-branch "
 2815      43313720 
 2815      392E322E 
 2815      31203230 
 2815      31393130 
 2816 00ec 72657669 		.ascii	"revision 277599] -mcpu=cortex-m3 -mthumb -mfloat-ab"
 2816      73696F6E 
 2816      20323737 
 2816      3539395D 
 2816      202D6D63 
 2817 011f 693D736F 		.ascii	"i=soft -march=armv7-m -g -gdwarf-2 -Os -fomit-frame"
 2817      6674202D 
 2817      6D617263 
 2817      683D6172 
 2817      6D76372D 
 2818 0152 2D706F69 		.ascii	"-pointer\000"
 2818      6E746572 
 2818      00
 2819              	.LASF1:
 2820 015b 6C6F6E67 		.ascii	"long long int\000"
 2820      206C6F6E 
 2820      6720696E 
 2820      7400
 2821              	.LASF3:
 2822 0169 7369676E 		.ascii	"signed char\000"
 2822      65642063 
 2822      68617200 
 2823              	.LASF56:
 2824 0175 5F756275 		.ascii	"_ubuf\000"
 2824      6600
 2825              	.LASF45:
ARM GAS  /tmp/ccjxy0Cr.s 			page 56


 2826 017b 5F626173 		.ascii	"_base\000"
 2826      6500
 2827              	.LASF29:
 2828 0181 5F5F746D 		.ascii	"__tm_hour\000"
 2828      5F686F75 
 2828      7200
 2829              	.LASF85:
 2830 018b 5F5F7366 		.ascii	"__sf\000"
 2830      00
 2831              	.LASF36:
 2832 0190 5F6F6E5F 		.ascii	"_on_exit_args\000"
 2832      65786974 
 2832      5F617267 
 2832      7300
 2833              	.LASF51:
 2834 019e 5F636F6F 		.ascii	"_cookie\000"
 2834      6B696500 
 2835              	.LASF84:
 2836 01a6 5F5F7367 		.ascii	"__sglue\000"
 2836      6C756500 
 2837              	.LASF7:
 2838 01ae 6C6F6E67 		.ascii	"long int\000"
 2838      20696E74 
 2838      00
 2839              	.LASF48:
 2840 01b7 5F666C61 		.ascii	"_flags\000"
 2840      677300
 2841              	.LASF40:
 2842 01be 5F69735F 		.ascii	"_is_cxa\000"
 2842      63786100 
 2843              	.LASF66:
 2844 01c6 5F737464 		.ascii	"_stdin\000"
 2844      696E00
 2845              	.LASF58:
 2846 01cd 5F626C6B 		.ascii	"_blksize\000"
 2846      73697A65 
 2846      00
 2847              	.LASF80:
 2848 01d6 5F637674 		.ascii	"_cvtbuf\000"
 2848      62756600 
 2849              	.LASF59:
 2850 01de 5F6F6666 		.ascii	"_offset\000"
 2850      73657400 
 2851              	.LASF144:
 2852 01e6 70784974 		.ascii	"pxItem\000"
 2852      656D00
 2853              	.LASF142:
 2854 01ed 764C6973 		.ascii	"vListInsertEnd\000"
 2854      74496E73 
 2854      65727445 
 2854      6E6400
 2855              	.LASF110:
 2856 01fc 5F6D6273 		.ascii	"_mbsrtowcs_state\000"
 2856      72746F77 
 2856      63735F73 
 2856      74617465 
 2856      00
ARM GAS  /tmp/ccjxy0Cr.s 			page 57


 2857              	.LASF108:
 2858 020d 5F6D6272 		.ascii	"_mbrlen_state\000"
 2858      6C656E5F 
 2858      73746174 
 2858      6500
 2859              	.LASF37:
 2860 021b 5F666E61 		.ascii	"_fnargs\000"
 2860      72677300 
 2861              	.LASF43:
 2862 0223 5F666E73 		.ascii	"_fns\000"
 2862      00
 2863              	.LASF143:
 2864 0228 764C6973 		.ascii	"vListInitialiseItem\000"
 2864      74496E69 
 2864      7469616C 
 2864      69736549 
 2864      74656D00 
 2865              	.LASF23:
 2866 023c 5F736967 		.ascii	"_sign\000"
 2866      6E00
 2867              	.LASF20:
 2868 0242 5F666C6F 		.ascii	"_flock_t\000"
 2868      636B5F74 
 2868      00
 2869              	.LASF68:
 2870 024b 5F737464 		.ascii	"_stderr\000"
 2870      65727200 
 2871              	.LASF25:
 2872 0253 5F426967 		.ascii	"_Bigint\000"
 2872      696E7400 
 2873              	.LASF99:
 2874 025b 5F67616D 		.ascii	"_gamma_signgam\000"
 2874      6D615F73 
 2874      69676E67 
 2874      616D00
 2875              	.LASF52:
 2876 026a 5F726561 		.ascii	"_read\000"
 2876      6400
 2877              	.LASF76:
 2878 0270 5F726573 		.ascii	"_result_k\000"
 2878      756C745F 
 2878      6B00
 2879              	.LASF26:
 2880 027a 5F5F746D 		.ascii	"__tm\000"
 2880      00
 2881              	.LASF0:
 2882 027f 756E7369 		.ascii	"unsigned int\000"
 2882      676E6564 
 2882      20696E74 
 2882      00
 2883              	.LASF14:
 2884 028c 5F5F7763 		.ascii	"__wchb\000"
 2884      686200
 2885              	.LASF67:
 2886 0293 5F737464 		.ascii	"_stdout\000"
 2886      6F757400 
 2887              	.LASF79:
ARM GAS  /tmp/ccjxy0Cr.s 			page 58


 2888 029b 5F637674 		.ascii	"_cvtlen\000"
 2888      6C656E00 
 2889              	.LASF133:
 2890 02a3 75784E75 		.ascii	"uxNumberOfItems\000"
 2890      6D626572 
 2890      4F664974 
 2890      656D7300 
 2891              	.LASF8:
 2892 02b3 6C6F6E67 		.ascii	"long unsigned int\000"
 2892      20756E73 
 2892      69676E65 
 2892      6420696E 
 2892      7400
 2893              	.LASF49:
 2894 02c5 5F66696C 		.ascii	"_file\000"
 2894      6500
 2895              	.LASF89:
 2896 02cb 5F6E696F 		.ascii	"_niobs\000"
 2896      627300
 2897              	.LASF6:
 2898 02d2 73686F72 		.ascii	"short unsigned int\000"
 2898      7420756E 
 2898      7369676E 
 2898      65642069 
 2898      6E7400
 2899              	.LASF82:
 2900 02e5 5F617465 		.ascii	"_atexit0\000"
 2900      78697430 
 2900      00
 2901              	.LASF106:
 2902 02ee 5F736967 		.ascii	"_signal_buf\000"
 2902      6E616C5F 
 2902      62756600 
 2903              	.LASF97:
 2904 02fa 5F617363 		.ascii	"_asctime_buf\000"
 2904      74696D65 
 2904      5F627566 
 2904      00
 2905              	.LASF75:
 2906 0307 5F726573 		.ascii	"_result\000"
 2906      756C7400 
 2907              	.LASF13:
 2908 030f 5F5F7763 		.ascii	"__wch\000"
 2908      6800
 2909              	.LASF10:
 2910 0315 77696E74 		.ascii	"wint_t\000"
 2910      5F7400
 2911              	.LASF61:
 2912 031c 5F6C6F63 		.ascii	"_lock\000"
 2912      6B00
 2913              	.LASF63:
 2914 0322 5F666C61 		.ascii	"_flags2\000"
 2914      67733200 
 2915              	.LASF53:
 2916 032a 5F777269 		.ascii	"_write\000"
 2916      746500
 2917              	.LASF32:
ARM GAS  /tmp/ccjxy0Cr.s 			page 59


 2918 0331 5F5F746D 		.ascii	"__tm_year\000"
 2918      5F796561 
 2918      7200
 2919              	.LASF130:
 2920 033b 784D494E 		.ascii	"xMINI_LIST_ITEM\000"
 2920      495F4C49 
 2920      53545F49 
 2920      54454D00 
 2921              	.LASF2:
 2922 034b 6C6F6E67 		.ascii	"long double\000"
 2922      20646F75 
 2922      626C6500 
 2923              	.LASF150:
 2924 0357 70784974 		.ascii	"pxItemToRemove\000"
 2924      656D546F 
 2924      52656D6F 
 2924      766500
 2925              	.LASF122:
 2926 0366 5469636B 		.ascii	"TickType_t\000"
 2926      54797065 
 2926      5F7400
 2927              	.LASF114:
 2928 0371 5F6E6578 		.ascii	"_nextf\000"
 2928      746600
 2929              	.LASF31:
 2930 0378 5F5F746D 		.ascii	"__tm_mon\000"
 2930      5F6D6F6E 
 2930      00
 2931              	.LASF41:
 2932 0381 5F617465 		.ascii	"_atexit\000"
 2932      78697400 
 2933              	.LASF119:
 2934 0389 7375626F 		.ascii	"suboptarg\000"
 2934      70746172 
 2934      6700
 2935              	.LASF73:
 2936 0393 5F5F7364 		.ascii	"__sdidinit\000"
 2936      6964696E 
 2936      697400
 2937              	.LASF11:
 2938 039e 5F6F6666 		.ascii	"_off_t\000"
 2938      5F7400
 2939              	.LASF126:
 2940 03a5 70785072 		.ascii	"pxPrevious\000"
 2940      6576696F 
 2940      757300
 2941              	.LASF127:
 2942 03b0 70764F77 		.ascii	"pvOwner\000"
 2942      6E657200 
 2943              	.LASF78:
 2944 03b8 5F667265 		.ascii	"_freelist\000"
 2944      656C6973 
 2944      7400
 2945              	.LASF149:
 2946 03c2 75784C69 		.ascii	"uxListRemove\000"
 2946      73745265 
 2946      6D6F7665 
ARM GAS  /tmp/ccjxy0Cr.s 			page 60


 2946      00
 2947              	.LASF134:
 2948 03cf 7078496E 		.ascii	"pxIndex\000"
 2948      64657800 
 2949              	.LASF128:
 2950 03d7 7076436F 		.ascii	"pvContainer\000"
 2950      6E746169 
 2950      6E657200 
 2951              	.LASF19:
 2952 03e3 5F4C4F43 		.ascii	"_LOCK_RECURSIVE_T\000"
 2952      4B5F5245 
 2952      43555253 
 2952      4956455F 
 2952      5400
 2953              	.LASF4:
 2954 03f5 756E7369 		.ascii	"unsigned char\000"
 2954      676E6564 
 2954      20636861 
 2954      7200
 2955              	.LASF81:
 2956 0403 5F6E6577 		.ascii	"_new\000"
 2956      00
 2957              	.LASF113:
 2958 0408 5F685F65 		.ascii	"_h_errno\000"
 2958      72726E6F 
 2958      00
 2959              	.LASF5:
 2960 0411 73686F72 		.ascii	"short int\000"
 2960      7420696E 
 2960      7400
 2961              	.LASF34:
 2962 041b 5F5F746D 		.ascii	"__tm_yday\000"
 2962      5F796461 
 2962      7900
 2963              	.LASF44:
 2964 0425 5F5F7362 		.ascii	"__sbuf\000"
 2964      756600
 2965              	.LASF90:
 2966 042c 5F696F62 		.ascii	"_iobs\000"
 2966      7300
 2967              	.LASF87:
 2968 0432 5F5F4649 		.ascii	"__FILE\000"
 2968      4C4500
 2969              	.LASF17:
 2970 0439 5F6D6273 		.ascii	"_mbstate_t\000"
 2970      74617465 
 2970      5F7400
 2971              	.LASF47:
 2972 0444 5F5F7346 		.ascii	"__sFILE\000"
 2972      494C4500 
 2973              	.LASF62:
 2974 044c 5F6D6273 		.ascii	"_mbstate\000"
 2974      74617465 
 2974      00
 2975              	.LASF100:
 2976 0455 5F72616E 		.ascii	"_rand_next\000"
 2976      645F6E65 
ARM GAS  /tmp/ccjxy0Cr.s 			page 61


 2976      787400
 2977              	.LASF132:
 2978 0460 784C4953 		.ascii	"xLIST\000"
 2978      5400
 2979              	.LASF102:
 2980 0466 5F6D626C 		.ascii	"_mblen_state\000"
 2980      656E5F73 
 2980      74617465 
 2980      00
 2981              	.LASF69:
 2982 0473 5F696E63 		.ascii	"_inc\000"
 2982      00
 2983              	.LASF42:
 2984 0478 5F696E64 		.ascii	"_ind\000"
 2984      00
 2985              	.LASF136:
 2986 047d 4C697374 		.ascii	"List_t\000"
 2986      5F7400
 2987              	.LASF72:
 2988 0484 5F6C6F63 		.ascii	"_locale\000"
 2988      616C6500 
 2989              	.LASF74:
 2990 048c 5F5F636C 		.ascii	"__cleanup\000"
 2990      65616E75 
 2990      7000
 2991              	.LASF71:
 2992 0496 5F756E73 		.ascii	"_unspecified_locale_info\000"
 2992      70656369 
 2992      66696564 
 2992      5F6C6F63 
 2992      616C655F 
 2993              	.LASF22:
 2994 04af 5F6D6178 		.ascii	"_maxwds\000"
 2994      77647300 
 2995              	.LASF64:
 2996 04b7 5F726565 		.ascii	"_reent\000"
 2996      6E7400
 2997              	.LASF92:
 2998 04be 5F736565 		.ascii	"_seed\000"
 2998      6400
 2999              	.LASF15:
 3000 04c4 5F5F636F 		.ascii	"__count\000"
 3000      756E7400 
 3001              	.LASF16:
 3002 04cc 5F5F7661 		.ascii	"__value\000"
 3002      6C756500 
 3003              	.LASF54:
 3004 04d4 5F736565 		.ascii	"_seek\000"
 3004      6B00
 3005              	.LASF117:
 3006 04da 5F696D70 		.ascii	"_impure_ptr\000"
 3006      7572655F 
 3006      70747200 
 3007              	.LASF146:
 3008 04e6 6C69622F 		.ascii	"lib/freertos/list.c\000"
 3008      66726565 
 3008      72746F73 
ARM GAS  /tmp/ccjxy0Cr.s 			page 62


 3008      2F6C6973 
 3008      742E6300 
 3009              	.LASF12:
 3010 04fa 5F66706F 		.ascii	"_fpos_t\000"
 3010      735F7400 
 3011              	.LASF65:
 3012 0502 5F657272 		.ascii	"_errno\000"
 3012      6E6F00
 3013              	.LASF86:
 3014 0509 63686172 		.ascii	"char\000"
 3014      00
 3015              	.LASF137:
 3016 050e 70784C69 		.ascii	"pxList\000"
 3016      737400
 3017              	.LASF28:
 3018 0515 5F5F746D 		.ascii	"__tm_min\000"
 3018      5F6D696E 
 3018      00
 3019              	.LASF129:
 3020 051e 4C697374 		.ascii	"ListItem_t\000"
 3020      4974656D 
 3020      5F7400
 3021              	.LASF151:
 3022 0529 764C6973 		.ascii	"vListInitialise\000"
 3022      74496E69 
 3022      7469616C 
 3022      69736500 
 3023              	.LASF93:
 3024 0539 5F6D756C 		.ascii	"_mult\000"
 3024      7400
 3025              	.LASF21:
 3026 053f 5F6E6578 		.ascii	"_next\000"
 3026      7400
 3027              	.LASF96:
 3028 0545 5F737472 		.ascii	"_strtok_last\000"
 3028      746F6B5F 
 3028      6C617374 
 3028      00
 3029              	.LASF147:
 3030 0552 2F686F6D 		.ascii	"/home/noah/WorkPlace/FlightController\000"
 3030      652F6E6F 
 3030      61682F57 
 3030      6F726B50 
 3030      6C616365 
 3031              	.LASF39:
 3032 0578 5F666E74 		.ascii	"_fntypes\000"
 3032      79706573 
 3032      00
 3033              	.LASF94:
 3034 0581 5F616464 		.ascii	"_add\000"
 3034      00
 3035              	.LASF139:
 3036 0586 70784974 		.ascii	"pxIterator\000"
 3036      65726174 
 3036      6F7200
 3037              	.LASF18:
 3038 0591 5F5F554C 		.ascii	"__ULong\000"
ARM GAS  /tmp/ccjxy0Cr.s 			page 63


 3038      6F6E6700 
 3039              	.LASF107:
 3040 0599 5F676574 		.ascii	"_getdate_err\000"
 3040      64617465 
 3040      5F657272 
 3040      00
 3041              	.LASF118:
 3042 05a6 5F676C6F 		.ascii	"_global_impure_ptr\000"
 3042      62616C5F 
 3042      696D7075 
 3042      72655F70 
 3042      747200
 3043              	.LASF120:
 3044 05b9 75696E74 		.ascii	"uint32_t\000"
 3044      33325F74 
 3044      00
 3045              	.LASF124:
 3046 05c2 78497465 		.ascii	"xItemValue\000"
 3046      6D56616C 
 3046      756500
 3047              	.LASF95:
 3048 05cd 5F756E75 		.ascii	"_unused_rand\000"
 3048      7365645F 
 3048      72616E64 
 3048      00
 3049              	.LASF27:
 3050 05da 5F5F746D 		.ascii	"__tm_sec\000"
 3050      5F736563 
 3050      00
 3051              	.LASF24:
 3052 05e3 5F776473 		.ascii	"_wds\000"
 3052      00
 3053              	.LASF33:
 3054 05e8 5F5F746D 		.ascii	"__tm_wday\000"
 3054      5F776461 
 3054      7900
 3055              	.LASF88:
 3056 05f2 5F676C75 		.ascii	"_glue\000"
 3056      6500
 3057              	.LASF115:
 3058 05f8 5F6E6D61 		.ascii	"_nmalloc\000"
 3058      6C6C6F63 
 3058      00
 3059              	.LASF105:
 3060 0601 5F6C3634 		.ascii	"_l64a_buf\000"
 3060      615F6275 
 3060      6600
 3061              	.LASF141:
 3062 060b 764C6973 		.ascii	"vListInsert\000"
 3062      74496E73 
 3062      65727400 
 3063              	.LASF83:
 3064 0617 5F736967 		.ascii	"_sig_func\000"
 3064      5F66756E 
 3064      6300
 3065              	.LASF140:
 3066 0621 7856616C 		.ascii	"xValueOfInsertion\000"
ARM GAS  /tmp/ccjxy0Cr.s 			page 64


 3066      75654F66 
 3066      496E7365 
 3066      7274696F 
 3066      6E00
 3067              	.LASF125:
 3068 0633 70784E65 		.ascii	"pxNext\000"
 3068      787400
 3069              	.LASF57:
 3070 063a 5F6E6275 		.ascii	"_nbuf\000"
 3070      6600
 3071              	.LASF116:
 3072 0640 5F756E75 		.ascii	"_unused\000"
 3072      73656400 
 3073              	.LASF35:
 3074 0648 5F5F746D 		.ascii	"__tm_isdst\000"
 3074      5F697364 
 3074      737400
 3075              	.LASF98:
 3076 0653 5F6C6F63 		.ascii	"_localtime_buf\000"
 3076      616C7469 
 3076      6D655F62 
 3076      756600
 3077              	.LASF55:
 3078 0662 5F636C6F 		.ascii	"_close\000"
 3078      736500
 3079              	.LASF101:
 3080 0669 5F723438 		.ascii	"_r48\000"
 3080      00
 3081              	.LASF123:
 3082 066e 784C4953 		.ascii	"xLIST_ITEM\000"
 3082      545F4954 
 3082      454D00
 3083              	.LASF103:
 3084 0679 5F6D6274 		.ascii	"_mbtowc_state\000"
 3084      6F77635F 
 3084      73746174 
 3084      6500
 3085              	.LASF77:
 3086 0687 5F703573 		.ascii	"_p5s\000"
 3086      00
 3087              	.LASF121:
 3088 068c 55426173 		.ascii	"UBaseType_t\000"
 3088      65547970 
 3088      655F7400 
 3089              	.LASF30:
 3090 0698 5F5F746D 		.ascii	"__tm_mday\000"
 3090      5F6D6461 
 3090      7900
 3091              		.ident	"GCC: (15:9-2019-q4-0ubuntu1) 9.2.1 20191025 (release) [ARM/arm-9-branch revision 277599]"
ARM GAS  /tmp/ccjxy0Cr.s 			page 65


DEFINED SYMBOLS
                            *ABS*:0000000000000000 list.c
     /tmp/ccjxy0Cr.s:68     .text:0000000000000000 $t
     /tmp/ccjxy0Cr.s:76     .text:0000000000000000 vListInitialise
     /tmp/ccjxy0Cr.s:123    .text:0000000000000016 vListInitialiseItem
     /tmp/ccjxy0Cr.s:151    .text:000000000000001c vListInsertEnd
     /tmp/ccjxy0Cr.s:213    .text:0000000000000034 vListInsert
     /tmp/ccjxy0Cr.s:312    .text:0000000000000062 uxListRemove

NO UNDEFINED SYMBOLS
