ARM GAS  /tmp/cckfSVYB.s 			page 1


   1              		.cpu cortex-m3
   2              		.eabi_attribute 20, 1	@ Tag_ABI_FP_denormal
   3              		.eabi_attribute 21, 1	@ Tag_ABI_FP_exceptions
   4              		.eabi_attribute 23, 3	@ Tag_ABI_FP_number_model
   5              		.eabi_attribute 24, 1	@ Tag_ABI_align8_needed
   6              		.eabi_attribute 25, 1	@ Tag_ABI_align8_preserved
   7              		.eabi_attribute 26, 1	@ Tag_ABI_enum_size
   8              		.eabi_attribute 30, 4	@ Tag_ABI_optimization_goals
   9              		.eabi_attribute 34, 1	@ Tag_CPU_unaligned_access
  10              		.eabi_attribute 18, 4	@ Tag_ABI_PCS_wchar_t
  11              		.file	"heap_4.c"
  12              	@ GNU C17 (15:9-2019-q4-0ubuntu1) version 9.2.1 20191025 (release) [ARM/arm-9-branch revision 27759
  13              	@	compiled by GNU C version 9.2.1 20200306, GMP version 6.2.0, MPFR version 4.0.2, MPC version 1.1.
  14              	
  15              	@ GGC heuristics: --param ggc-min-expand=100 --param ggc-min-heapsize=131072
  16              	@ options passed:  -I . -I ./src -I ./lib/freertos/include
  17              	@ -I ./lib/freertos/portable/GCC/ARM_CM3 -imultilib thumb/v7-m/nofp
  18              	@ -D__USES_INITFINI__ -D RUN_FROM_FLASH=1
  19              	@ lib/freertos/portable/MemMang/heap_4.c -mcpu=cortex-m3 -mthumb
  20              	@ -mfloat-abi=soft -march=armv7-m
  21              	@ -auxbase-strip lib/freertos/portable/MemMang/heap_4.o -g -gdwarf-2 -Os
  22              	@ -Wall -fomit-frame-pointer -fverbose-asm
  23              	@ options enabled:  -faggressive-loop-optimizations -fassume-phsa
  24              	@ -fauto-inc-dec -fbranch-count-reg -fcaller-saves -fcode-hoisting
  25              	@ -fcombine-stack-adjustments -fcommon -fcompare-elim -fcprop-registers
  26              	@ -fcrossjumping -fcse-follow-jumps -fdefer-pop
  27              	@ -fdelete-null-pointer-checks -fdevirtualize -fdevirtualize-speculatively
  28              	@ -fdwarf2-cfi-asm -fearly-inlining -feliminate-unused-debug-types
  29              	@ -fexpensive-optimizations -fforward-propagate -ffp-int-builtin-inexact
  30              	@ -ffunction-cse -fgcse -fgcse-lm -fgnu-runtime -fgnu-unique
  31              	@ -fguess-branch-probability -fhoist-adjacent-loads -fident -fif-conversion
  32              	@ -fif-conversion2 -findirect-inlining -finline -finline-atomics
  33              	@ -finline-functions -finline-functions-called-once
  34              	@ -finline-small-functions -fipa-bit-cp -fipa-cp -fipa-icf
  35              	@ -fipa-icf-functions -fipa-icf-variables -fipa-profile -fipa-pure-const
  36              	@ -fipa-ra -fipa-reference -fipa-reference-addressable -fipa-sra
  37              	@ -fipa-stack-alignment -fipa-vrp -fira-hoist-pressure
  38              	@ -fira-share-save-slots -fira-share-spill-slots
  39              	@ -fisolate-erroneous-paths-dereference -fivopts -fkeep-static-consts
  40              	@ -fleading-underscore -flifetime-dse -flra-remat -flto-odr-type-merging
  41              	@ -fmath-errno -fmerge-constants -fmerge-debug-strings
  42              	@ -fmove-loop-invariants -fomit-frame-pointer -foptimize-sibling-calls
  43              	@ -fpartial-inlining -fpeephole -fpeephole2 -fplt -fprefetch-loop-arrays
  44              	@ -freg-struct-return -freorder-blocks -freorder-functions
  45              	@ -frerun-cse-after-loop -fsched-critical-path-heuristic
  46              	@ -fsched-dep-count-heuristic -fsched-group-heuristic -fsched-interblock
  47              	@ -fsched-last-insn-heuristic -fsched-pressure -fsched-rank-heuristic
  48              	@ -fsched-spec -fsched-spec-insn-heuristic -fsched-stalled-insns-dep
  49              	@ -fschedule-insns2 -fsection-anchors -fsemantic-interposition
  50              	@ -fshow-column -fshrink-wrap-separate -fsigned-zeros
  51              	@ -fsplit-ivs-in-unroller -fsplit-wide-types -fssa-backprop -fssa-phiopt
  52              	@ -fstdarg-opt -fstore-merging -fstrict-aliasing
  53              	@ -fstrict-volatile-bitfields -fsync-libcalls -fthread-jumps
  54              	@ -ftoplevel-reorder -ftrapping-math -ftree-bit-ccp -ftree-builtin-call-dce
  55              	@ -ftree-ccp -ftree-ch -ftree-coalesce-vars -ftree-copy-prop -ftree-cselim
  56              	@ -ftree-dce -ftree-dominator-opts -ftree-dse -ftree-forwprop -ftree-fre
  57              	@ -ftree-loop-if-convert -ftree-loop-im -ftree-loop-ivcanon
ARM GAS  /tmp/cckfSVYB.s 			page 2


  58              	@ -ftree-loop-optimize -ftree-parallelize-loops= -ftree-phiprop -ftree-pre
  59              	@ -ftree-pta -ftree-reassoc -ftree-scev-cprop -ftree-sink -ftree-slsr
  60              	@ -ftree-sra -ftree-switch-conversion -ftree-tail-merge -ftree-ter
  61              	@ -ftree-vrp -funit-at-a-time -fvar-tracking -fvar-tracking-assignments
  62              	@ -fverbose-asm -fzero-initialized-in-bss -masm-syntax-unified -mbe32
  63              	@ -mfix-cortex-m3-ldrd -mlittle-endian -mpic-data-is-text-relative
  64              	@ -msched-prolog -mthumb -munaligned-access -mvectorize-with-neon-quad
  65              	
  66              		.text
  67              	.Ltext0:
  68              		.cfi_sections	.debug_frame
  69              		.align	1
  70              		.arch armv7-m
  71              		.syntax unified
  72              		.thumb
  73              		.thumb_func
  74              		.fpu softvfp
  75              		.type	prvInsertBlockIntoFreeList, %function
  76              	prvInsertBlockIntoFreeList:
  77              	.LVL0:
  78              	.LFB11:
  79              		.file 1 "lib/freertos/portable/MemMang/heap_4.c"
   1:lib/freertos/portable/MemMang/heap_4.c **** /*
   2:lib/freertos/portable/MemMang/heap_4.c ****     FreeRTOS V9.0.0 - Copyright (C) 2016 Real Time Engineers Ltd.
   3:lib/freertos/portable/MemMang/heap_4.c ****     All rights reserved
   4:lib/freertos/portable/MemMang/heap_4.c **** 
   5:lib/freertos/portable/MemMang/heap_4.c ****     VISIT http://www.FreeRTOS.org TO ENSURE YOU ARE USING THE LATEST VERSION.
   6:lib/freertos/portable/MemMang/heap_4.c **** 
   7:lib/freertos/portable/MemMang/heap_4.c ****     This file is part of the FreeRTOS distribution.
   8:lib/freertos/portable/MemMang/heap_4.c **** 
   9:lib/freertos/portable/MemMang/heap_4.c ****     FreeRTOS is free software; you can redistribute it and/or modify it under
  10:lib/freertos/portable/MemMang/heap_4.c ****     the terms of the GNU General Public License (version 2) as published by the
  11:lib/freertos/portable/MemMang/heap_4.c ****     Free Software Foundation >>>> AND MODIFIED BY <<<< the FreeRTOS exception.
  12:lib/freertos/portable/MemMang/heap_4.c **** 
  13:lib/freertos/portable/MemMang/heap_4.c ****     ***************************************************************************
  14:lib/freertos/portable/MemMang/heap_4.c ****     >>!   NOTE: The modification to the GPL is included to allow you to     !<<
  15:lib/freertos/portable/MemMang/heap_4.c ****     >>!   distribute a combined work that includes FreeRTOS without being   !<<
  16:lib/freertos/portable/MemMang/heap_4.c ****     >>!   obliged to provide the source code for proprietary components     !<<
  17:lib/freertos/portable/MemMang/heap_4.c ****     >>!   outside of the FreeRTOS kernel.                                   !<<
  18:lib/freertos/portable/MemMang/heap_4.c ****     ***************************************************************************
  19:lib/freertos/portable/MemMang/heap_4.c **** 
  20:lib/freertos/portable/MemMang/heap_4.c ****     FreeRTOS is distributed in the hope that it will be useful, but WITHOUT ANY
  21:lib/freertos/portable/MemMang/heap_4.c ****     WARRANTY; without even the implied warranty of MERCHANTABILITY or FITNESS
  22:lib/freertos/portable/MemMang/heap_4.c ****     FOR A PARTICULAR PURPOSE.  Full license text is available on the following
  23:lib/freertos/portable/MemMang/heap_4.c ****     link: http://www.freertos.org/a00114.html
  24:lib/freertos/portable/MemMang/heap_4.c **** 
  25:lib/freertos/portable/MemMang/heap_4.c ****     ***************************************************************************
  26:lib/freertos/portable/MemMang/heap_4.c ****      *                                                                       *
  27:lib/freertos/portable/MemMang/heap_4.c ****      *    FreeRTOS provides completely free yet professionally developed,    *
  28:lib/freertos/portable/MemMang/heap_4.c ****      *    robust, strictly quality controlled, supported, and cross          *
  29:lib/freertos/portable/MemMang/heap_4.c ****      *    platform software that is more than just the market leader, it     *
  30:lib/freertos/portable/MemMang/heap_4.c ****      *    is the industry's de facto standard.                               *
  31:lib/freertos/portable/MemMang/heap_4.c ****      *                                                                       *
  32:lib/freertos/portable/MemMang/heap_4.c ****      *    Help yourself get started quickly while simultaneously helping     *
  33:lib/freertos/portable/MemMang/heap_4.c ****      *    to support the FreeRTOS project by purchasing a FreeRTOS           *
  34:lib/freertos/portable/MemMang/heap_4.c ****      *    tutorial book, reference manual, or both:                          *
  35:lib/freertos/portable/MemMang/heap_4.c ****      *    http://www.FreeRTOS.org/Documentation                              *
ARM GAS  /tmp/cckfSVYB.s 			page 3


  36:lib/freertos/portable/MemMang/heap_4.c ****      *                                                                       *
  37:lib/freertos/portable/MemMang/heap_4.c ****     ***************************************************************************
  38:lib/freertos/portable/MemMang/heap_4.c **** 
  39:lib/freertos/portable/MemMang/heap_4.c ****     http://www.FreeRTOS.org/FAQHelp.html - Having a problem?  Start by reading
  40:lib/freertos/portable/MemMang/heap_4.c ****     the FAQ page "My application does not run, what could be wrong?".  Have you
  41:lib/freertos/portable/MemMang/heap_4.c ****     defined configASSERT()?
  42:lib/freertos/portable/MemMang/heap_4.c **** 
  43:lib/freertos/portable/MemMang/heap_4.c ****     http://www.FreeRTOS.org/support - In return for receiving this top quality
  44:lib/freertos/portable/MemMang/heap_4.c ****     embedded software for free we request you assist our global community by
  45:lib/freertos/portable/MemMang/heap_4.c ****     participating in the support forum.
  46:lib/freertos/portable/MemMang/heap_4.c **** 
  47:lib/freertos/portable/MemMang/heap_4.c ****     http://www.FreeRTOS.org/training - Investing in training allows your team to
  48:lib/freertos/portable/MemMang/heap_4.c ****     be as productive as possible as early as possible.  Now you can receive
  49:lib/freertos/portable/MemMang/heap_4.c ****     FreeRTOS training directly from Richard Barry, CEO of Real Time Engineers
  50:lib/freertos/portable/MemMang/heap_4.c ****     Ltd, and the world's leading authority on the world's leading RTOS.
  51:lib/freertos/portable/MemMang/heap_4.c **** 
  52:lib/freertos/portable/MemMang/heap_4.c ****     http://www.FreeRTOS.org/plus - A selection of FreeRTOS ecosystem products,
  53:lib/freertos/portable/MemMang/heap_4.c ****     including FreeRTOS+Trace - an indispensable productivity tool, a DOS
  54:lib/freertos/portable/MemMang/heap_4.c ****     compatible FAT file system, and our tiny thread aware UDP/IP stack.
  55:lib/freertos/portable/MemMang/heap_4.c **** 
  56:lib/freertos/portable/MemMang/heap_4.c ****     http://www.FreeRTOS.org/labs - Where new FreeRTOS products go to incubate.
  57:lib/freertos/portable/MemMang/heap_4.c ****     Come and try FreeRTOS+TCP, our new open source TCP/IP stack for FreeRTOS.
  58:lib/freertos/portable/MemMang/heap_4.c **** 
  59:lib/freertos/portable/MemMang/heap_4.c ****     http://www.OpenRTOS.com - Real Time Engineers ltd. license FreeRTOS to High
  60:lib/freertos/portable/MemMang/heap_4.c ****     Integrity Systems ltd. to sell under the OpenRTOS brand.  Low cost OpenRTOS
  61:lib/freertos/portable/MemMang/heap_4.c ****     licenses offer ticketed support, indemnification and commercial middleware.
  62:lib/freertos/portable/MemMang/heap_4.c **** 
  63:lib/freertos/portable/MemMang/heap_4.c ****     http://www.SafeRTOS.com - High Integrity Systems also provide a safety
  64:lib/freertos/portable/MemMang/heap_4.c ****     engineered and independently SIL3 certified version for use in safety and
  65:lib/freertos/portable/MemMang/heap_4.c ****     mission critical applications that require provable dependability.
  66:lib/freertos/portable/MemMang/heap_4.c **** 
  67:lib/freertos/portable/MemMang/heap_4.c ****     1 tab == 4 spaces!
  68:lib/freertos/portable/MemMang/heap_4.c **** */
  69:lib/freertos/portable/MemMang/heap_4.c **** 
  70:lib/freertos/portable/MemMang/heap_4.c **** /*
  71:lib/freertos/portable/MemMang/heap_4.c ****  * A sample implementation of pvPortMalloc() and vPortFree() that combines
  72:lib/freertos/portable/MemMang/heap_4.c ****  * (coalescences) adjacent memory blocks as they are freed, and in so doing
  73:lib/freertos/portable/MemMang/heap_4.c ****  * limits memory fragmentation.
  74:lib/freertos/portable/MemMang/heap_4.c ****  *
  75:lib/freertos/portable/MemMang/heap_4.c ****  * See heap_1.c, heap_2.c and heap_3.c for alternative implementations, and the
  76:lib/freertos/portable/MemMang/heap_4.c ****  * memory management pages of http://www.FreeRTOS.org for more information.
  77:lib/freertos/portable/MemMang/heap_4.c ****  */
  78:lib/freertos/portable/MemMang/heap_4.c **** #include <stdlib.h>
  79:lib/freertos/portable/MemMang/heap_4.c **** 
  80:lib/freertos/portable/MemMang/heap_4.c **** /* Defining MPU_WRAPPERS_INCLUDED_FROM_API_FILE prevents task.h from redefining
  81:lib/freertos/portable/MemMang/heap_4.c **** all the API functions to use the MPU wrappers.  That should only be done when
  82:lib/freertos/portable/MemMang/heap_4.c **** task.h is included from an application file. */
  83:lib/freertos/portable/MemMang/heap_4.c **** #define MPU_WRAPPERS_INCLUDED_FROM_API_FILE
  84:lib/freertos/portable/MemMang/heap_4.c **** 
  85:lib/freertos/portable/MemMang/heap_4.c **** #include "FreeRTOS.h"
  86:lib/freertos/portable/MemMang/heap_4.c **** #include "task.h"
  87:lib/freertos/portable/MemMang/heap_4.c **** 
  88:lib/freertos/portable/MemMang/heap_4.c **** #undef MPU_WRAPPERS_INCLUDED_FROM_API_FILE
  89:lib/freertos/portable/MemMang/heap_4.c **** 
  90:lib/freertos/portable/MemMang/heap_4.c **** #if( configSUPPORT_DYNAMIC_ALLOCATION == 0 )
  91:lib/freertos/portable/MemMang/heap_4.c **** 	#error This file must not be used if configSUPPORT_DYNAMIC_ALLOCATION is 0
  92:lib/freertos/portable/MemMang/heap_4.c **** #endif
ARM GAS  /tmp/cckfSVYB.s 			page 4


  93:lib/freertos/portable/MemMang/heap_4.c **** 
  94:lib/freertos/portable/MemMang/heap_4.c **** /* Block sizes must not get too small. */
  95:lib/freertos/portable/MemMang/heap_4.c **** #define heapMINIMUM_BLOCK_SIZE	( ( size_t ) ( xHeapStructSize << 1 ) )
  96:lib/freertos/portable/MemMang/heap_4.c **** 
  97:lib/freertos/portable/MemMang/heap_4.c **** /* Assumes 8bit bytes! */
  98:lib/freertos/portable/MemMang/heap_4.c **** #define heapBITS_PER_BYTE		( ( size_t ) 8 )
  99:lib/freertos/portable/MemMang/heap_4.c **** 
 100:lib/freertos/portable/MemMang/heap_4.c **** /* Allocate the memory for the heap. */
 101:lib/freertos/portable/MemMang/heap_4.c **** #if( configAPPLICATION_ALLOCATED_HEAP == 1 )
 102:lib/freertos/portable/MemMang/heap_4.c **** 	/* The application writer has already defined the array used for the RTOS
 103:lib/freertos/portable/MemMang/heap_4.c **** 	heap - probably so it can be placed in a special segment or address. */
 104:lib/freertos/portable/MemMang/heap_4.c **** 	extern uint8_t ucHeap[ configTOTAL_HEAP_SIZE ];
 105:lib/freertos/portable/MemMang/heap_4.c **** #else
 106:lib/freertos/portable/MemMang/heap_4.c **** 	static uint8_t ucHeap[ configTOTAL_HEAP_SIZE ];
 107:lib/freertos/portable/MemMang/heap_4.c **** #endif /* configAPPLICATION_ALLOCATED_HEAP */
 108:lib/freertos/portable/MemMang/heap_4.c **** 
 109:lib/freertos/portable/MemMang/heap_4.c **** /* Define the linked list structure.  This is used to link free blocks in order
 110:lib/freertos/portable/MemMang/heap_4.c **** of their memory address. */
 111:lib/freertos/portable/MemMang/heap_4.c **** typedef struct A_BLOCK_LINK
 112:lib/freertos/portable/MemMang/heap_4.c **** {
 113:lib/freertos/portable/MemMang/heap_4.c **** 	struct A_BLOCK_LINK *pxNextFreeBlock;	/*<< The next free block in the list. */
 114:lib/freertos/portable/MemMang/heap_4.c **** 	size_t xBlockSize;						/*<< The size of the free block. */
 115:lib/freertos/portable/MemMang/heap_4.c **** } BlockLink_t;
 116:lib/freertos/portable/MemMang/heap_4.c **** 
 117:lib/freertos/portable/MemMang/heap_4.c **** /*-----------------------------------------------------------*/
 118:lib/freertos/portable/MemMang/heap_4.c **** 
 119:lib/freertos/portable/MemMang/heap_4.c **** /*
 120:lib/freertos/portable/MemMang/heap_4.c ****  * Inserts a block of memory that is being freed into the correct position in
 121:lib/freertos/portable/MemMang/heap_4.c ****  * the list of free memory blocks.  The block being freed will be merged with
 122:lib/freertos/portable/MemMang/heap_4.c ****  * the block in front it and/or the block behind it if the memory blocks are
 123:lib/freertos/portable/MemMang/heap_4.c ****  * adjacent to each other.
 124:lib/freertos/portable/MemMang/heap_4.c ****  */
 125:lib/freertos/portable/MemMang/heap_4.c **** static void prvInsertBlockIntoFreeList( BlockLink_t *pxBlockToInsert );
 126:lib/freertos/portable/MemMang/heap_4.c **** 
 127:lib/freertos/portable/MemMang/heap_4.c **** /*
 128:lib/freertos/portable/MemMang/heap_4.c ****  * Called automatically to setup the required heap structures the first time
 129:lib/freertos/portable/MemMang/heap_4.c ****  * pvPortMalloc() is called.
 130:lib/freertos/portable/MemMang/heap_4.c ****  */
 131:lib/freertos/portable/MemMang/heap_4.c **** static void prvHeapInit( void );
 132:lib/freertos/portable/MemMang/heap_4.c **** 
 133:lib/freertos/portable/MemMang/heap_4.c **** /*-----------------------------------------------------------*/
 134:lib/freertos/portable/MemMang/heap_4.c **** 
 135:lib/freertos/portable/MemMang/heap_4.c **** /* The size of the structure placed at the beginning of each allocated memory
 136:lib/freertos/portable/MemMang/heap_4.c **** block must by correctly byte aligned. */
 137:lib/freertos/portable/MemMang/heap_4.c **** static const size_t xHeapStructSize	= ( sizeof( BlockLink_t ) + ( ( size_t ) ( portBYTE_ALIGNMENT -
 138:lib/freertos/portable/MemMang/heap_4.c **** 
 139:lib/freertos/portable/MemMang/heap_4.c **** /* Create a couple of list links to mark the start and end of the list. */
 140:lib/freertos/portable/MemMang/heap_4.c **** static BlockLink_t xStart, *pxEnd = NULL;
 141:lib/freertos/portable/MemMang/heap_4.c **** 
 142:lib/freertos/portable/MemMang/heap_4.c **** /* Keeps track of the number of free bytes remaining, but says nothing about
 143:lib/freertos/portable/MemMang/heap_4.c **** fragmentation. */
 144:lib/freertos/portable/MemMang/heap_4.c **** static size_t xFreeBytesRemaining = 0U;
 145:lib/freertos/portable/MemMang/heap_4.c **** static size_t xMinimumEverFreeBytesRemaining = 0U;
 146:lib/freertos/portable/MemMang/heap_4.c **** 
 147:lib/freertos/portable/MemMang/heap_4.c **** /* Gets set to the top bit of an size_t type.  When this bit in the xBlockSize
 148:lib/freertos/portable/MemMang/heap_4.c **** member of an BlockLink_t structure is set then the block belongs to the
 149:lib/freertos/portable/MemMang/heap_4.c **** application.  When the bit is free the block is still part of the free heap
ARM GAS  /tmp/cckfSVYB.s 			page 5


 150:lib/freertos/portable/MemMang/heap_4.c **** space. */
 151:lib/freertos/portable/MemMang/heap_4.c **** static size_t xBlockAllocatedBit = 0;
 152:lib/freertos/portable/MemMang/heap_4.c **** 
 153:lib/freertos/portable/MemMang/heap_4.c **** /*-----------------------------------------------------------*/
 154:lib/freertos/portable/MemMang/heap_4.c **** 
 155:lib/freertos/portable/MemMang/heap_4.c **** void *pvPortMalloc( size_t xWantedSize )
 156:lib/freertos/portable/MemMang/heap_4.c **** {
 157:lib/freertos/portable/MemMang/heap_4.c **** BlockLink_t *pxBlock, *pxPreviousBlock, *pxNewBlockLink;
 158:lib/freertos/portable/MemMang/heap_4.c **** void *pvReturn = NULL;
 159:lib/freertos/portable/MemMang/heap_4.c **** 
 160:lib/freertos/portable/MemMang/heap_4.c **** 	vTaskSuspendAll();
 161:lib/freertos/portable/MemMang/heap_4.c **** 	{
 162:lib/freertos/portable/MemMang/heap_4.c **** 		/* If this is the first call to malloc then the heap will require
 163:lib/freertos/portable/MemMang/heap_4.c **** 		initialisation to setup the list of free blocks. */
 164:lib/freertos/portable/MemMang/heap_4.c **** 		if( pxEnd == NULL )
 165:lib/freertos/portable/MemMang/heap_4.c **** 		{
 166:lib/freertos/portable/MemMang/heap_4.c **** 			prvHeapInit();
 167:lib/freertos/portable/MemMang/heap_4.c **** 		}
 168:lib/freertos/portable/MemMang/heap_4.c **** 		else
 169:lib/freertos/portable/MemMang/heap_4.c **** 		{
 170:lib/freertos/portable/MemMang/heap_4.c **** 			mtCOVERAGE_TEST_MARKER();
 171:lib/freertos/portable/MemMang/heap_4.c **** 		}
 172:lib/freertos/portable/MemMang/heap_4.c **** 
 173:lib/freertos/portable/MemMang/heap_4.c **** 		/* Check the requested block size is not so large that the top bit is
 174:lib/freertos/portable/MemMang/heap_4.c **** 		set.  The top bit of the block size member of the BlockLink_t structure
 175:lib/freertos/portable/MemMang/heap_4.c **** 		is used to determine who owns the block - the application or the
 176:lib/freertos/portable/MemMang/heap_4.c **** 		kernel, so it must be free. */
 177:lib/freertos/portable/MemMang/heap_4.c **** 		if( ( xWantedSize & xBlockAllocatedBit ) == 0 )
 178:lib/freertos/portable/MemMang/heap_4.c **** 		{
 179:lib/freertos/portable/MemMang/heap_4.c **** 			/* The wanted size is increased so it can contain a BlockLink_t
 180:lib/freertos/portable/MemMang/heap_4.c **** 			structure in addition to the requested amount of bytes. */
 181:lib/freertos/portable/MemMang/heap_4.c **** 			if( xWantedSize > 0 )
 182:lib/freertos/portable/MemMang/heap_4.c **** 			{
 183:lib/freertos/portable/MemMang/heap_4.c **** 				xWantedSize += xHeapStructSize;
 184:lib/freertos/portable/MemMang/heap_4.c **** 
 185:lib/freertos/portable/MemMang/heap_4.c **** 				/* Ensure that blocks are always aligned to the required number
 186:lib/freertos/portable/MemMang/heap_4.c **** 				of bytes. */
 187:lib/freertos/portable/MemMang/heap_4.c **** 				if( ( xWantedSize & portBYTE_ALIGNMENT_MASK ) != 0x00 )
 188:lib/freertos/portable/MemMang/heap_4.c **** 				{
 189:lib/freertos/portable/MemMang/heap_4.c **** 					/* Byte alignment required. */
 190:lib/freertos/portable/MemMang/heap_4.c **** 					xWantedSize += ( portBYTE_ALIGNMENT - ( xWantedSize & portBYTE_ALIGNMENT_MASK ) );
 191:lib/freertos/portable/MemMang/heap_4.c **** 					configASSERT( ( xWantedSize & portBYTE_ALIGNMENT_MASK ) == 0 );
 192:lib/freertos/portable/MemMang/heap_4.c **** 				}
 193:lib/freertos/portable/MemMang/heap_4.c **** 				else
 194:lib/freertos/portable/MemMang/heap_4.c **** 				{
 195:lib/freertos/portable/MemMang/heap_4.c **** 					mtCOVERAGE_TEST_MARKER();
 196:lib/freertos/portable/MemMang/heap_4.c **** 				}
 197:lib/freertos/portable/MemMang/heap_4.c **** 			}
 198:lib/freertos/portable/MemMang/heap_4.c **** 			else
 199:lib/freertos/portable/MemMang/heap_4.c **** 			{
 200:lib/freertos/portable/MemMang/heap_4.c **** 				mtCOVERAGE_TEST_MARKER();
 201:lib/freertos/portable/MemMang/heap_4.c **** 			}
 202:lib/freertos/portable/MemMang/heap_4.c **** 
 203:lib/freertos/portable/MemMang/heap_4.c **** 			if( ( xWantedSize > 0 ) && ( xWantedSize <= xFreeBytesRemaining ) )
 204:lib/freertos/portable/MemMang/heap_4.c **** 			{
 205:lib/freertos/portable/MemMang/heap_4.c **** 				/* Traverse the list from the start	(lowest address) block until
 206:lib/freertos/portable/MemMang/heap_4.c **** 				one	of adequate size is found. */
ARM GAS  /tmp/cckfSVYB.s 			page 6


 207:lib/freertos/portable/MemMang/heap_4.c **** 				pxPreviousBlock = &xStart;
 208:lib/freertos/portable/MemMang/heap_4.c **** 				pxBlock = xStart.pxNextFreeBlock;
 209:lib/freertos/portable/MemMang/heap_4.c **** 				while( ( pxBlock->xBlockSize < xWantedSize ) && ( pxBlock->pxNextFreeBlock != NULL ) )
 210:lib/freertos/portable/MemMang/heap_4.c **** 				{
 211:lib/freertos/portable/MemMang/heap_4.c **** 					pxPreviousBlock = pxBlock;
 212:lib/freertos/portable/MemMang/heap_4.c **** 					pxBlock = pxBlock->pxNextFreeBlock;
 213:lib/freertos/portable/MemMang/heap_4.c **** 				}
 214:lib/freertos/portable/MemMang/heap_4.c **** 
 215:lib/freertos/portable/MemMang/heap_4.c **** 				/* If the end marker was reached then a block of adequate size
 216:lib/freertos/portable/MemMang/heap_4.c **** 				was	not found. */
 217:lib/freertos/portable/MemMang/heap_4.c **** 				if( pxBlock != pxEnd )
 218:lib/freertos/portable/MemMang/heap_4.c **** 				{
 219:lib/freertos/portable/MemMang/heap_4.c **** 					/* Return the memory space pointed to - jumping over the
 220:lib/freertos/portable/MemMang/heap_4.c **** 					BlockLink_t structure at its start. */
 221:lib/freertos/portable/MemMang/heap_4.c **** 					pvReturn = ( void * ) ( ( ( uint8_t * ) pxPreviousBlock->pxNextFreeBlock ) + xHeapStructSize )
 222:lib/freertos/portable/MemMang/heap_4.c **** 
 223:lib/freertos/portable/MemMang/heap_4.c **** 					/* This block is being returned for use so must be taken out
 224:lib/freertos/portable/MemMang/heap_4.c **** 					of the list of free blocks. */
 225:lib/freertos/portable/MemMang/heap_4.c **** 					pxPreviousBlock->pxNextFreeBlock = pxBlock->pxNextFreeBlock;
 226:lib/freertos/portable/MemMang/heap_4.c **** 
 227:lib/freertos/portable/MemMang/heap_4.c **** 					/* If the block is larger than required it can be split into
 228:lib/freertos/portable/MemMang/heap_4.c **** 					two. */
 229:lib/freertos/portable/MemMang/heap_4.c **** 					if( ( pxBlock->xBlockSize - xWantedSize ) > heapMINIMUM_BLOCK_SIZE )
 230:lib/freertos/portable/MemMang/heap_4.c **** 					{
 231:lib/freertos/portable/MemMang/heap_4.c **** 						/* This block is to be split into two.  Create a new
 232:lib/freertos/portable/MemMang/heap_4.c **** 						block following the number of bytes requested. The void
 233:lib/freertos/portable/MemMang/heap_4.c **** 						cast is used to prevent byte alignment warnings from the
 234:lib/freertos/portable/MemMang/heap_4.c **** 						compiler. */
 235:lib/freertos/portable/MemMang/heap_4.c **** 						pxNewBlockLink = ( void * ) ( ( ( uint8_t * ) pxBlock ) + xWantedSize );
 236:lib/freertos/portable/MemMang/heap_4.c **** 						configASSERT( ( ( ( size_t ) pxNewBlockLink ) & portBYTE_ALIGNMENT_MASK ) == 0 );
 237:lib/freertos/portable/MemMang/heap_4.c **** 
 238:lib/freertos/portable/MemMang/heap_4.c **** 						/* Calculate the sizes of two blocks split from the
 239:lib/freertos/portable/MemMang/heap_4.c **** 						single block. */
 240:lib/freertos/portable/MemMang/heap_4.c **** 						pxNewBlockLink->xBlockSize = pxBlock->xBlockSize - xWantedSize;
 241:lib/freertos/portable/MemMang/heap_4.c **** 						pxBlock->xBlockSize = xWantedSize;
 242:lib/freertos/portable/MemMang/heap_4.c **** 
 243:lib/freertos/portable/MemMang/heap_4.c **** 						/* Insert the new block into the list of free blocks. */
 244:lib/freertos/portable/MemMang/heap_4.c **** 						prvInsertBlockIntoFreeList( pxNewBlockLink );
 245:lib/freertos/portable/MemMang/heap_4.c **** 					}
 246:lib/freertos/portable/MemMang/heap_4.c **** 					else
 247:lib/freertos/portable/MemMang/heap_4.c **** 					{
 248:lib/freertos/portable/MemMang/heap_4.c **** 						mtCOVERAGE_TEST_MARKER();
 249:lib/freertos/portable/MemMang/heap_4.c **** 					}
 250:lib/freertos/portable/MemMang/heap_4.c **** 
 251:lib/freertos/portable/MemMang/heap_4.c **** 					xFreeBytesRemaining -= pxBlock->xBlockSize;
 252:lib/freertos/portable/MemMang/heap_4.c **** 
 253:lib/freertos/portable/MemMang/heap_4.c **** 					if( xFreeBytesRemaining < xMinimumEverFreeBytesRemaining )
 254:lib/freertos/portable/MemMang/heap_4.c **** 					{
 255:lib/freertos/portable/MemMang/heap_4.c **** 						xMinimumEverFreeBytesRemaining = xFreeBytesRemaining;
 256:lib/freertos/portable/MemMang/heap_4.c **** 					}
 257:lib/freertos/portable/MemMang/heap_4.c **** 					else
 258:lib/freertos/portable/MemMang/heap_4.c **** 					{
 259:lib/freertos/portable/MemMang/heap_4.c **** 						mtCOVERAGE_TEST_MARKER();
 260:lib/freertos/portable/MemMang/heap_4.c **** 					}
 261:lib/freertos/portable/MemMang/heap_4.c **** 
 262:lib/freertos/portable/MemMang/heap_4.c **** 					/* The block is being returned - it is allocated and owned
 263:lib/freertos/portable/MemMang/heap_4.c **** 					by the application and has no "next" block. */
ARM GAS  /tmp/cckfSVYB.s 			page 7


 264:lib/freertos/portable/MemMang/heap_4.c **** 					pxBlock->xBlockSize |= xBlockAllocatedBit;
 265:lib/freertos/portable/MemMang/heap_4.c **** 					pxBlock->pxNextFreeBlock = NULL;
 266:lib/freertos/portable/MemMang/heap_4.c **** 				}
 267:lib/freertos/portable/MemMang/heap_4.c **** 				else
 268:lib/freertos/portable/MemMang/heap_4.c **** 				{
 269:lib/freertos/portable/MemMang/heap_4.c **** 					mtCOVERAGE_TEST_MARKER();
 270:lib/freertos/portable/MemMang/heap_4.c **** 				}
 271:lib/freertos/portable/MemMang/heap_4.c **** 			}
 272:lib/freertos/portable/MemMang/heap_4.c **** 			else
 273:lib/freertos/portable/MemMang/heap_4.c **** 			{
 274:lib/freertos/portable/MemMang/heap_4.c **** 				mtCOVERAGE_TEST_MARKER();
 275:lib/freertos/portable/MemMang/heap_4.c **** 			}
 276:lib/freertos/portable/MemMang/heap_4.c **** 		}
 277:lib/freertos/portable/MemMang/heap_4.c **** 		else
 278:lib/freertos/portable/MemMang/heap_4.c **** 		{
 279:lib/freertos/portable/MemMang/heap_4.c **** 			mtCOVERAGE_TEST_MARKER();
 280:lib/freertos/portable/MemMang/heap_4.c **** 		}
 281:lib/freertos/portable/MemMang/heap_4.c **** 
 282:lib/freertos/portable/MemMang/heap_4.c **** 		traceMALLOC( pvReturn, xWantedSize );
 283:lib/freertos/portable/MemMang/heap_4.c **** 	}
 284:lib/freertos/portable/MemMang/heap_4.c **** 	( void ) xTaskResumeAll();
 285:lib/freertos/portable/MemMang/heap_4.c **** 
 286:lib/freertos/portable/MemMang/heap_4.c **** 	#if( configUSE_MALLOC_FAILED_HOOK == 1 )
 287:lib/freertos/portable/MemMang/heap_4.c **** 	{
 288:lib/freertos/portable/MemMang/heap_4.c **** 		if( pvReturn == NULL )
 289:lib/freertos/portable/MemMang/heap_4.c **** 		{
 290:lib/freertos/portable/MemMang/heap_4.c **** 			extern void vApplicationMallocFailedHook( void );
 291:lib/freertos/portable/MemMang/heap_4.c **** 			vApplicationMallocFailedHook();
 292:lib/freertos/portable/MemMang/heap_4.c **** 		}
 293:lib/freertos/portable/MemMang/heap_4.c **** 		else
 294:lib/freertos/portable/MemMang/heap_4.c **** 		{
 295:lib/freertos/portable/MemMang/heap_4.c **** 			mtCOVERAGE_TEST_MARKER();
 296:lib/freertos/portable/MemMang/heap_4.c **** 		}
 297:lib/freertos/portable/MemMang/heap_4.c **** 	}
 298:lib/freertos/portable/MemMang/heap_4.c **** 	#endif
 299:lib/freertos/portable/MemMang/heap_4.c **** 
 300:lib/freertos/portable/MemMang/heap_4.c **** 	configASSERT( ( ( ( size_t ) pvReturn ) & ( size_t ) portBYTE_ALIGNMENT_MASK ) == 0 );
 301:lib/freertos/portable/MemMang/heap_4.c **** 	return pvReturn;
 302:lib/freertos/portable/MemMang/heap_4.c **** }
 303:lib/freertos/portable/MemMang/heap_4.c **** /*-----------------------------------------------------------*/
 304:lib/freertos/portable/MemMang/heap_4.c **** 
 305:lib/freertos/portable/MemMang/heap_4.c **** void vPortFree( void *pv )
 306:lib/freertos/portable/MemMang/heap_4.c **** {
 307:lib/freertos/portable/MemMang/heap_4.c **** uint8_t *puc = ( uint8_t * ) pv;
 308:lib/freertos/portable/MemMang/heap_4.c **** BlockLink_t *pxLink;
 309:lib/freertos/portable/MemMang/heap_4.c **** 
 310:lib/freertos/portable/MemMang/heap_4.c **** 	if( pv != NULL )
 311:lib/freertos/portable/MemMang/heap_4.c **** 	{
 312:lib/freertos/portable/MemMang/heap_4.c **** 		/* The memory being freed will have an BlockLink_t structure immediately
 313:lib/freertos/portable/MemMang/heap_4.c **** 		before it. */
 314:lib/freertos/portable/MemMang/heap_4.c **** 		puc -= xHeapStructSize;
 315:lib/freertos/portable/MemMang/heap_4.c **** 
 316:lib/freertos/portable/MemMang/heap_4.c **** 		/* This casting is to keep the compiler from issuing warnings. */
 317:lib/freertos/portable/MemMang/heap_4.c **** 		pxLink = ( void * ) puc;
 318:lib/freertos/portable/MemMang/heap_4.c **** 
 319:lib/freertos/portable/MemMang/heap_4.c **** 		/* Check the block is actually allocated. */
 320:lib/freertos/portable/MemMang/heap_4.c **** 		configASSERT( ( pxLink->xBlockSize & xBlockAllocatedBit ) != 0 );
ARM GAS  /tmp/cckfSVYB.s 			page 8


 321:lib/freertos/portable/MemMang/heap_4.c **** 		configASSERT( pxLink->pxNextFreeBlock == NULL );
 322:lib/freertos/portable/MemMang/heap_4.c **** 
 323:lib/freertos/portable/MemMang/heap_4.c **** 		if( ( pxLink->xBlockSize & xBlockAllocatedBit ) != 0 )
 324:lib/freertos/portable/MemMang/heap_4.c **** 		{
 325:lib/freertos/portable/MemMang/heap_4.c **** 			if( pxLink->pxNextFreeBlock == NULL )
 326:lib/freertos/portable/MemMang/heap_4.c **** 			{
 327:lib/freertos/portable/MemMang/heap_4.c **** 				/* The block is being returned to the heap - it is no longer
 328:lib/freertos/portable/MemMang/heap_4.c **** 				allocated. */
 329:lib/freertos/portable/MemMang/heap_4.c **** 				pxLink->xBlockSize &= ~xBlockAllocatedBit;
 330:lib/freertos/portable/MemMang/heap_4.c **** 
 331:lib/freertos/portable/MemMang/heap_4.c **** 				vTaskSuspendAll();
 332:lib/freertos/portable/MemMang/heap_4.c **** 				{
 333:lib/freertos/portable/MemMang/heap_4.c **** 					/* Add this block to the list of free blocks. */
 334:lib/freertos/portable/MemMang/heap_4.c **** 					xFreeBytesRemaining += pxLink->xBlockSize;
 335:lib/freertos/portable/MemMang/heap_4.c **** 					traceFREE( pv, pxLink->xBlockSize );
 336:lib/freertos/portable/MemMang/heap_4.c **** 					prvInsertBlockIntoFreeList( ( ( BlockLink_t * ) pxLink ) );
 337:lib/freertos/portable/MemMang/heap_4.c **** 				}
 338:lib/freertos/portable/MemMang/heap_4.c **** 				( void ) xTaskResumeAll();
 339:lib/freertos/portable/MemMang/heap_4.c **** 			}
 340:lib/freertos/portable/MemMang/heap_4.c **** 			else
 341:lib/freertos/portable/MemMang/heap_4.c **** 			{
 342:lib/freertos/portable/MemMang/heap_4.c **** 				mtCOVERAGE_TEST_MARKER();
 343:lib/freertos/portable/MemMang/heap_4.c **** 			}
 344:lib/freertos/portable/MemMang/heap_4.c **** 		}
 345:lib/freertos/portable/MemMang/heap_4.c **** 		else
 346:lib/freertos/portable/MemMang/heap_4.c **** 		{
 347:lib/freertos/portable/MemMang/heap_4.c **** 			mtCOVERAGE_TEST_MARKER();
 348:lib/freertos/portable/MemMang/heap_4.c **** 		}
 349:lib/freertos/portable/MemMang/heap_4.c **** 	}
 350:lib/freertos/portable/MemMang/heap_4.c **** }
 351:lib/freertos/portable/MemMang/heap_4.c **** /*-----------------------------------------------------------*/
 352:lib/freertos/portable/MemMang/heap_4.c **** 
 353:lib/freertos/portable/MemMang/heap_4.c **** size_t xPortGetFreeHeapSize( void )
 354:lib/freertos/portable/MemMang/heap_4.c **** {
 355:lib/freertos/portable/MemMang/heap_4.c **** 	return xFreeBytesRemaining;
 356:lib/freertos/portable/MemMang/heap_4.c **** }
 357:lib/freertos/portable/MemMang/heap_4.c **** /*-----------------------------------------------------------*/
 358:lib/freertos/portable/MemMang/heap_4.c **** 
 359:lib/freertos/portable/MemMang/heap_4.c **** size_t xPortGetMinimumEverFreeHeapSize( void )
 360:lib/freertos/portable/MemMang/heap_4.c **** {
 361:lib/freertos/portable/MemMang/heap_4.c **** 	return xMinimumEverFreeBytesRemaining;
 362:lib/freertos/portable/MemMang/heap_4.c **** }
 363:lib/freertos/portable/MemMang/heap_4.c **** /*-----------------------------------------------------------*/
 364:lib/freertos/portable/MemMang/heap_4.c **** 
 365:lib/freertos/portable/MemMang/heap_4.c **** void vPortInitialiseBlocks( void )
 366:lib/freertos/portable/MemMang/heap_4.c **** {
 367:lib/freertos/portable/MemMang/heap_4.c **** 	/* This just exists to keep the linker quiet. */
 368:lib/freertos/portable/MemMang/heap_4.c **** }
 369:lib/freertos/portable/MemMang/heap_4.c **** /*-----------------------------------------------------------*/
 370:lib/freertos/portable/MemMang/heap_4.c **** 
 371:lib/freertos/portable/MemMang/heap_4.c **** static void prvHeapInit( void )
 372:lib/freertos/portable/MemMang/heap_4.c **** {
 373:lib/freertos/portable/MemMang/heap_4.c **** BlockLink_t *pxFirstFreeBlock;
 374:lib/freertos/portable/MemMang/heap_4.c **** uint8_t *pucAlignedHeap;
 375:lib/freertos/portable/MemMang/heap_4.c **** size_t uxAddress;
 376:lib/freertos/portable/MemMang/heap_4.c **** size_t xTotalHeapSize = configTOTAL_HEAP_SIZE;
 377:lib/freertos/portable/MemMang/heap_4.c **** 
ARM GAS  /tmp/cckfSVYB.s 			page 9


 378:lib/freertos/portable/MemMang/heap_4.c **** 	/* Ensure the heap starts on a correctly aligned boundary. */
 379:lib/freertos/portable/MemMang/heap_4.c **** 	uxAddress = ( size_t ) ucHeap;
 380:lib/freertos/portable/MemMang/heap_4.c **** 
 381:lib/freertos/portable/MemMang/heap_4.c **** 	if( ( uxAddress & portBYTE_ALIGNMENT_MASK ) != 0 )
 382:lib/freertos/portable/MemMang/heap_4.c **** 	{
 383:lib/freertos/portable/MemMang/heap_4.c **** 		uxAddress += ( portBYTE_ALIGNMENT - 1 );
 384:lib/freertos/portable/MemMang/heap_4.c **** 		uxAddress &= ~( ( size_t ) portBYTE_ALIGNMENT_MASK );
 385:lib/freertos/portable/MemMang/heap_4.c **** 		xTotalHeapSize -= uxAddress - ( size_t ) ucHeap;
 386:lib/freertos/portable/MemMang/heap_4.c **** 	}
 387:lib/freertos/portable/MemMang/heap_4.c **** 
 388:lib/freertos/portable/MemMang/heap_4.c **** 	pucAlignedHeap = ( uint8_t * ) uxAddress;
 389:lib/freertos/portable/MemMang/heap_4.c **** 
 390:lib/freertos/portable/MemMang/heap_4.c **** 	/* xStart is used to hold a pointer to the first item in the list of free
 391:lib/freertos/portable/MemMang/heap_4.c **** 	blocks.  The void cast is used to prevent compiler warnings. */
 392:lib/freertos/portable/MemMang/heap_4.c **** 	xStart.pxNextFreeBlock = ( void * ) pucAlignedHeap;
 393:lib/freertos/portable/MemMang/heap_4.c **** 	xStart.xBlockSize = ( size_t ) 0;
 394:lib/freertos/portable/MemMang/heap_4.c **** 
 395:lib/freertos/portable/MemMang/heap_4.c **** 	/* pxEnd is used to mark the end of the list of free blocks and is inserted
 396:lib/freertos/portable/MemMang/heap_4.c **** 	at the end of the heap space. */
 397:lib/freertos/portable/MemMang/heap_4.c **** 	uxAddress = ( ( size_t ) pucAlignedHeap ) + xTotalHeapSize;
 398:lib/freertos/portable/MemMang/heap_4.c **** 	uxAddress -= xHeapStructSize;
 399:lib/freertos/portable/MemMang/heap_4.c **** 	uxAddress &= ~( ( size_t ) portBYTE_ALIGNMENT_MASK );
 400:lib/freertos/portable/MemMang/heap_4.c **** 	pxEnd = ( void * ) uxAddress;
 401:lib/freertos/portable/MemMang/heap_4.c **** 	pxEnd->xBlockSize = 0;
 402:lib/freertos/portable/MemMang/heap_4.c **** 	pxEnd->pxNextFreeBlock = NULL;
 403:lib/freertos/portable/MemMang/heap_4.c **** 
 404:lib/freertos/portable/MemMang/heap_4.c **** 	/* To start with there is a single free block that is sized to take up the
 405:lib/freertos/portable/MemMang/heap_4.c **** 	entire heap space, minus the space taken by pxEnd. */
 406:lib/freertos/portable/MemMang/heap_4.c **** 	pxFirstFreeBlock = ( void * ) pucAlignedHeap;
 407:lib/freertos/portable/MemMang/heap_4.c **** 	pxFirstFreeBlock->xBlockSize = uxAddress - ( size_t ) pxFirstFreeBlock;
 408:lib/freertos/portable/MemMang/heap_4.c **** 	pxFirstFreeBlock->pxNextFreeBlock = pxEnd;
 409:lib/freertos/portable/MemMang/heap_4.c **** 
 410:lib/freertos/portable/MemMang/heap_4.c **** 	/* Only one block exists - and it covers the entire usable heap space. */
 411:lib/freertos/portable/MemMang/heap_4.c **** 	xMinimumEverFreeBytesRemaining = pxFirstFreeBlock->xBlockSize;
 412:lib/freertos/portable/MemMang/heap_4.c **** 	xFreeBytesRemaining = pxFirstFreeBlock->xBlockSize;
 413:lib/freertos/portable/MemMang/heap_4.c **** 
 414:lib/freertos/portable/MemMang/heap_4.c **** 	/* Work out the position of the top bit in a size_t variable. */
 415:lib/freertos/portable/MemMang/heap_4.c **** 	xBlockAllocatedBit = ( ( size_t ) 1 ) << ( ( sizeof( size_t ) * heapBITS_PER_BYTE ) - 1 );
 416:lib/freertos/portable/MemMang/heap_4.c **** }
 417:lib/freertos/portable/MemMang/heap_4.c **** /*-----------------------------------------------------------*/
 418:lib/freertos/portable/MemMang/heap_4.c **** 
 419:lib/freertos/portable/MemMang/heap_4.c **** static void prvInsertBlockIntoFreeList( BlockLink_t *pxBlockToInsert )
 420:lib/freertos/portable/MemMang/heap_4.c **** {
  80              		.loc 1 420 1 view -0
  81              		.cfi_startproc
  82              		@ args = 0, pretend = 0, frame = 0
  83              		@ frame_needed = 0, uses_anonymous_args = 0
 421:lib/freertos/portable/MemMang/heap_4.c **** BlockLink_t *pxIterator;
  84              		.loc 1 421 1 view .LVU1
 422:lib/freertos/portable/MemMang/heap_4.c **** uint8_t *puc;
  85              		.loc 1 422 1 view .LVU2
 423:lib/freertos/portable/MemMang/heap_4.c **** 
 424:lib/freertos/portable/MemMang/heap_4.c **** 	/* Iterate through the list until a block is found that has a higher address
 425:lib/freertos/portable/MemMang/heap_4.c **** 	than the block being inserted. */
 426:lib/freertos/portable/MemMang/heap_4.c **** 	for( pxIterator = &xStart; pxIterator->pxNextFreeBlock < pxBlockToInsert; pxIterator = pxIterator-
  86              		.loc 1 426 2 view .LVU3
  87              	@ lib/freertos/portable/MemMang/heap_4.c:426: 	for( pxIterator = &xStart; pxIterator->pxNextFreeBlo
ARM GAS  /tmp/cckfSVYB.s 			page 10


  88              		.loc 1 426 18 is_stmt 0 view .LVU4
  89 0000 0F4B     		ldr	r3, .L9	@ _1,
  90              	@ lib/freertos/portable/MemMang/heap_4.c:420: {
 420:lib/freertos/portable/MemMang/heap_4.c **** BlockLink_t *pxIterator;
  91              		.loc 1 420 1 view .LVU5
  92 0002 30B5     		push	{r4, r5, lr}	@
  93              	.LCFI0:
  94              		.cfi_def_cfa_offset 12
  95              		.cfi_offset 4, -12
  96              		.cfi_offset 5, -8
  97              		.cfi_offset 14, -4
  98 0004 1D46     		mov	r5, r3	@ tmp131, _1
  99              	.LVL1:
 100              	.L2:
 101              		.loc 1 426 29 is_stmt 1 discriminator 1 view .LVU6
 102 0006 1A46     		mov	r2, r3	@ pxIterator, _1
 103              	@ lib/freertos/portable/MemMang/heap_4.c:426: 	for( pxIterator = &xStart; pxIterator->pxNextFreeBlo
 104              		.loc 1 426 39 is_stmt 0 discriminator 1 view .LVU7
 105 0008 1B68     		ldr	r3, [r3]	@ _1, pxIterator_14->pxNextFreeBlock
 106              	.LVL2:
 107              	@ lib/freertos/portable/MemMang/heap_4.c:426: 	for( pxIterator = &xStart; pxIterator->pxNextFreeBlo
 108              		.loc 1 426 2 discriminator 1 view .LVU8
 109 000a 8342     		cmp	r3, r0	@ _1, pxBlockToInsert
 110 000c FBD3     		bcc	.L2		@,
 427:lib/freertos/portable/MemMang/heap_4.c **** 	{
 428:lib/freertos/portable/MemMang/heap_4.c **** 		/* Nothing to do here, just iterate to the right position. */
 429:lib/freertos/portable/MemMang/heap_4.c **** 	}
 430:lib/freertos/portable/MemMang/heap_4.c **** 
 431:lib/freertos/portable/MemMang/heap_4.c **** 	/* Do the block being inserted, and the block it is being inserted after
 432:lib/freertos/portable/MemMang/heap_4.c **** 	make a contiguous block of memory? */
 433:lib/freertos/portable/MemMang/heap_4.c **** 	puc = ( uint8_t * ) pxIterator;
 111              		.loc 1 433 2 is_stmt 1 view .LVU9
 112              	.LVL3:
 434:lib/freertos/portable/MemMang/heap_4.c **** 	if( ( puc + pxIterator->xBlockSize ) == ( uint8_t * ) pxBlockToInsert )
 113              		.loc 1 434 2 view .LVU10
 114              	@ lib/freertos/portable/MemMang/heap_4.c:434: 	if( ( puc + pxIterator->xBlockSize ) == ( uint8_t * 
 115              		.loc 1 434 24 is_stmt 0 view .LVU11
 116 000e 5468     		ldr	r4, [r2, #4]	@ _2, pxIterator_43->xBlockSize
 117              	@ lib/freertos/portable/MemMang/heap_4.c:434: 	if( ( puc + pxIterator->xBlockSize ) == ( uint8_t * 
 118              		.loc 1 434 12 view .LVU12
 119 0010 1119     		adds	r1, r2, r4	@ tmp124, pxIterator, _2
 120              	@ lib/freertos/portable/MemMang/heap_4.c:434: 	if( ( puc + pxIterator->xBlockSize ) == ( uint8_t * 
 121              		.loc 1 434 4 view .LVU13
 122 0012 8842     		cmp	r0, r1	@ pxBlockToInsert, tmp124
 435:lib/freertos/portable/MemMang/heap_4.c **** 	{
 436:lib/freertos/portable/MemMang/heap_4.c **** 		pxIterator->xBlockSize += pxBlockToInsert->xBlockSize;
 123              		.loc 1 436 3 is_stmt 1 view .LVU14
 124              	@ lib/freertos/portable/MemMang/heap_4.c:436: 		pxIterator->xBlockSize += pxBlockToInsert->xBlockSi
 125              		.loc 1 436 26 is_stmt 0 view .LVU15
 126 0014 01BF     		itttt	eq
 127 0016 4168     		ldreq	r1, [r0, #4]	@ pxBlockToInsert_19(D)->xBlockSize, pxBlockToInsert_19(D)->xBlockSize
 128 0018 1046     		moveq	r0, r2	@ pxBlockToInsert, pxIterator
 129              	.LVL4:
 130              		.loc 1 436 26 view .LVU16
 131 001a 0919     		addeq	r1, r1, r4	@ tmp125, _2
 132 001c 5160     		streq	r1, [r2, #4]	@ tmp125, pxIterator_43->xBlockSize
 437:lib/freertos/portable/MemMang/heap_4.c **** 		pxBlockToInsert = pxIterator;
ARM GAS  /tmp/cckfSVYB.s 			page 11


 133              		.loc 1 437 3 is_stmt 1 view .LVU17
 134              	.LVL5:
 438:lib/freertos/portable/MemMang/heap_4.c **** 	}
 439:lib/freertos/portable/MemMang/heap_4.c **** 	else
 440:lib/freertos/portable/MemMang/heap_4.c **** 	{
 441:lib/freertos/portable/MemMang/heap_4.c **** 		mtCOVERAGE_TEST_MARKER();
 135              		.loc 1 441 27 view .LVU18
 442:lib/freertos/portable/MemMang/heap_4.c **** 	}
 443:lib/freertos/portable/MemMang/heap_4.c **** 
 444:lib/freertos/portable/MemMang/heap_4.c **** 	/* Do the block being inserted, and the block it is being inserted before
 445:lib/freertos/portable/MemMang/heap_4.c **** 	make a contiguous block of memory? */
 446:lib/freertos/portable/MemMang/heap_4.c **** 	puc = ( uint8_t * ) pxBlockToInsert;
 136              		.loc 1 446 2 view .LVU19
 447:lib/freertos/portable/MemMang/heap_4.c **** 	if( ( puc + pxBlockToInsert->xBlockSize ) == ( uint8_t * ) pxIterator->pxNextFreeBlock )
 137              		.loc 1 447 2 view .LVU20
 138              	@ lib/freertos/portable/MemMang/heap_4.c:447: 	if( ( puc + pxBlockToInsert->xBlockSize ) == ( uint8
 139              		.loc 1 447 29 is_stmt 0 view .LVU21
 140 001e 4468     		ldr	r4, [r0, #4]	@ _7, pxBlockToInsert_13->xBlockSize
 141              	@ lib/freertos/portable/MemMang/heap_4.c:447: 	if( ( puc + pxBlockToInsert->xBlockSize ) == ( uint8
 142              		.loc 1 447 12 view .LVU22
 143 0020 0119     		adds	r1, r0, r4	@ tmp127, pxBlockToInsert, _7
 144              	@ lib/freertos/portable/MemMang/heap_4.c:447: 	if( ( puc + pxBlockToInsert->xBlockSize ) == ( uint8
 145              		.loc 1 447 4 view .LVU23
 146 0022 8B42     		cmp	r3, r1	@ _1, tmp127
 147 0024 06D1     		bne	.L4		@,
 448:lib/freertos/portable/MemMang/heap_4.c **** 	{
 449:lib/freertos/portable/MemMang/heap_4.c **** 		if( pxIterator->pxNextFreeBlock != pxEnd )
 148              		.loc 1 449 3 is_stmt 1 view .LVU24
 149              	@ lib/freertos/portable/MemMang/heap_4.c:449: 		if( pxIterator->pxNextFreeBlock != pxEnd )
 150              		.loc 1 449 35 is_stmt 0 view .LVU25
 151 0026 A968     		ldr	r1, [r5, #8]	@ pxEnd.16_9, pxEnd
 152              	@ lib/freertos/portable/MemMang/heap_4.c:449: 		if( pxIterator->pxNextFreeBlock != pxEnd )
 153              		.loc 1 449 5 view .LVU26
 154 0028 8B42     		cmp	r3, r1	@ _1, pxEnd.16_9
 450:lib/freertos/portable/MemMang/heap_4.c **** 		{
 451:lib/freertos/portable/MemMang/heap_4.c **** 			/* Form one big block from the two blocks. */
 452:lib/freertos/portable/MemMang/heap_4.c **** 			pxBlockToInsert->xBlockSize += pxIterator->pxNextFreeBlock->xBlockSize;
 155              		.loc 1 452 4 is_stmt 1 view .LVU27
 156              	@ lib/freertos/portable/MemMang/heap_4.c:452: 			pxBlockToInsert->xBlockSize += pxIterator->pxNextF
 157              		.loc 1 452 32 is_stmt 0 view .LVU28
 158 002a 1FBF     		itttt	ne
 159 002c 5968     		ldrne	r1, [r3, #4]	@ _1->xBlockSize, _1->xBlockSize
 160              	@ lib/freertos/portable/MemMang/heap_4.c:453: 			pxBlockToInsert->pxNextFreeBlock = pxIterator->pxN
 453:lib/freertos/portable/MemMang/heap_4.c **** 			pxBlockToInsert->pxNextFreeBlock = pxIterator->pxNextFreeBlock->pxNextFreeBlock;
 161              		.loc 1 453 66 view .LVU29
 162 002e 1B68     		ldrne	r3, [r3]	@ _12, _1->pxNextFreeBlock
 163              	@ lib/freertos/portable/MemMang/heap_4.c:452: 			pxBlockToInsert->xBlockSize += pxIterator->pxNextF
 452:lib/freertos/portable/MemMang/heap_4.c **** 			pxBlockToInsert->pxNextFreeBlock = pxIterator->pxNextFreeBlock->pxNextFreeBlock;
 164              		.loc 1 452 32 view .LVU30
 165 0030 0919     		addne	r1, r1, r4	@ tmp129, _7
 166 0032 4160     		strne	r1, [r0, #4]	@ tmp129, pxBlockToInsert_13->xBlockSize
 167              		.loc 1 453 4 is_stmt 1 view .LVU31
 168              	.L4:
 454:lib/freertos/portable/MemMang/heap_4.c **** 		}
 455:lib/freertos/portable/MemMang/heap_4.c **** 		else
 456:lib/freertos/portable/MemMang/heap_4.c **** 		{
 457:lib/freertos/portable/MemMang/heap_4.c **** 			pxBlockToInsert->pxNextFreeBlock = pxEnd;
ARM GAS  /tmp/cckfSVYB.s 			page 12


 458:lib/freertos/portable/MemMang/heap_4.c **** 		}
 459:lib/freertos/portable/MemMang/heap_4.c **** 	}
 460:lib/freertos/portable/MemMang/heap_4.c **** 	else
 461:lib/freertos/portable/MemMang/heap_4.c **** 	{
 462:lib/freertos/portable/MemMang/heap_4.c **** 		pxBlockToInsert->pxNextFreeBlock = pxIterator->pxNextFreeBlock;
 169              		.loc 1 462 3 view .LVU32
 170              	@ lib/freertos/portable/MemMang/heap_4.c:469: 	if( pxIterator != pxBlockToInsert )
 463:lib/freertos/portable/MemMang/heap_4.c **** 	}
 464:lib/freertos/portable/MemMang/heap_4.c **** 
 465:lib/freertos/portable/MemMang/heap_4.c **** 	/* If the block being inserted plugged a gab, so was merged with the block
 466:lib/freertos/portable/MemMang/heap_4.c **** 	before and the block after, then it's pxNextFreeBlock pointer will have
 467:lib/freertos/portable/MemMang/heap_4.c **** 	already been set, and should not be set here as that would make it point
 468:lib/freertos/portable/MemMang/heap_4.c **** 	to itself. */
 469:lib/freertos/portable/MemMang/heap_4.c **** 	if( pxIterator != pxBlockToInsert )
 171              		.loc 1 469 4 is_stmt 0 view .LVU33
 172 0034 9042     		cmp	r0, r2	@ pxBlockToInsert, pxIterator
 173              	@ lib/freertos/portable/MemMang/heap_4.c:462: 		pxBlockToInsert->pxNextFreeBlock = pxIterator->pxNe
 462:lib/freertos/portable/MemMang/heap_4.c **** 	}
 174              		.loc 1 462 36 view .LVU34
 175 0036 0360     		str	r3, [r0]	@ _1, pxBlockToInsert_13->pxNextFreeBlock
 176              		.loc 1 469 2 is_stmt 1 view .LVU35
 470:lib/freertos/portable/MemMang/heap_4.c **** 	{
 471:lib/freertos/portable/MemMang/heap_4.c **** 		pxIterator->pxNextFreeBlock = pxBlockToInsert;
 177              		.loc 1 471 3 view .LVU36
 178              	@ lib/freertos/portable/MemMang/heap_4.c:471: 		pxIterator->pxNextFreeBlock = pxBlockToInsert;
 179              		.loc 1 471 31 is_stmt 0 view .LVU37
 180 0038 18BF     		it	ne
 181 003a 1060     		strne	r0, [r2]	@ pxBlockToInsert, pxIterator_43->pxNextFreeBlock
 472:lib/freertos/portable/MemMang/heap_4.c **** 	}
 473:lib/freertos/portable/MemMang/heap_4.c **** 	else
 474:lib/freertos/portable/MemMang/heap_4.c **** 	{
 475:lib/freertos/portable/MemMang/heap_4.c **** 		mtCOVERAGE_TEST_MARKER();
 182              		.loc 1 475 27 is_stmt 1 view .LVU38
 183              	@ lib/freertos/portable/MemMang/heap_4.c:477: }
 476:lib/freertos/portable/MemMang/heap_4.c **** 	}
 477:lib/freertos/portable/MemMang/heap_4.c **** }
 184              		.loc 1 477 1 is_stmt 0 view .LVU39
 185 003c 30BD     		pop	{r4, r5, pc}	@
 186              	.L10:
 187 003e 00BF     		.align	2
 188              	.L9:
 189 0040 00000000 		.word	.LANCHOR0
 190              		.cfi_endproc
 191              	.LFE11:
 192              		.size	prvInsertBlockIntoFreeList, .-prvInsertBlockIntoFreeList
 193              		.align	1
 194              		.global	pvPortMalloc
 195              		.syntax unified
 196              		.thumb
 197              		.thumb_func
 198              		.fpu softvfp
 199              		.type	pvPortMalloc, %function
 200              	pvPortMalloc:
 201              	.LVL6:
 202              	.LFB5:
 156:lib/freertos/portable/MemMang/heap_4.c **** BlockLink_t *pxBlock, *pxPreviousBlock, *pxNewBlockLink;
 203              		.loc 1 156 1 is_stmt 1 view -0
ARM GAS  /tmp/cckfSVYB.s 			page 13


 204              		.cfi_startproc
 205              		@ args = 0, pretend = 0, frame = 0
 206              		@ frame_needed = 0, uses_anonymous_args = 0
 157:lib/freertos/portable/MemMang/heap_4.c **** void *pvReturn = NULL;
 207              		.loc 1 157 1 view .LVU41
 158:lib/freertos/portable/MemMang/heap_4.c **** 
 208              		.loc 1 158 1 view .LVU42
 160:lib/freertos/portable/MemMang/heap_4.c **** 	{
 209              		.loc 1 160 2 view .LVU43
 210              	@ lib/freertos/portable/MemMang/heap_4.c:156: {
 156:lib/freertos/portable/MemMang/heap_4.c **** BlockLink_t *pxBlock, *pxPreviousBlock, *pxNewBlockLink;
 211              		.loc 1 156 1 is_stmt 0 view .LVU44
 212 0044 2DE9F041 		push	{r4, r5, r6, r7, r8, lr}	@
 213              	.LCFI1:
 214              		.cfi_def_cfa_offset 24
 215              		.cfi_offset 4, -24
 216              		.cfi_offset 5, -20
 217              		.cfi_offset 6, -16
 218              		.cfi_offset 7, -12
 219              		.cfi_offset 8, -8
 220              		.cfi_offset 14, -4
 221              	@ lib/freertos/portable/MemMang/heap_4.c:164: 		if( pxEnd == NULL )
 164:lib/freertos/portable/MemMang/heap_4.c **** 		{
 222              		.loc 1 164 13 view .LVU45
 223 0048 2E4D     		ldr	r5, .L30	@ tmp142,
 224              	@ lib/freertos/portable/MemMang/heap_4.c:156: {
 156:lib/freertos/portable/MemMang/heap_4.c **** BlockLink_t *pxBlock, *pxPreviousBlock, *pxNewBlockLink;
 225              		.loc 1 156 1 view .LVU46
 226 004a 0446     		mov	r4, r0	@ xWantedSize, tmp174
 227              	@ lib/freertos/portable/MemMang/heap_4.c:160: 	vTaskSuspendAll();
 160:lib/freertos/portable/MemMang/heap_4.c **** 	{
 228              		.loc 1 160 2 view .LVU47
 229 004c FFF7FEFF 		bl	vTaskSuspendAll		@
 230              	.LVL7:
 164:lib/freertos/portable/MemMang/heap_4.c **** 		{
 231              		.loc 1 164 3 is_stmt 1 view .LVU48
 232              	@ lib/freertos/portable/MemMang/heap_4.c:164: 		if( pxEnd == NULL )
 164:lib/freertos/portable/MemMang/heap_4.c **** 		{
 233              		.loc 1 164 5 is_stmt 0 view .LVU49
 234 0050 AB68     		ldr	r3, [r5, #8]	@ pxEnd, pxEnd
 235 0052 BBB9     		cbnz	r3, .L12	@ pxEnd,
 166:lib/freertos/portable/MemMang/heap_4.c **** 		}
 236              		.loc 1 166 4 is_stmt 1 view .LVU50
 237              	.LBB4:
 238              	.LBI4:
 371:lib/freertos/portable/MemMang/heap_4.c **** {
 239              		.loc 1 371 13 view .LVU51
 240              	.LBB5:
 373:lib/freertos/portable/MemMang/heap_4.c **** uint8_t *pucAlignedHeap;
 241              		.loc 1 373 1 view .LVU52
 374:lib/freertos/portable/MemMang/heap_4.c **** size_t uxAddress;
 242              		.loc 1 374 1 view .LVU53
 375:lib/freertos/portable/MemMang/heap_4.c **** size_t xTotalHeapSize = configTOTAL_HEAP_SIZE;
 243              		.loc 1 375 1 view .LVU54
 376:lib/freertos/portable/MemMang/heap_4.c **** 
 244              		.loc 1 376 1 view .LVU55
 245              	.LVL8:
ARM GAS  /tmp/cckfSVYB.s 			page 14


 379:lib/freertos/portable/MemMang/heap_4.c **** 
 246              		.loc 1 379 2 view .LVU56
 247              	@ lib/freertos/portable/MemMang/heap_4.c:379: 	uxAddress = ( size_t ) ucHeap;
 379:lib/freertos/portable/MemMang/heap_4.c **** 
 248              		.loc 1 379 12 is_stmt 0 view .LVU57
 249 0054 2C4B     		ldr	r3, .L30+4	@ uxAddress,
 250              	.LVL9:
 381:lib/freertos/portable/MemMang/heap_4.c **** 	{
 251              		.loc 1 381 2 is_stmt 1 view .LVU58
 252              	@ lib/freertos/portable/MemMang/heap_4.c:398: 	uxAddress -= xHeapStructSize;
 398:lib/freertos/portable/MemMang/heap_4.c **** 	uxAddress &= ~( ( size_t ) portBYTE_ALIGNMENT_MASK );
 253              		.loc 1 398 12 is_stmt 0 view .LVU59
 254 0056 2D4A     		ldr	r2, .L30+8	@ uxAddress,
 255              	@ lib/freertos/portable/MemMang/heap_4.c:381: 	if( ( uxAddress & portBYTE_ALIGNMENT_MASK ) != 0 )
 381:lib/freertos/portable/MemMang/heap_4.c **** 	{
 256              		.loc 1 381 4 view .LVU60
 257 0058 5907     		lsls	r1, r3, #29	@, uxAddress,
 383:lib/freertos/portable/MemMang/heap_4.c **** 		uxAddress &= ~( ( size_t ) portBYTE_ALIGNMENT_MASK );
 258              		.loc 1 383 3 is_stmt 1 view .LVU61
 259              	@ lib/freertos/portable/MemMang/heap_4.c:393: 	xStart.xBlockSize = ( size_t ) 0;
 393:lib/freertos/portable/MemMang/heap_4.c **** 
 260              		.loc 1 393 20 is_stmt 0 view .LVU62
 261 005a 4FF00001 		mov	r1, #0	@ tmp147,
 262              	@ lib/freertos/portable/MemMang/heap_4.c:383: 		uxAddress += ( portBYTE_ALIGNMENT - 1 );
 383:lib/freertos/portable/MemMang/heap_4.c **** 		uxAddress &= ~( ( size_t ) portBYTE_ALIGNMENT_MASK );
 263              		.loc 1 383 13 view .LVU63
 264 005e 1CBF     		itt	ne
 265 0060 0733     		addne	r3, r3, #7	@ uxAddress, uxAddress,
 266              	.LVL10:
 384:lib/freertos/portable/MemMang/heap_4.c **** 		xTotalHeapSize -= uxAddress - ( size_t ) ucHeap;
 267              		.loc 1 384 3 is_stmt 1 view .LVU64
 268              	@ lib/freertos/portable/MemMang/heap_4.c:384: 		uxAddress &= ~( ( size_t ) portBYTE_ALIGNMENT_MASK 
 384:lib/freertos/portable/MemMang/heap_4.c **** 		xTotalHeapSize -= uxAddress - ( size_t ) ucHeap;
 269              		.loc 1 384 13 is_stmt 0 view .LVU65
 270 0062 23F00703 		bicne	r3, r3, #7	@ uxAddress, uxAddress,
 271              	.LVL11:
 385:lib/freertos/portable/MemMang/heap_4.c **** 	}
 272              		.loc 1 385 3 is_stmt 1 view .LVU66
 388:lib/freertos/portable/MemMang/heap_4.c **** 
 273              		.loc 1 388 2 view .LVU67
 392:lib/freertos/portable/MemMang/heap_4.c **** 	xStart.xBlockSize = ( size_t ) 0;
 274              		.loc 1 392 2 view .LVU68
 275              	@ lib/freertos/portable/MemMang/heap_4.c:399: 	uxAddress &= ~( ( size_t ) portBYTE_ALIGNMENT_MASK )
 399:lib/freertos/portable/MemMang/heap_4.c **** 	pxEnd = ( void * ) uxAddress;
 276              		.loc 1 399 12 is_stmt 0 view .LVU69
 277 0066 22F00702 		bic	r2, r2, #7	@ uxAddress, uxAddress,
 278              	@ lib/freertos/portable/MemMang/heap_4.c:392: 	xStart.pxNextFreeBlock = ( void * ) pucAlignedHeap;
 392:lib/freertos/portable/MemMang/heap_4.c **** 	xStart.xBlockSize = ( size_t ) 0;
 279              		.loc 1 392 25 view .LVU70
 280 006a 2B60     		str	r3, [r5]	@ uxAddress, xStart.pxNextFreeBlock
 393:lib/freertos/portable/MemMang/heap_4.c **** 
 281              		.loc 1 393 2 is_stmt 1 view .LVU71
 282              	@ lib/freertos/portable/MemMang/heap_4.c:393: 	xStart.xBlockSize = ( size_t ) 0;
 393:lib/freertos/portable/MemMang/heap_4.c **** 
 283              		.loc 1 393 20 is_stmt 0 view .LVU72
 284 006c 6960     		str	r1, [r5, #4]	@ tmp147, xStart.xBlockSize
 397:lib/freertos/portable/MemMang/heap_4.c **** 	uxAddress -= xHeapStructSize;
ARM GAS  /tmp/cckfSVYB.s 			page 15


 285              		.loc 1 397 2 is_stmt 1 view .LVU73
 286              	.LVL12:
 398:lib/freertos/portable/MemMang/heap_4.c **** 	uxAddress &= ~( ( size_t ) portBYTE_ALIGNMENT_MASK );
 287              		.loc 1 398 2 view .LVU74
 399:lib/freertos/portable/MemMang/heap_4.c **** 	pxEnd = ( void * ) uxAddress;
 288              		.loc 1 399 2 view .LVU75
 400:lib/freertos/portable/MemMang/heap_4.c **** 	pxEnd->xBlockSize = 0;
 289              		.loc 1 400 2 view .LVU76
 290              	@ lib/freertos/portable/MemMang/heap_4.c:402: 	pxEnd->pxNextFreeBlock = NULL;
 402:lib/freertos/portable/MemMang/heap_4.c **** 
 291              		.loc 1 402 25 is_stmt 0 view .LVU77
 292 006e C2E90011 		strd	r1, r1, [r2]	@ tmp147, tmp147, uxAddress
 293              	@ lib/freertos/portable/MemMang/heap_4.c:407: 	pxFirstFreeBlock->xBlockSize = uxAddress - ( size_t 
 407:lib/freertos/portable/MemMang/heap_4.c **** 	pxFirstFreeBlock->pxNextFreeBlock = pxEnd;
 294              		.loc 1 407 43 view .LVU78
 295 0072 D11A     		subs	r1, r2, r3	@ _61, uxAddress, uxAddress
 296              	@ lib/freertos/portable/MemMang/heap_4.c:408: 	pxFirstFreeBlock->pxNextFreeBlock = pxEnd;
 408:lib/freertos/portable/MemMang/heap_4.c **** 
 297              		.loc 1 408 36 view .LVU79
 298 0074 C3E90021 		strd	r2, r1, [r3]	@ uxAddress, _61, uxAddress
 299              	@ lib/freertos/portable/MemMang/heap_4.c:415: 	xBlockAllocatedBit = ( ( size_t ) 1 ) << ( ( sizeof(
 415:lib/freertos/portable/MemMang/heap_4.c **** }
 300              		.loc 1 415 21 view .LVU80
 301 0078 4FF00043 		mov	r3, #-2147483648	@ tmp155,
 302              	.LVL13:
 303              	@ lib/freertos/portable/MemMang/heap_4.c:412: 	xFreeBytesRemaining = pxFirstFreeBlock->xBlockSize;
 412:lib/freertos/portable/MemMang/heap_4.c **** 
 304              		.loc 1 412 22 view .LVU81
 305 007c C5E90311 		strd	r1, r1, [r5, #12]	@ _61, _61, tmp171,
 306              	@ lib/freertos/portable/MemMang/heap_4.c:400: 	pxEnd = ( void * ) uxAddress;
 400:lib/freertos/portable/MemMang/heap_4.c **** 	pxEnd->xBlockSize = 0;
 307              		.loc 1 400 8 view .LVU82
 308 0080 AA60     		str	r2, [r5, #8]	@ uxAddress, pxEnd
 401:lib/freertos/portable/MemMang/heap_4.c **** 	pxEnd->pxNextFreeBlock = NULL;
 309              		.loc 1 401 2 is_stmt 1 view .LVU83
 406:lib/freertos/portable/MemMang/heap_4.c **** 	pxFirstFreeBlock->xBlockSize = uxAddress - ( size_t ) pxFirstFreeBlock;
 310              		.loc 1 406 2 view .LVU84
 407:lib/freertos/portable/MemMang/heap_4.c **** 	pxFirstFreeBlock->pxNextFreeBlock = pxEnd;
 311              		.loc 1 407 2 view .LVU85
 411:lib/freertos/portable/MemMang/heap_4.c **** 	xFreeBytesRemaining = pxFirstFreeBlock->xBlockSize;
 312              		.loc 1 411 2 view .LVU86
 415:lib/freertos/portable/MemMang/heap_4.c **** }
 313              		.loc 1 415 2 view .LVU87
 314              	@ lib/freertos/portable/MemMang/heap_4.c:415: 	xBlockAllocatedBit = ( ( size_t ) 1 ) << ( ( sizeof(
 415:lib/freertos/portable/MemMang/heap_4.c **** }
 315              		.loc 1 415 21 is_stmt 0 view .LVU88
 316 0082 6B61     		str	r3, [r5, #20]	@ tmp155, xBlockAllocatedBit
 317              	.LVL14:
 318              	.L12:
 415:lib/freertos/portable/MemMang/heap_4.c **** }
 319              		.loc 1 415 21 view .LVU89
 320              	.LBE5:
 321              	.LBE4:
 170:lib/freertos/portable/MemMang/heap_4.c **** 		}
 322              		.loc 1 170 28 is_stmt 1 view .LVU90
 177:lib/freertos/portable/MemMang/heap_4.c **** 		{
 323              		.loc 1 177 3 view .LVU91
ARM GAS  /tmp/cckfSVYB.s 			page 16


 324              	@ lib/freertos/portable/MemMang/heap_4.c:177: 		if( ( xWantedSize & xBlockAllocatedBit ) == 0 )
 177:lib/freertos/portable/MemMang/heap_4.c **** 		{
 325              		.loc 1 177 21 is_stmt 0 view .LVU92
 326 0084 D5F81480 		ldr	r8, [r5, #20]	@ xBlockAllocatedBit.1_2, xBlockAllocatedBit
 327              	@ lib/freertos/portable/MemMang/heap_4.c:177: 		if( ( xWantedSize & xBlockAllocatedBit ) == 0 )
 177:lib/freertos/portable/MemMang/heap_4.c **** 		{
 328              		.loc 1 177 5 view .LVU93
 329 0088 18EA040F 		tst	r8, r4	@ xBlockAllocatedBit.1_2, xWantedSize
 330 008c 37D1     		bne	.L26		@,
 181:lib/freertos/portable/MemMang/heap_4.c **** 			{
 331              		.loc 1 181 4 is_stmt 1 view .LVU94
 332              	@ lib/freertos/portable/MemMang/heap_4.c:181: 			if( xWantedSize > 0 )
 181:lib/freertos/portable/MemMang/heap_4.c **** 			{
 333              		.loc 1 181 6 is_stmt 0 view .LVU95
 334 008e 002C     		cmp	r4, #0	@ xWantedSize
 335 0090 2DD0     		beq	.L14	@
 183:lib/freertos/portable/MemMang/heap_4.c **** 
 336              		.loc 1 183 5 is_stmt 1 view .LVU96
 337              	@ lib/freertos/portable/MemMang/heap_4.c:183: 				xWantedSize += xHeapStructSize;
 183:lib/freertos/portable/MemMang/heap_4.c **** 
 338              		.loc 1 183 17 is_stmt 0 view .LVU97
 339 0092 04F10803 		add	r3, r4, #8	@ xWantedSize, xWantedSize,
 340              	.LVL15:
 187:lib/freertos/portable/MemMang/heap_4.c **** 				{
 341              		.loc 1 187 5 is_stmt 1 view .LVU98
 342              	@ lib/freertos/portable/MemMang/heap_4.c:187: 				if( ( xWantedSize & portBYTE_ALIGNMENT_MASK ) != 
 187:lib/freertos/portable/MemMang/heap_4.c **** 				{
 343              		.loc 1 187 7 is_stmt 0 view .LVU99
 344 0096 6207     		lsls	r2, r4, #29	@, xWantedSize,
 190:lib/freertos/portable/MemMang/heap_4.c **** 					configASSERT( ( xWantedSize & portBYTE_ALIGNMENT_MASK ) == 0 );
 345              		.loc 1 190 6 is_stmt 1 view .LVU100
 346              	@ lib/freertos/portable/MemMang/heap_4.c:190: 					xWantedSize += ( portBYTE_ALIGNMENT - ( xWantedS
 190:lib/freertos/portable/MemMang/heap_4.c **** 					configASSERT( ( xWantedSize & portBYTE_ALIGNMENT_MASK ) == 0 );
 347              		.loc 1 190 18 is_stmt 0 view .LVU101
 348 0098 1CBF     		itt	ne
 349 009a 23F00703 		bicne	r3, r3, #7	@ _5, xWantedSize,
 350              	.LVL16:
 190:lib/freertos/portable/MemMang/heap_4.c **** 					configASSERT( ( xWantedSize & portBYTE_ALIGNMENT_MASK ) == 0 );
 351              		.loc 1 190 18 view .LVU102
 352 009e 0833     		addne	r3, r3, #8	@ xWantedSize, _5,
 353              	.LVL17:
 191:lib/freertos/portable/MemMang/heap_4.c **** 				}
 354              		.loc 1 191 68 is_stmt 1 view .LVU103
 200:lib/freertos/portable/MemMang/heap_4.c **** 			}
 355              		.loc 1 200 29 view .LVU104
 203:lib/freertos/portable/MemMang/heap_4.c **** 			{
 356              		.loc 1 203 4 view .LVU105
 357              	@ lib/freertos/portable/MemMang/heap_4.c:203: 			if( ( xWantedSize > 0 ) && ( xWantedSize <= xFreeB
 203:lib/freertos/portable/MemMang/heap_4.c **** 			{
 358              		.loc 1 203 6 is_stmt 0 view .LVU106
 359 00a0 6BB3     		cbz	r3, .L26	@ xWantedSize,
 360              	@ lib/freertos/portable/MemMang/heap_4.c:203: 			if( ( xWantedSize > 0 ) && ( xWantedSize <= xFreeB
 203:lib/freertos/portable/MemMang/heap_4.c **** 			{
 361              		.loc 1 203 45 discriminator 1 view .LVU107
 362 00a2 2F69     		ldr	r7, [r5, #16]	@ xFreeBytesRemaining.2_6, xFreeBytesRemaining
 363              	@ lib/freertos/portable/MemMang/heap_4.c:203: 			if( ( xWantedSize > 0 ) && ( xWantedSize <= xFreeB
 203:lib/freertos/portable/MemMang/heap_4.c **** 			{
ARM GAS  /tmp/cckfSVYB.s 			page 17


 364              		.loc 1 203 28 discriminator 1 view .LVU108
 365 00a4 9F42     		cmp	r7, r3	@ xFreeBytesRemaining.2_6, xWantedSize
 366 00a6 2AD3     		bcc	.L26		@,
 207:lib/freertos/portable/MemMang/heap_4.c **** 				pxBlock = xStart.pxNextFreeBlock;
 367              		.loc 1 207 5 is_stmt 1 view .LVU109
 368              	.LVL18:
 208:lib/freertos/portable/MemMang/heap_4.c **** 				while( ( pxBlock->xBlockSize < xWantedSize ) && ( pxBlock->pxNextFreeBlock != NULL ) )
 369              		.loc 1 208 5 view .LVU110
 370              	@ lib/freertos/portable/MemMang/heap_4.c:208: 				pxBlock = xStart.pxNextFreeBlock;
 208:lib/freertos/portable/MemMang/heap_4.c **** 				while( ( pxBlock->xBlockSize < xWantedSize ) && ( pxBlock->pxNextFreeBlock != NULL ) )
 371              		.loc 1 208 13 is_stmt 0 view .LVU111
 372 00a8 2E68     		ldr	r6, [r5]	@ pxBlock, xStart.pxNextFreeBlock
 373              	.LVL19:
 209:lib/freertos/portable/MemMang/heap_4.c **** 				{
 374              		.loc 1 209 5 is_stmt 1 view .LVU112
 375              	@ lib/freertos/portable/MemMang/heap_4.c:207: 				pxPreviousBlock = &xStart;
 207:lib/freertos/portable/MemMang/heap_4.c **** 				pxBlock = xStart.pxNextFreeBlock;
 376              		.loc 1 207 21 is_stmt 0 view .LVU113
 377 00aa 1648     		ldr	r0, .L30	@ pxPreviousBlock,
 378              	.LVL20:
 379              	.L17:
 209:lib/freertos/portable/MemMang/heap_4.c **** 				{
 380              		.loc 1 209 10 is_stmt 1 view .LVU114
 381              	@ lib/freertos/portable/MemMang/heap_4.c:209: 				while( ( pxBlock->xBlockSize < xWantedSize ) && (
 209:lib/freertos/portable/MemMang/heap_4.c **** 				{
 382              		.loc 1 209 21 is_stmt 0 view .LVU115
 383 00ac 7268     		ldr	r2, [r6, #4]	@ _7, pxBlock_21->xBlockSize
 384              	@ lib/freertos/portable/MemMang/heap_4.c:209: 				while( ( pxBlock->xBlockSize < xWantedSize ) && (
 209:lib/freertos/portable/MemMang/heap_4.c **** 				{
 385              		.loc 1 209 10 view .LVU116
 386 00ae 9A42     		cmp	r2, r3	@ _7, xWantedSize
 387 00b0 01D2     		bcs	.L16		@,
 388              	@ lib/freertos/portable/MemMang/heap_4.c:209: 				while( ( pxBlock->xBlockSize < xWantedSize ) && (
 209:lib/freertos/portable/MemMang/heap_4.c **** 				{
 389              		.loc 1 209 62 discriminator 1 view .LVU117
 390 00b2 3168     		ldr	r1, [r6]	@ _8, pxBlock_21->pxNextFreeBlock
 391              	@ lib/freertos/portable/MemMang/heap_4.c:209: 				while( ( pxBlock->xBlockSize < xWantedSize ) && (
 209:lib/freertos/portable/MemMang/heap_4.c **** 				{
 392              		.loc 1 209 50 discriminator 1 view .LVU118
 393 00b4 01BB     		cbnz	r1, .L25	@ _8,
 394              	.L16:
 217:lib/freertos/portable/MemMang/heap_4.c **** 				{
 395              		.loc 1 217 5 is_stmt 1 view .LVU119
 396              	@ lib/freertos/portable/MemMang/heap_4.c:217: 				if( pxBlock != pxEnd )
 217:lib/freertos/portable/MemMang/heap_4.c **** 				{
 397              		.loc 1 217 7 is_stmt 0 view .LVU120
 398 00b6 A968     		ldr	r1, [r5, #8]	@ pxEnd, pxEnd
 399 00b8 B142     		cmp	r1, r6	@ pxEnd, pxBlock
 400 00ba 20D0     		beq	.L26		@,
 221:lib/freertos/portable/MemMang/heap_4.c **** 
 401              		.loc 1 221 6 is_stmt 1 view .LVU121
 402              	@ lib/freertos/portable/MemMang/heap_4.c:221: 					pvReturn = ( void * ) ( ( ( uint8_t * ) pxPrevio
 221:lib/freertos/portable/MemMang/heap_4.c **** 
 403              		.loc 1 221 15 is_stmt 0 view .LVU122
 404 00bc 0468     		ldr	r4, [r0]	@ pxPreviousBlock_22->pxNextFreeBlock, pxPreviousBlock_22->pxNextFreeBlock
 405              	@ lib/freertos/portable/MemMang/heap_4.c:225: 					pxPreviousBlock->pxNextFreeBlock = pxBlock->pxNe
 225:lib/freertos/portable/MemMang/heap_4.c **** 
ARM GAS  /tmp/cckfSVYB.s 			page 18


 406              		.loc 1 225 48 view .LVU123
 407 00be 3168     		ldr	r1, [r6]	@ _11, pxBlock_21->pxNextFreeBlock
 408              	@ lib/freertos/portable/MemMang/heap_4.c:229: 					if( ( pxBlock->xBlockSize - xWantedSize ) > heap
 229:lib/freertos/portable/MemMang/heap_4.c **** 					{
 409              		.loc 1 229 32 view .LVU124
 410 00c0 D21A     		subs	r2, r2, r3	@ _13, _7, xWantedSize
 411              	@ lib/freertos/portable/MemMang/heap_4.c:229: 					if( ( pxBlock->xBlockSize - xWantedSize ) > heap
 229:lib/freertos/portable/MemMang/heap_4.c **** 					{
 412              		.loc 1 229 8 view .LVU125
 413 00c2 102A     		cmp	r2, #16	@ _13,
 414              	@ lib/freertos/portable/MemMang/heap_4.c:221: 					pvReturn = ( void * ) ( ( ( uint8_t * ) pxPrevio
 221:lib/freertos/portable/MemMang/heap_4.c **** 
 415              		.loc 1 221 15 view .LVU126
 416 00c4 04F10804 		add	r4, r4, #8	@ <retval>, pxPreviousBlock_22->pxNextFreeBlock,
 417              	.LVL21:
 225:lib/freertos/portable/MemMang/heap_4.c **** 
 418              		.loc 1 225 6 is_stmt 1 view .LVU127
 419              	@ lib/freertos/portable/MemMang/heap_4.c:225: 					pxPreviousBlock->pxNextFreeBlock = pxBlock->pxNe
 225:lib/freertos/portable/MemMang/heap_4.c **** 
 420              		.loc 1 225 39 is_stmt 0 view .LVU128
 421 00c8 0160     		str	r1, [r0]	@ _11, pxPreviousBlock_22->pxNextFreeBlock
 229:lib/freertos/portable/MemMang/heap_4.c **** 					{
 422              		.loc 1 229 6 is_stmt 1 view .LVU129
 423              	@ lib/freertos/portable/MemMang/heap_4.c:229: 					if( ( pxBlock->xBlockSize - xWantedSize ) > heap
 229:lib/freertos/portable/MemMang/heap_4.c **** 					{
 424              		.loc 1 229 8 is_stmt 0 view .LVU130
 425 00ca 04D9     		bls	.L18		@,
 235:lib/freertos/portable/MemMang/heap_4.c **** 						configASSERT( ( ( ( size_t ) pxNewBlockLink ) & portBYTE_ALIGNMENT_MASK ) == 0 );
 426              		.loc 1 235 7 is_stmt 1 view .LVU131
 427              	@ lib/freertos/portable/MemMang/heap_4.c:235: 						pxNewBlockLink = ( void * ) ( ( ( uint8_t * ) p
 235:lib/freertos/portable/MemMang/heap_4.c **** 						configASSERT( ( ( ( size_t ) pxNewBlockLink ) & portBYTE_ALIGNMENT_MASK ) == 0 );
 428              		.loc 1 235 22 is_stmt 0 view .LVU132
 429 00cc F018     		adds	r0, r6, r3	@ pxNewBlockLink, pxBlock, xWantedSize
 430              	.LVL22:
 236:lib/freertos/portable/MemMang/heap_4.c **** 
 431              		.loc 1 236 87 is_stmt 1 view .LVU133
 240:lib/freertos/portable/MemMang/heap_4.c **** 						pxBlock->xBlockSize = xWantedSize;
 432              		.loc 1 240 7 view .LVU134
 433              	@ lib/freertos/portable/MemMang/heap_4.c:240: 						pxNewBlockLink->xBlockSize = pxBlock->xBlockSiz
 240:lib/freertos/portable/MemMang/heap_4.c **** 						pxBlock->xBlockSize = xWantedSize;
 434              		.loc 1 240 34 is_stmt 0 view .LVU135
 435 00ce 4260     		str	r2, [r0, #4]	@ _13, pxNewBlockLink_39->xBlockSize
 241:lib/freertos/portable/MemMang/heap_4.c **** 
 436              		.loc 1 241 7 is_stmt 1 view .LVU136
 437              	@ lib/freertos/portable/MemMang/heap_4.c:241: 						pxBlock->xBlockSize = xWantedSize;
 241:lib/freertos/portable/MemMang/heap_4.c **** 
 438              		.loc 1 241 27 is_stmt 0 view .LVU137
 439 00d0 7360     		str	r3, [r6, #4]	@ xWantedSize, pxBlock_21->xBlockSize
 244:lib/freertos/portable/MemMang/heap_4.c **** 					}
 440              		.loc 1 244 7 is_stmt 1 view .LVU138
 441 00d2 FFF795FF 		bl	prvInsertBlockIntoFreeList		@
 442              	.LVL23:
 443              	.L18:
 248:lib/freertos/portable/MemMang/heap_4.c **** 					}
 444              		.loc 1 248 31 view .LVU139
 251:lib/freertos/portable/MemMang/heap_4.c **** 
 445              		.loc 1 251 6 view .LVU140
ARM GAS  /tmp/cckfSVYB.s 			page 19


 446              	@ lib/freertos/portable/MemMang/heap_4.c:265: 					pxBlock->pxNextFreeBlock = NULL;
 265:lib/freertos/portable/MemMang/heap_4.c **** 				}
 447              		.loc 1 265 31 is_stmt 0 view .LVU141
 448 00d6 0023     		movs	r3, #0	@ tmp169,
 449              	@ lib/freertos/portable/MemMang/heap_4.c:251: 					xFreeBytesRemaining -= pxBlock->xBlockSize;
 251:lib/freertos/portable/MemMang/heap_4.c **** 
 450              		.loc 1 251 36 view .LVU142
 451 00d8 7268     		ldr	r2, [r6, #4]	@ _15, pxBlock_21->xBlockSize
 452              	@ lib/freertos/portable/MemMang/heap_4.c:253: 					if( xFreeBytesRemaining < xMinimumEverFreeBytesR
 253:lib/freertos/portable/MemMang/heap_4.c **** 					{
 453              		.loc 1 253 8 view .LVU143
 454 00da E968     		ldr	r1, [r5, #12]	@ xMinimumEverFreeBytesRemaining, xMinimumEverFreeBytesRemaining
 455              	@ lib/freertos/portable/MemMang/heap_4.c:251: 					xFreeBytesRemaining -= pxBlock->xBlockSize;
 251:lib/freertos/portable/MemMang/heap_4.c **** 
 456              		.loc 1 251 26 view .LVU144
 457 00dc BF1A     		subs	r7, r7, r2	@ _16, xFreeBytesRemaining.2_6, _15
 458              	@ lib/freertos/portable/MemMang/heap_4.c:253: 					if( xFreeBytesRemaining < xMinimumEverFreeBytesR
 253:lib/freertos/portable/MemMang/heap_4.c **** 					{
 459              		.loc 1 253 8 view .LVU145
 460 00de 8F42     		cmp	r7, r1	@ _16, xMinimumEverFreeBytesRemaining
 461              	@ lib/freertos/portable/MemMang/heap_4.c:264: 					pxBlock->xBlockSize |= xBlockAllocatedBit;
 264:lib/freertos/portable/MemMang/heap_4.c **** 					pxBlock->pxNextFreeBlock = NULL;
 462              		.loc 1 264 26 view .LVU146
 463 00e0 48EA0202 		orr	r2, r8, r2	@ tmp168, xBlockAllocatedBit.1_2, _15
 464              	@ lib/freertos/portable/MemMang/heap_4.c:251: 					xFreeBytesRemaining -= pxBlock->xBlockSize;
 251:lib/freertos/portable/MemMang/heap_4.c **** 
 465              		.loc 1 251 26 view .LVU147
 466 00e4 2F61     		str	r7, [r5, #16]	@ _16, xFreeBytesRemaining
 253:lib/freertos/portable/MemMang/heap_4.c **** 					{
 467              		.loc 1 253 6 is_stmt 1 view .LVU148
 255:lib/freertos/portable/MemMang/heap_4.c **** 					}
 468              		.loc 1 255 7 view .LVU149
 469              	@ lib/freertos/portable/MemMang/heap_4.c:255: 						xMinimumEverFreeBytesRemaining = xFreeBytesRema
 255:lib/freertos/portable/MemMang/heap_4.c **** 					}
 470              		.loc 1 255 38 is_stmt 0 view .LVU150
 471 00e6 38BF     		it	cc
 472 00e8 EF60     		strcc	r7, [r5, #12]	@ _16, xMinimumEverFreeBytesRemaining
 259:lib/freertos/portable/MemMang/heap_4.c **** 					}
 473              		.loc 1 259 31 is_stmt 1 view .LVU151
 264:lib/freertos/portable/MemMang/heap_4.c **** 					pxBlock->pxNextFreeBlock = NULL;
 474              		.loc 1 264 6 view .LVU152
 475              	@ lib/freertos/portable/MemMang/heap_4.c:264: 					pxBlock->xBlockSize |= xBlockAllocatedBit;
 264:lib/freertos/portable/MemMang/heap_4.c **** 					pxBlock->pxNextFreeBlock = NULL;
 476              		.loc 1 264 26 is_stmt 0 view .LVU153
 477 00ea 7260     		str	r2, [r6, #4]	@ tmp168, pxBlock_21->xBlockSize
 265:lib/freertos/portable/MemMang/heap_4.c **** 				}
 478              		.loc 1 265 6 is_stmt 1 view .LVU154
 479              	@ lib/freertos/portable/MemMang/heap_4.c:265: 					pxBlock->pxNextFreeBlock = NULL;
 265:lib/freertos/portable/MemMang/heap_4.c **** 				}
 480              		.loc 1 265 31 is_stmt 0 view .LVU155
 481 00ec 3360     		str	r3, [r6]	@ tmp169, pxBlock_21->pxNextFreeBlock
 482              	.LVL24:
 483              	.L14:
 279:lib/freertos/portable/MemMang/heap_4.c **** 		}
 484              		.loc 1 279 28 is_stmt 1 view .LVU156
 282:lib/freertos/portable/MemMang/heap_4.c **** 	}
 485              		.loc 1 282 39 view .LVU157
ARM GAS  /tmp/cckfSVYB.s 			page 20


 284:lib/freertos/portable/MemMang/heap_4.c **** 
 486              		.loc 1 284 2 view .LVU158
 487              	@ lib/freertos/portable/MemMang/heap_4.c:284: 	( void ) xTaskResumeAll();
 284:lib/freertos/portable/MemMang/heap_4.c **** 
 488              		.loc 1 284 11 is_stmt 0 view .LVU159
 489 00ee FFF7FEFF 		bl	xTaskResumeAll		@
 490              	.LVL25:
 300:lib/freertos/portable/MemMang/heap_4.c **** 	return pvReturn;
 491              		.loc 1 300 87 is_stmt 1 view .LVU160
 301:lib/freertos/portable/MemMang/heap_4.c **** }
 492              		.loc 1 301 2 view .LVU161
 493              	@ lib/freertos/portable/MemMang/heap_4.c:302: }
 302:lib/freertos/portable/MemMang/heap_4.c **** /*-----------------------------------------------------------*/
 494              		.loc 1 302 1 is_stmt 0 view .LVU162
 495 00f2 2046     		mov	r0, r4	@, <retval>
 496 00f4 BDE8F081 		pop	{r4, r5, r6, r7, r8, pc}	@
 497              	.LVL26:
 498              	.L25:
 302:lib/freertos/portable/MemMang/heap_4.c **** /*-----------------------------------------------------------*/
 499              		.loc 1 302 1 view .LVU163
 500 00f8 3046     		mov	r0, r6	@ pxPreviousBlock, pxBlock
 501 00fa 0E46     		mov	r6, r1	@ pxBlock, _8
 502              	.LVL27:
 302:lib/freertos/portable/MemMang/heap_4.c **** /*-----------------------------------------------------------*/
 503              		.loc 1 302 1 view .LVU164
 504 00fc D6E7     		b	.L17		@
 505              	.LVL28:
 506              	.L26:
 507              	@ lib/freertos/portable/MemMang/heap_4.c:158: void *pvReturn = NULL;
 158:lib/freertos/portable/MemMang/heap_4.c **** 
 508              		.loc 1 158 7 view .LVU165
 509 00fe 0024     		movs	r4, #0	@ <retval>,
 510 0100 F5E7     		b	.L14		@
 511              	.L31:
 512 0102 00BF     		.align	2
 513              	.L30:
 514 0104 00000000 		.word	.LANCHOR0
 515 0108 18000000 		.word	ucHeap
 516 010c 10480000 		.word	ucHeap+18424
 517              		.cfi_endproc
 518              	.LFE5:
 519              		.size	pvPortMalloc, .-pvPortMalloc
 520              		.align	1
 521              		.global	vPortFree
 522              		.syntax unified
 523              		.thumb
 524              		.thumb_func
 525              		.fpu softvfp
 526              		.type	vPortFree, %function
 527              	vPortFree:
 528              	.LVL29:
 529              	.LFB6:
 306:lib/freertos/portable/MemMang/heap_4.c **** uint8_t *puc = ( uint8_t * ) pv;
 530              		.loc 1 306 1 is_stmt 1 view -0
 531              		.cfi_startproc
 532              		@ args = 0, pretend = 0, frame = 0
 533              		@ frame_needed = 0, uses_anonymous_args = 0
ARM GAS  /tmp/cckfSVYB.s 			page 21


 307:lib/freertos/portable/MemMang/heap_4.c **** BlockLink_t *pxLink;
 534              		.loc 1 307 1 view .LVU167
 308:lib/freertos/portable/MemMang/heap_4.c **** 
 535              		.loc 1 308 1 view .LVU168
 310:lib/freertos/portable/MemMang/heap_4.c **** 	{
 536              		.loc 1 310 2 view .LVU169
 537              	@ lib/freertos/portable/MemMang/heap_4.c:306: {
 306:lib/freertos/portable/MemMang/heap_4.c **** uint8_t *puc = ( uint8_t * ) pv;
 538              		.loc 1 306 1 is_stmt 0 view .LVU170
 539 0110 38B5     		push	{r3, r4, r5, lr}	@
 540              	.LCFI2:
 541              		.cfi_def_cfa_offset 16
 542              		.cfi_offset 3, -16
 543              		.cfi_offset 4, -12
 544              		.cfi_offset 5, -8
 545              		.cfi_offset 14, -4
 546              	@ lib/freertos/portable/MemMang/heap_4.c:310: 	if( pv != NULL )
 310:lib/freertos/portable/MemMang/heap_4.c **** 	{
 547              		.loc 1 310 4 view .LVU171
 548 0112 0446     		mov	r4, r0	@ pv, tmp132
 549 0114 D8B1     		cbz	r0, .L32	@ pv,
 314:lib/freertos/portable/MemMang/heap_4.c **** 
 550              		.loc 1 314 3 is_stmt 1 view .LVU172
 551              	.LVL30:
 317:lib/freertos/portable/MemMang/heap_4.c **** 
 552              		.loc 1 317 3 view .LVU173
 320:lib/freertos/portable/MemMang/heap_4.c **** 		configASSERT( pxLink->pxNextFreeBlock == NULL );
 553              		.loc 1 320 67 view .LVU174
 321:lib/freertos/portable/MemMang/heap_4.c **** 
 554              		.loc 1 321 50 view .LVU175
 323:lib/freertos/portable/MemMang/heap_4.c **** 		{
 555              		.loc 1 323 3 view .LVU176
 556              	@ lib/freertos/portable/MemMang/heap_4.c:323: 		if( ( pxLink->xBlockSize & xBlockAllocatedBit ) != 
 323:lib/freertos/portable/MemMang/heap_4.c **** 		{
 557              		.loc 1 323 28 is_stmt 0 view .LVU177
 558 0116 0E4D     		ldr	r5, .L40	@ tmp121,
 559              	@ lib/freertos/portable/MemMang/heap_4.c:323: 		if( ( pxLink->xBlockSize & xBlockAllocatedBit ) != 
 323:lib/freertos/portable/MemMang/heap_4.c **** 		{
 560              		.loc 1 323 15 view .LVU178
 561 0118 50F8043C 		ldr	r3, [r0, #-4]	@ _1, MEM[(struct BlockLink_t *)pv_11(D) + 4294967288B].xBlockSize
 562              	@ lib/freertos/portable/MemMang/heap_4.c:323: 		if( ( pxLink->xBlockSize & xBlockAllocatedBit ) != 
 323:lib/freertos/portable/MemMang/heap_4.c **** 		{
 563              		.loc 1 323 28 view .LVU179
 564 011c 6A69     		ldr	r2, [r5, #20]	@ xBlockAllocatedBit.18_2, xBlockAllocatedBit
 565              	@ lib/freertos/portable/MemMang/heap_4.c:323: 		if( ( pxLink->xBlockSize & xBlockAllocatedBit ) != 
 323:lib/freertos/portable/MemMang/heap_4.c **** 		{
 566              		.loc 1 323 5 view .LVU180
 567 011e 1342     		tst	r3, r2	@ _1, xBlockAllocatedBit.18_2
 568 0120 15D0     		beq	.L32		@,
 325:lib/freertos/portable/MemMang/heap_4.c **** 			{
 569              		.loc 1 325 4 is_stmt 1 view .LVU181
 570              	@ lib/freertos/portable/MemMang/heap_4.c:325: 			if( pxLink->pxNextFreeBlock == NULL )
 325:lib/freertos/portable/MemMang/heap_4.c **** 			{
 571              		.loc 1 325 6 is_stmt 0 view .LVU182
 572 0122 50F8081C 		ldr	r1, [r0, #-8]	@ MEM[(struct BlockLink_t *)pv_11(D) + 4294967288B].pxNextFreeBlock, MEM[(struct
 573 0126 91B9     		cbnz	r1, .L32	@ MEM[(struct BlockLink_t *)pv_11(D) + 4294967288B].pxNextFreeBlock,
 329:lib/freertos/portable/MemMang/heap_4.c **** 
ARM GAS  /tmp/cckfSVYB.s 			page 22


 574              		.loc 1 329 5 is_stmt 1 view .LVU183
 575              	@ lib/freertos/portable/MemMang/heap_4.c:329: 				pxLink->xBlockSize &= ~xBlockAllocatedBit;
 329:lib/freertos/portable/MemMang/heap_4.c **** 
 576              		.loc 1 329 24 is_stmt 0 view .LVU184
 577 0128 23EA0203 		bic	r3, r3, r2	@ tmp125, _1, xBlockAllocatedBit.18_2
 578 012c 40F8043C 		str	r3, [r0, #-4]	@ tmp125, MEM[(struct BlockLink_t *)pv_11(D) + 4294967288B].xBlockSize
 331:lib/freertos/portable/MemMang/heap_4.c **** 				{
 579              		.loc 1 331 5 is_stmt 1 view .LVU185
 580 0130 FFF7FEFF 		bl	vTaskSuspendAll		@
 581              	.LVL31:
 334:lib/freertos/portable/MemMang/heap_4.c **** 					traceFREE( pv, pxLink->xBlockSize );
 582              		.loc 1 334 6 view .LVU186
 583              	@ lib/freertos/portable/MemMang/heap_4.c:334: 					xFreeBytesRemaining += pxLink->xBlockSize;
 334:lib/freertos/portable/MemMang/heap_4.c **** 					traceFREE( pv, pxLink->xBlockSize );
 584              		.loc 1 334 26 is_stmt 0 view .LVU187
 585 0134 2A69     		ldr	r2, [r5, #16]	@ xFreeBytesRemaining, xFreeBytesRemaining
 586 0136 54F8043C 		ldr	r3, [r4, #-4]	@ MEM[(struct BlockLink_t *)pv_11(D) + 4294967288B].xBlockSize, MEM[(struct Bloc
 587              	@ lib/freertos/portable/MemMang/heap_4.c:336: 					prvInsertBlockIntoFreeList( ( ( BlockLink_t * ) 
 336:lib/freertos/portable/MemMang/heap_4.c **** 				}
 588              		.loc 1 336 6 view .LVU188
 589 013a A4F10800 		sub	r0, r4, #8	@, pv,
 590              	.LVL32:
 591              	@ lib/freertos/portable/MemMang/heap_4.c:334: 					xFreeBytesRemaining += pxLink->xBlockSize;
 334:lib/freertos/portable/MemMang/heap_4.c **** 					traceFREE( pv, pxLink->xBlockSize );
 592              		.loc 1 334 26 view .LVU189
 593 013e 1344     		add	r3, r3, r2	@ tmp128, xFreeBytesRemaining
 594 0140 2B61     		str	r3, [r5, #16]	@ tmp128, xFreeBytesRemaining
 335:lib/freertos/portable/MemMang/heap_4.c **** 					prvInsertBlockIntoFreeList( ( ( BlockLink_t * ) pxLink ) );
 595              		.loc 1 335 41 is_stmt 1 view .LVU190
 336:lib/freertos/portable/MemMang/heap_4.c **** 				}
 596              		.loc 1 336 6 view .LVU191
 597 0142 FFF75DFF 		bl	prvInsertBlockIntoFreeList		@
 598              	.LVL33:
 338:lib/freertos/portable/MemMang/heap_4.c **** 			}
 599              		.loc 1 338 5 view .LVU192
 600              	@ lib/freertos/portable/MemMang/heap_4.c:350: }
 350:lib/freertos/portable/MemMang/heap_4.c **** /*-----------------------------------------------------------*/
 601              		.loc 1 350 1 is_stmt 0 view .LVU193
 602 0146 BDE83840 		pop	{r3, r4, r5, lr}	@
 603              	.LCFI3:
 604              		.cfi_remember_state
 605              		.cfi_restore 14
 606              		.cfi_restore 5
 607              		.cfi_restore 4
 608              		.cfi_restore 3
 609              		.cfi_def_cfa_offset 0
 610              	.LVL34:
 611              	@ lib/freertos/portable/MemMang/heap_4.c:338: 				( void ) xTaskResumeAll();
 338:lib/freertos/portable/MemMang/heap_4.c **** 			}
 612              		.loc 1 338 14 view .LVU194
 613 014a FFF7FEBF 		b	xTaskResumeAll		@
 614              	.LVL35:
 615              	.L32:
 616              	.LCFI4:
 617              		.cfi_restore_state
 618              	@ lib/freertos/portable/MemMang/heap_4.c:350: }
 350:lib/freertos/portable/MemMang/heap_4.c **** /*-----------------------------------------------------------*/
ARM GAS  /tmp/cckfSVYB.s 			page 23


 619              		.loc 1 350 1 view .LVU195
 620 014e 38BD     		pop	{r3, r4, r5, pc}	@
 621              	.L41:
 622              		.align	2
 623              	.L40:
 624 0150 00000000 		.word	.LANCHOR0
 625              		.cfi_endproc
 626              	.LFE6:
 627              		.size	vPortFree, .-vPortFree
 628              		.align	1
 629              		.global	xPortGetFreeHeapSize
 630              		.syntax unified
 631              		.thumb
 632              		.thumb_func
 633              		.fpu softvfp
 634              		.type	xPortGetFreeHeapSize, %function
 635              	xPortGetFreeHeapSize:
 636              	.LFB7:
 354:lib/freertos/portable/MemMang/heap_4.c **** 	return xFreeBytesRemaining;
 637              		.loc 1 354 1 is_stmt 1 view -0
 638              		.cfi_startproc
 639              		@ args = 0, pretend = 0, frame = 0
 640              		@ frame_needed = 0, uses_anonymous_args = 0
 641              		@ link register save eliminated.
 355:lib/freertos/portable/MemMang/heap_4.c **** }
 642              		.loc 1 355 2 view .LVU197
 643              	@ lib/freertos/portable/MemMang/heap_4.c:356: }
 356:lib/freertos/portable/MemMang/heap_4.c **** /*-----------------------------------------------------------*/
 644              		.loc 1 356 1 is_stmt 0 view .LVU198
 645 0154 014B     		ldr	r3, .L43	@ tmp112,
 646 0156 1869     		ldr	r0, [r3, #16]	@, xFreeBytesRemaining
 647 0158 7047     		bx	lr	@
 648              	.L44:
 649 015a 00BF     		.align	2
 650              	.L43:
 651 015c 00000000 		.word	.LANCHOR0
 652              		.cfi_endproc
 653              	.LFE7:
 654              		.size	xPortGetFreeHeapSize, .-xPortGetFreeHeapSize
 655              		.align	1
 656              		.global	xPortGetMinimumEverFreeHeapSize
 657              		.syntax unified
 658              		.thumb
 659              		.thumb_func
 660              		.fpu softvfp
 661              		.type	xPortGetMinimumEverFreeHeapSize, %function
 662              	xPortGetMinimumEverFreeHeapSize:
 663              	.LFB8:
 360:lib/freertos/portable/MemMang/heap_4.c **** 	return xMinimumEverFreeBytesRemaining;
 664              		.loc 1 360 1 is_stmt 1 view -0
 665              		.cfi_startproc
 666              		@ args = 0, pretend = 0, frame = 0
 667              		@ frame_needed = 0, uses_anonymous_args = 0
 668              		@ link register save eliminated.
 361:lib/freertos/portable/MemMang/heap_4.c **** }
 669              		.loc 1 361 2 view .LVU200
 670              	@ lib/freertos/portable/MemMang/heap_4.c:362: }
ARM GAS  /tmp/cckfSVYB.s 			page 24


 362:lib/freertos/portable/MemMang/heap_4.c **** /*-----------------------------------------------------------*/
 671              		.loc 1 362 1 is_stmt 0 view .LVU201
 672 0160 014B     		ldr	r3, .L46	@ tmp112,
 673 0162 D868     		ldr	r0, [r3, #12]	@, xMinimumEverFreeBytesRemaining
 674 0164 7047     		bx	lr	@
 675              	.L47:
 676 0166 00BF     		.align	2
 677              	.L46:
 678 0168 00000000 		.word	.LANCHOR0
 679              		.cfi_endproc
 680              	.LFE8:
 681              		.size	xPortGetMinimumEverFreeHeapSize, .-xPortGetMinimumEverFreeHeapSize
 682              		.align	1
 683              		.global	vPortInitialiseBlocks
 684              		.syntax unified
 685              		.thumb
 686              		.thumb_func
 687              		.fpu softvfp
 688              		.type	vPortInitialiseBlocks, %function
 689              	vPortInitialiseBlocks:
 690              	.LFB9:
 366:lib/freertos/portable/MemMang/heap_4.c **** 	/* This just exists to keep the linker quiet. */
 691              		.loc 1 366 1 is_stmt 1 view -0
 692              		.cfi_startproc
 693              		@ args = 0, pretend = 0, frame = 0
 694              		@ frame_needed = 0, uses_anonymous_args = 0
 695              		@ link register save eliminated.
 368:lib/freertos/portable/MemMang/heap_4.c **** /*-----------------------------------------------------------*/
 696              		.loc 1 368 1 view .LVU203
 697 016c 7047     		bx	lr	@
 698              		.cfi_endproc
 699              	.LFE9:
 700              		.size	vPortInitialiseBlocks, .-vPortInitialiseBlocks
 701              		.bss
 702              		.align	2
 703              		.set	.LANCHOR0,. + 0
 704              		.type	xStart, %object
 705              		.size	xStart, 8
 706              	xStart:
 707 0000 00000000 		.space	8
 707      00000000 
 708              		.type	pxEnd, %object
 709              		.size	pxEnd, 4
 710              	pxEnd:
 711 0008 00000000 		.space	4
 712              		.type	xMinimumEverFreeBytesRemaining, %object
 713              		.size	xMinimumEverFreeBytesRemaining, 4
 714              	xMinimumEverFreeBytesRemaining:
 715 000c 00000000 		.space	4
 716              		.type	xFreeBytesRemaining, %object
 717              		.size	xFreeBytesRemaining, 4
 718              	xFreeBytesRemaining:
 719 0010 00000000 		.space	4
 720              		.type	xBlockAllocatedBit, %object
 721              		.size	xBlockAllocatedBit, 4
 722              	xBlockAllocatedBit:
 723 0014 00000000 		.space	4
ARM GAS  /tmp/cckfSVYB.s 			page 25


 724              		.type	ucHeap, %object
 725              		.size	ucHeap, 18432
 726              	ucHeap:
 727 0018 00000000 		.space	18432
 727      00000000 
 727      00000000 
 727      00000000 
 727      00000000 
 728              		.text
 729              	.Letext0:
 730              		.file 2 "/usr/lib/gcc/arm-none-eabi/9.2.1/include/stddef.h"
 731              		.file 3 "/usr/include/newlib/sys/_types.h"
 732              		.file 4 "/usr/include/newlib/sys/reent.h"
 733              		.file 5 "/usr/include/newlib/sys/lock.h"
 734              		.file 6 "/usr/include/newlib/stdlib.h"
 735              		.file 7 "/usr/lib/gcc/arm-none-eabi/9.2.1/include/stdint.h"
 736              		.file 8 "./lib/freertos/include/task.h"
 737 016e 00BF     		.section	.debug_info,"",%progbits
 738              	.Ldebug_info0:
 739 0000 A10D0000 		.4byte	0xda1
 740 0004 0200     		.2byte	0x2
 741 0006 00000000 		.4byte	.Ldebug_abbrev0
 742 000a 04       		.byte	0x4
 743 000b 01       		.uleb128 0x1
 744 000c E3000000 		.4byte	.LASF149
 745 0010 0C       		.byte	0xc
 746 0011 EC020000 		.4byte	.LASF150
 747 0015 37060000 		.4byte	.LASF151
 748 0019 00000000 		.4byte	.Ltext0
 749 001d 6E010000 		.4byte	.Letext0
 750 0021 00000000 		.4byte	.Ldebug_line0
 751 0025 02       		.uleb128 0x2
 752 0026 12000000 		.4byte	.LASF3
 753 002a 02       		.byte	0x2
 754 002b D1       		.byte	0xd1
 755 002c 17       		.byte	0x17
 756 002d 36000000 		.4byte	0x36
 757 0031 03       		.uleb128 0x3
 758 0032 25000000 		.4byte	0x25
 759 0036 04       		.uleb128 0x4
 760 0037 04       		.byte	0x4
 761 0038 07       		.byte	0x7
 762 0039 D0020000 		.4byte	.LASF0
 763 003d 05       		.uleb128 0x5
 764 003e 04       		.byte	0x4
 765 003f 05       		.byte	0x5
 766 0040 696E7400 		.ascii	"int\000"
 767 0044 04       		.uleb128 0x4
 768 0045 08       		.byte	0x8
 769 0046 05       		.byte	0x5
 770 0047 95010000 		.4byte	.LASF1
 771 004b 04       		.uleb128 0x4
 772 004c 08       		.byte	0x8
 773 004d 04       		.byte	0x4
 774 004e A7030000 		.4byte	.LASF2
 775 0052 06       		.uleb128 0x6
 776 0053 81030000 		.4byte	.LASF4
ARM GAS  /tmp/cckfSVYB.s 			page 26


 777 0057 02       		.byte	0x2
 778 0058 5E01     		.2byte	0x15e
 779 005a 17       		.byte	0x17
 780 005b 36000000 		.4byte	0x36
 781 005f 04       		.uleb128 0x4
 782 0060 01       		.byte	0x1
 783 0061 06       		.byte	0x6
 784 0062 A3010000 		.4byte	.LASF5
 785 0066 04       		.uleb128 0x4
 786 0067 01       		.byte	0x1
 787 0068 08       		.byte	0x8
 788 0069 A6040000 		.4byte	.LASF6
 789 006d 04       		.uleb128 0x4
 790 006e 02       		.byte	0x2
 791 006f 05       		.byte	0x5
 792 0070 D7040000 		.4byte	.LASF7
 793 0074 04       		.uleb128 0x4
 794 0075 02       		.byte	0x2
 795 0076 07       		.byte	0x7
 796 0077 3E030000 		.4byte	.LASF8
 797 007b 04       		.uleb128 0x4
 798 007c 04       		.byte	0x4
 799 007d 05       		.byte	0x5
 800 007e F0010000 		.4byte	.LASF9
 801 0082 04       		.uleb128 0x4
 802 0083 04       		.byte	0x4
 803 0084 07       		.byte	0x7
 804 0085 13030000 		.4byte	.LASF10
 805 0089 04       		.uleb128 0x4
 806 008a 08       		.byte	0x8
 807 008b 07       		.byte	0x7
 808 008c 80000000 		.4byte	.LASF11
 809 0090 02       		.uleb128 0x2
 810 0091 1D040000 		.4byte	.LASF12
 811 0095 03       		.byte	0x3
 812 0096 2E       		.byte	0x2e
 813 0097 0E       		.byte	0xe
 814 0098 7B000000 		.4byte	0x7b
 815 009c 02       		.uleb128 0x2
 816 009d F9050000 		.4byte	.LASF13
 817 00a1 03       		.byte	0x3
 818 00a2 74       		.byte	0x74
 819 00a3 0E       		.byte	0xe
 820 00a4 7B000000 		.4byte	0x7b
 821 00a8 07       		.uleb128 0x7
 822 00a9 04       		.byte	0x4
 823 00aa 03       		.byte	0x3
 824 00ab A5       		.byte	0xa5
 825 00ac 03       		.byte	0x3
 826 00ad CA000000 		.4byte	0xca
 827 00b1 08       		.uleb128 0x8
 828 00b2 7B030000 		.4byte	.LASF14
 829 00b6 03       		.byte	0x3
 830 00b7 A7       		.byte	0xa7
 831 00b8 0C       		.byte	0xc
 832 00b9 52000000 		.4byte	0x52
 833 00bd 08       		.uleb128 0x8
ARM GAS  /tmp/cckfSVYB.s 			page 27


 834 00be DD020000 		.4byte	.LASF15
 835 00c2 03       		.byte	0x3
 836 00c3 A8       		.byte	0xa8
 837 00c4 13       		.byte	0x13
 838 00c5 CA000000 		.4byte	0xca
 839 00c9 00       		.byte	0
 840 00ca 09       		.uleb128 0x9
 841 00cb 66000000 		.4byte	0x66
 842 00cf DA000000 		.4byte	0xda
 843 00d3 0A       		.uleb128 0xa
 844 00d4 36000000 		.4byte	0x36
 845 00d8 03       		.byte	0x3
 846 00d9 00       		.byte	0
 847 00da 0B       		.uleb128 0xb
 848 00db 08       		.byte	0x8
 849 00dc 03       		.byte	0x3
 850 00dd A2       		.byte	0xa2
 851 00de 09       		.byte	0x9
 852 00df 02010000 		.4byte	0x102
 853 00e3 0C       		.uleb128 0xc
 854 00e4 D7050000 		.4byte	.LASF16
 855 00e8 03       		.byte	0x3
 856 00e9 A4       		.byte	0xa4
 857 00ea 07       		.byte	0x7
 858 00eb 3D000000 		.4byte	0x3d
 859 00ef 02       		.byte	0x2
 860 00f0 23       		.byte	0x23
 861 00f1 00       		.uleb128 0
 862 00f2 0C       		.uleb128 0xc
 863 00f3 DF050000 		.4byte	.LASF17
 864 00f7 03       		.byte	0x3
 865 00f8 A9       		.byte	0xa9
 866 00f9 05       		.byte	0x5
 867 00fa A8000000 		.4byte	0xa8
 868 00fe 02       		.byte	0x2
 869 00ff 23       		.byte	0x23
 870 0100 04       		.uleb128 0x4
 871 0101 00       		.byte	0
 872 0102 02       		.uleb128 0x2
 873 0103 1A050000 		.4byte	.LASF18
 874 0107 03       		.byte	0x3
 875 0108 AA       		.byte	0xaa
 876 0109 03       		.byte	0x3
 877 010a DA000000 		.4byte	0xda
 878 010e 0D       		.uleb128 0xd
 879 010f 04       		.byte	0x4
 880 0110 02       		.uleb128 0x2
 881 0111 7C060000 		.4byte	.LASF19
 882 0115 04       		.byte	0x4
 883 0116 16       		.byte	0x16
 884 0117 19       		.byte	0x19
 885 0118 82000000 		.4byte	0x82
 886 011c 02       		.uleb128 0x2
 887 011d 77040000 		.4byte	.LASF20
 888 0121 05       		.byte	0x5
 889 0122 0C       		.byte	0xc
 890 0123 0D       		.byte	0xd
ARM GAS  /tmp/cckfSVYB.s 			page 28


 891 0124 3D000000 		.4byte	0x3d
 892 0128 02       		.uleb128 0x2
 893 0129 93020000 		.4byte	.LASF21
 894 012d 04       		.byte	0x4
 895 012e 23       		.byte	0x23
 896 012f 1B       		.byte	0x1b
 897 0130 1C010000 		.4byte	0x11c
 898 0134 0E       		.uleb128 0xe
 899 0135 A4020000 		.4byte	.LASF26
 900 0139 18       		.byte	0x18
 901 013a 04       		.byte	0x4
 902 013b 34       		.byte	0x34
 903 013c 08       		.byte	0x8
 904 013d 9A010000 		.4byte	0x19a
 905 0141 0C       		.uleb128 0xc
 906 0142 24060000 		.4byte	.LASF22
 907 0146 04       		.byte	0x4
 908 0147 36       		.byte	0x36
 909 0148 13       		.byte	0x13
 910 0149 9A010000 		.4byte	0x19a
 911 014d 02       		.byte	0x2
 912 014e 23       		.byte	0x23
 913 014f 00       		.uleb128 0
 914 0150 0F       		.uleb128 0xf
 915 0151 5F6B00   		.ascii	"_k\000"
 916 0154 04       		.byte	0x4
 917 0155 37       		.byte	0x37
 918 0156 07       		.byte	0x7
 919 0157 3D000000 		.4byte	0x3d
 920 015b 02       		.byte	0x2
 921 015c 23       		.byte	0x23
 922 015d 04       		.uleb128 0x4
 923 015e 0C       		.uleb128 0xc
 924 015f C2050000 		.4byte	.LASF23
 925 0163 04       		.byte	0x4
 926 0164 37       		.byte	0x37
 927 0165 0B       		.byte	0xb
 928 0166 3D000000 		.4byte	0x3d
 929 016a 02       		.byte	0x2
 930 016b 23       		.byte	0x23
 931 016c 08       		.uleb128 0x8
 932 016d 0C       		.uleb128 0xc
 933 016e 74020000 		.4byte	.LASF24
 934 0172 04       		.byte	0x4
 935 0173 37       		.byte	0x37
 936 0174 14       		.byte	0x14
 937 0175 3D000000 		.4byte	0x3d
 938 0179 02       		.byte	0x2
 939 017a 23       		.byte	0x23
 940 017b 0C       		.uleb128 0xc
 941 017c 0C       		.uleb128 0xc
 942 017d C6060000 		.4byte	.LASF25
 943 0181 04       		.byte	0x4
 944 0182 37       		.byte	0x37
 945 0183 1B       		.byte	0x1b
 946 0184 3D000000 		.4byte	0x3d
 947 0188 02       		.byte	0x2
ARM GAS  /tmp/cckfSVYB.s 			page 29


 948 0189 23       		.byte	0x23
 949 018a 10       		.uleb128 0x10
 950 018b 0F       		.uleb128 0xf
 951 018c 5F7800   		.ascii	"_x\000"
 952 018f 04       		.byte	0x4
 953 0190 38       		.byte	0x38
 954 0191 0B       		.byte	0xb
 955 0192 A0010000 		.4byte	0x1a0
 956 0196 02       		.byte	0x2
 957 0197 23       		.byte	0x23
 958 0198 14       		.uleb128 0x14
 959 0199 00       		.byte	0
 960 019a 10       		.uleb128 0x10
 961 019b 04       		.byte	0x4
 962 019c 34010000 		.4byte	0x134
 963 01a0 09       		.uleb128 0x9
 964 01a1 10010000 		.4byte	0x110
 965 01a5 B0010000 		.4byte	0x1b0
 966 01a9 0A       		.uleb128 0xa
 967 01aa 36000000 		.4byte	0x36
 968 01ae 00       		.byte	0
 969 01af 00       		.byte	0
 970 01b0 0E       		.uleb128 0xe
 971 01b1 CB020000 		.4byte	.LASF27
 972 01b5 24       		.byte	0x24
 973 01b6 04       		.byte	0x4
 974 01b7 3C       		.byte	0x3c
 975 01b8 08       		.byte	0x8
 976 01b9 45020000 		.4byte	0x245
 977 01bd 0C       		.uleb128 0xc
 978 01be BD060000 		.4byte	.LASF28
 979 01c2 04       		.byte	0x4
 980 01c3 3E       		.byte	0x3e
 981 01c4 09       		.byte	0x9
 982 01c5 3D000000 		.4byte	0x3d
 983 01c9 02       		.byte	0x2
 984 01ca 23       		.byte	0x23
 985 01cb 00       		.uleb128 0
 986 01cc 0C       		.uleb128 0xc
 987 01cd 0D060000 		.4byte	.LASF29
 988 01d1 04       		.byte	0x4
 989 01d2 3F       		.byte	0x3f
 990 01d3 09       		.byte	0x9
 991 01d4 3D000000 		.4byte	0x3d
 992 01d8 02       		.byte	0x2
 993 01d9 23       		.byte	0x23
 994 01da 04       		.uleb128 0x4
 995 01db 0C       		.uleb128 0xc
 996 01dc C3010000 		.4byte	.LASF30
 997 01e0 04       		.byte	0x4
 998 01e1 40       		.byte	0x40
 999 01e2 09       		.byte	0x9
 1000 01e3 3D000000 		.4byte	0x3d
 1001 01e7 02       		.byte	0x2
 1002 01e8 23       		.byte	0x23
 1003 01e9 08       		.uleb128 0x8
 1004 01ea 0C       		.uleb128 0xc
ARM GAS  /tmp/cckfSVYB.s 			page 30


 1005 01eb 4F070000 		.4byte	.LASF31
 1006 01ef 04       		.byte	0x4
 1007 01f0 41       		.byte	0x41
 1008 01f1 09       		.byte	0x9
 1009 01f2 3D000000 		.4byte	0x3d
 1010 01f6 02       		.byte	0x2
 1011 01f7 23       		.byte	0x23
 1012 01f8 0C       		.uleb128 0xc
 1013 01f9 0C       		.uleb128 0xc
 1014 01fa F0030000 		.4byte	.LASF32
 1015 01fe 04       		.byte	0x4
 1016 01ff 42       		.byte	0x42
 1017 0200 09       		.byte	0x9
 1018 0201 3D000000 		.4byte	0x3d
 1019 0205 02       		.byte	0x2
 1020 0206 23       		.byte	0x23
 1021 0207 10       		.uleb128 0x10
 1022 0208 0C       		.uleb128 0xc
 1023 0209 9D030000 		.4byte	.LASF33
 1024 020d 04       		.byte	0x4
 1025 020e 43       		.byte	0x43
 1026 020f 09       		.byte	0x9
 1027 0210 3D000000 		.4byte	0x3d
 1028 0214 02       		.byte	0x2
 1029 0215 23       		.byte	0x23
 1030 0216 14       		.uleb128 0x14
 1031 0217 0C       		.uleb128 0xc
 1032 0218 CB060000 		.4byte	.LASF34
 1033 021c 04       		.byte	0x4
 1034 021d 44       		.byte	0x44
 1035 021e 09       		.byte	0x9
 1036 021f 3D000000 		.4byte	0x3d
 1037 0223 02       		.byte	0x2
 1038 0224 23       		.byte	0x23
 1039 0225 18       		.uleb128 0x18
 1040 0226 0C       		.uleb128 0xc
 1041 0227 E1040000 		.4byte	.LASF35
 1042 022b 04       		.byte	0x4
 1043 022c 45       		.byte	0x45
 1044 022d 09       		.byte	0x9
 1045 022e 3D000000 		.4byte	0x3d
 1046 0232 02       		.byte	0x2
 1047 0233 23       		.byte	0x23
 1048 0234 1C       		.uleb128 0x1c
 1049 0235 0C       		.uleb128 0xc
 1050 0236 16070000 		.4byte	.LASF36
 1051 023a 04       		.byte	0x4
 1052 023b 46       		.byte	0x46
 1053 023c 09       		.byte	0x9
 1054 023d 3D000000 		.4byte	0x3d
 1055 0241 02       		.byte	0x2
 1056 0242 23       		.byte	0x23
 1057 0243 20       		.uleb128 0x20
 1058 0244 00       		.byte	0
 1059 0245 11       		.uleb128 0x11
 1060 0246 D2010000 		.4byte	.LASF37
 1061 024a 0801     		.2byte	0x108
ARM GAS  /tmp/cckfSVYB.s 			page 31


 1062 024c 04       		.byte	0x4
 1063 024d 4F       		.byte	0x4f
 1064 024e 08       		.byte	0x8
 1065 024f 93020000 		.4byte	0x293
 1066 0253 0C       		.uleb128 0xc
 1067 0254 67020000 		.4byte	.LASF38
 1068 0258 04       		.byte	0x4
 1069 0259 50       		.byte	0x50
 1070 025a 0A       		.byte	0xa
 1071 025b 93020000 		.4byte	0x293
 1072 025f 02       		.byte	0x2
 1073 0260 23       		.byte	0x23
 1074 0261 00       		.uleb128 0
 1075 0262 0C       		.uleb128 0xc
 1076 0263 00000000 		.4byte	.LASF39
 1077 0267 04       		.byte	0x4
 1078 0268 51       		.byte	0x51
 1079 0269 09       		.byte	0x9
 1080 026a 93020000 		.4byte	0x293
 1081 026e 03       		.byte	0x3
 1082 026f 23       		.byte	0x23
 1083 0270 8001     		.uleb128 0x80
 1084 0272 0C       		.uleb128 0xc
 1085 0273 5D060000 		.4byte	.LASF40
 1086 0277 04       		.byte	0x4
 1087 0278 53       		.byte	0x53
 1088 0279 0A       		.byte	0xa
 1089 027a 10010000 		.4byte	0x110
 1090 027e 03       		.byte	0x3
 1091 027f 23       		.byte	0x23
 1092 0280 8002     		.uleb128 0x100
 1093 0282 0C       		.uleb128 0xc
 1094 0283 07020000 		.4byte	.LASF41
 1095 0287 04       		.byte	0x4
 1096 0288 56       		.byte	0x56
 1097 0289 0A       		.byte	0xa
 1098 028a 10010000 		.4byte	0x110
 1099 028e 03       		.byte	0x3
 1100 028f 23       		.byte	0x23
 1101 0290 8402     		.uleb128 0x104
 1102 0292 00       		.byte	0
 1103 0293 09       		.uleb128 0x9
 1104 0294 0E010000 		.4byte	0x10e
 1105 0298 A3020000 		.4byte	0x2a3
 1106 029c 0A       		.uleb128 0xa
 1107 029d 36000000 		.4byte	0x36
 1108 02a1 1F       		.byte	0x1f
 1109 02a2 00       		.byte	0
 1110 02a3 11       		.uleb128 0x11
 1111 02a4 00040000 		.4byte	.LASF42
 1112 02a8 9001     		.2byte	0x190
 1113 02aa 04       		.byte	0x4
 1114 02ab 62       		.byte	0x62
 1115 02ac 08       		.byte	0x8
 1116 02ad EF020000 		.4byte	0x2ef
 1117 02b1 0C       		.uleb128 0xc
 1118 02b2 24060000 		.4byte	.LASF22
ARM GAS  /tmp/cckfSVYB.s 			page 32


 1119 02b6 04       		.byte	0x4
 1120 02b7 63       		.byte	0x63
 1121 02b8 12       		.byte	0x12
 1122 02b9 EF020000 		.4byte	0x2ef
 1123 02bd 02       		.byte	0x2
 1124 02be 23       		.byte	0x23
 1125 02bf 00       		.uleb128 0
 1126 02c0 0C       		.uleb128 0xc
 1127 02c1 69050000 		.4byte	.LASF43
 1128 02c5 04       		.byte	0x4
 1129 02c6 64       		.byte	0x64
 1130 02c7 06       		.byte	0x6
 1131 02c8 3D000000 		.4byte	0x3d
 1132 02cc 02       		.byte	0x2
 1133 02cd 23       		.byte	0x23
 1134 02ce 04       		.uleb128 0x4
 1135 02cf 0C       		.uleb128 0xc
 1136 02d0 6F020000 		.4byte	.LASF44
 1137 02d4 04       		.byte	0x4
 1138 02d5 66       		.byte	0x66
 1139 02d6 09       		.byte	0x9
 1140 02d7 F5020000 		.4byte	0x2f5
 1141 02db 02       		.byte	0x2
 1142 02dc 23       		.byte	0x23
 1143 02dd 08       		.uleb128 0x8
 1144 02de 0C       		.uleb128 0xc
 1145 02df D2010000 		.4byte	.LASF37
 1146 02e3 04       		.byte	0x4
 1147 02e4 67       		.byte	0x67
 1148 02e5 1E       		.byte	0x1e
 1149 02e6 45020000 		.4byte	0x245
 1150 02ea 03       		.byte	0x3
 1151 02eb 23       		.byte	0x23
 1152 02ec 8801     		.uleb128 0x88
 1153 02ee 00       		.byte	0
 1154 02ef 10       		.uleb128 0x10
 1155 02f0 04       		.byte	0x4
 1156 02f1 A3020000 		.4byte	0x2a3
 1157 02f5 09       		.uleb128 0x9
 1158 02f6 05030000 		.4byte	0x305
 1159 02fa 05030000 		.4byte	0x305
 1160 02fe 0A       		.uleb128 0xa
 1161 02ff 36000000 		.4byte	0x36
 1162 0303 1F       		.byte	0x1f
 1163 0304 00       		.byte	0
 1164 0305 10       		.uleb128 0x10
 1165 0306 04       		.byte	0x4
 1166 0307 0B030000 		.4byte	0x30b
 1167 030b 12       		.uleb128 0x12
 1168 030c 01       		.byte	0x1
 1169 030d 0E       		.uleb128 0xe
 1170 030e EB040000 		.4byte	.LASF45
 1171 0312 08       		.byte	0x8
 1172 0313 04       		.byte	0x4
 1173 0314 7A       		.byte	0x7a
 1174 0315 08       		.byte	0x8
 1175 0316 39030000 		.4byte	0x339
ARM GAS  /tmp/cckfSVYB.s 			page 33


 1176 031a 0C       		.uleb128 0xc
 1177 031b BD010000 		.4byte	.LASF46
 1178 031f 04       		.byte	0x4
 1179 0320 7B       		.byte	0x7b
 1180 0321 11       		.byte	0x11
 1181 0322 39030000 		.4byte	0x339
 1182 0326 02       		.byte	0x2
 1183 0327 23       		.byte	0x23
 1184 0328 00       		.uleb128 0
 1185 0329 0C       		.uleb128 0xc
 1186 032a 0C000000 		.4byte	.LASF47
 1187 032e 04       		.byte	0x4
 1188 032f 7C       		.byte	0x7c
 1189 0330 06       		.byte	0x6
 1190 0331 3D000000 		.4byte	0x3d
 1191 0335 02       		.byte	0x2
 1192 0336 23       		.byte	0x23
 1193 0337 04       		.uleb128 0x4
 1194 0338 00       		.byte	0
 1195 0339 10       		.uleb128 0x10
 1196 033a 04       		.byte	0x4
 1197 033b 66000000 		.4byte	0x66
 1198 033f 0E       		.uleb128 0xe
 1199 0340 25050000 		.4byte	.LASF48
 1200 0344 68       		.byte	0x68
 1201 0345 04       		.byte	0x4
 1202 0346 BA       		.byte	0xba
 1203 0347 08       		.byte	0x8
 1204 0348 B2040000 		.4byte	0x4b2
 1205 034c 0F       		.uleb128 0xf
 1206 034d 5F7000   		.ascii	"_p\000"
 1207 0350 04       		.byte	0x4
 1208 0351 BB       		.byte	0xbb
 1209 0352 12       		.byte	0x12
 1210 0353 39030000 		.4byte	0x339
 1211 0357 02       		.byte	0x2
 1212 0358 23       		.byte	0x23
 1213 0359 00       		.uleb128 0
 1214 035a 0F       		.uleb128 0xf
 1215 035b 5F7200   		.ascii	"_r\000"
 1216 035e 04       		.byte	0x4
 1217 035f BC       		.byte	0xbc
 1218 0360 07       		.byte	0x7
 1219 0361 3D000000 		.4byte	0x3d
 1220 0365 02       		.byte	0x2
 1221 0366 23       		.byte	0x23
 1222 0367 04       		.uleb128 0x4
 1223 0368 0F       		.uleb128 0xf
 1224 0369 5F7700   		.ascii	"_w\000"
 1225 036c 04       		.byte	0x4
 1226 036d BD       		.byte	0xbd
 1227 036e 07       		.byte	0x7
 1228 036f 3D000000 		.4byte	0x3d
 1229 0373 02       		.byte	0x2
 1230 0374 23       		.byte	0x23
 1231 0375 08       		.uleb128 0x8
 1232 0376 0C       		.uleb128 0xc
ARM GAS  /tmp/cckfSVYB.s 			page 34


 1233 0377 00020000 		.4byte	.LASF49
 1234 037b 04       		.byte	0x4
 1235 037c BE       		.byte	0xbe
 1236 037d 09       		.byte	0x9
 1237 037e 6D000000 		.4byte	0x6d
 1238 0382 02       		.byte	0x2
 1239 0383 23       		.byte	0x23
 1240 0384 0C       		.uleb128 0xc
 1241 0385 0C       		.uleb128 0xc
 1242 0386 25030000 		.4byte	.LASF50
 1243 038a 04       		.byte	0x4
 1244 038b BF       		.byte	0xbf
 1245 038c 09       		.byte	0x9
 1246 038d 6D000000 		.4byte	0x6d
 1247 0391 02       		.byte	0x2
 1248 0392 23       		.byte	0x23
 1249 0393 0E       		.uleb128 0xe
 1250 0394 0F       		.uleb128 0xf
 1251 0395 5F626600 		.ascii	"_bf\000"
 1252 0399 04       		.byte	0x4
 1253 039a C0       		.byte	0xc0
 1254 039b 11       		.byte	0x11
 1255 039c 0D030000 		.4byte	0x30d
 1256 03a0 02       		.byte	0x2
 1257 03a1 23       		.byte	0x23
 1258 03a2 10       		.uleb128 0x10
 1259 03a3 0C       		.uleb128 0xc
 1260 03a4 A7000000 		.4byte	.LASF51
 1261 03a8 04       		.byte	0x4
 1262 03a9 C1       		.byte	0xc1
 1263 03aa 07       		.byte	0x7
 1264 03ab 3D000000 		.4byte	0x3d
 1265 03af 02       		.byte	0x2
 1266 03b0 23       		.byte	0x23
 1267 03b1 18       		.uleb128 0x18
 1268 03b2 0C       		.uleb128 0xc
 1269 03b3 E0010000 		.4byte	.LASF52
 1270 03b7 04       		.byte	0x4
 1271 03b8 C8       		.byte	0xc8
 1272 03b9 0A       		.byte	0xa
 1273 03ba 0E010000 		.4byte	0x10e
 1274 03be 02       		.byte	0x2
 1275 03bf 23       		.byte	0x23
 1276 03c0 1C       		.uleb128 0x1c
 1277 03c1 0C       		.uleb128 0xc
 1278 03c2 BB020000 		.4byte	.LASF53
 1279 03c6 04       		.byte	0x4
 1280 03c7 CA       		.byte	0xca
 1281 03c8 1D       		.byte	0x1d
 1282 03c9 63060000 		.4byte	0x663
 1283 03cd 02       		.byte	0x2
 1284 03ce 23       		.byte	0x23
 1285 03cf 20       		.uleb128 0x20
 1286 03d0 0C       		.uleb128 0xc
 1287 03d1 96030000 		.4byte	.LASF54
 1288 03d5 04       		.byte	0x4
 1289 03d6 CC       		.byte	0xcc
ARM GAS  /tmp/cckfSVYB.s 			page 35


 1290 03d7 1D       		.byte	0x1d
 1291 03d8 8E060000 		.4byte	0x68e
 1292 03dc 02       		.byte	0x2
 1293 03dd 23       		.byte	0x23
 1294 03de 24       		.uleb128 0x24
 1295 03df 0C       		.uleb128 0xc
 1296 03e0 E7050000 		.4byte	.LASF55
 1297 03e4 04       		.byte	0x4
 1298 03e5 CF       		.byte	0xcf
 1299 03e6 0D       		.byte	0xd
 1300 03e7 B3060000 		.4byte	0x6b3
 1301 03eb 02       		.byte	0x2
 1302 03ec 23       		.byte	0x23
 1303 03ed 28       		.uleb128 0x28
 1304 03ee 0C       		.uleb128 0xc
 1305 03ef 30070000 		.4byte	.LASF56
 1306 03f3 04       		.byte	0x4
 1307 03f4 D0       		.byte	0xd0
 1308 03f5 09       		.byte	0x9
 1309 03f6 CE060000 		.4byte	0x6ce
 1310 03fa 02       		.byte	0x2
 1311 03fb 23       		.byte	0x23
 1312 03fc 2C       		.uleb128 0x2c
 1313 03fd 0F       		.uleb128 0xf
 1314 03fe 5F756200 		.ascii	"_ub\000"
 1315 0402 04       		.byte	0x4
 1316 0403 D3       		.byte	0xd3
 1317 0404 11       		.byte	0x11
 1318 0405 0D030000 		.4byte	0x30d
 1319 0409 02       		.byte	0x2
 1320 040a 23       		.byte	0x23
 1321 040b 30       		.uleb128 0x30
 1322 040c 0F       		.uleb128 0xf
 1323 040d 5F757000 		.ascii	"_up\000"
 1324 0411 04       		.byte	0x4
 1325 0412 D4       		.byte	0xd4
 1326 0413 12       		.byte	0x12
 1327 0414 39030000 		.4byte	0x339
 1328 0418 02       		.byte	0x2
 1329 0419 23       		.byte	0x23
 1330 041a 38       		.uleb128 0x38
 1331 041b 0F       		.uleb128 0xf
 1332 041c 5F757200 		.ascii	"_ur\000"
 1333 0420 04       		.byte	0x4
 1334 0421 D5       		.byte	0xd5
 1335 0422 07       		.byte	0x7
 1336 0423 3D000000 		.4byte	0x3d
 1337 0427 02       		.byte	0x2
 1338 0428 23       		.byte	0x23
 1339 0429 3C       		.uleb128 0x3c
 1340 042a 0C       		.uleb128 0xc
 1341 042b B7010000 		.4byte	.LASF57
 1342 042f 04       		.byte	0x4
 1343 0430 D8       		.byte	0xd8
 1344 0431 11       		.byte	0x11
 1345 0432 D4060000 		.4byte	0x6d4
 1346 0436 02       		.byte	0x2
ARM GAS  /tmp/cckfSVYB.s 			page 36


 1347 0437 23       		.byte	0x23
 1348 0438 40       		.uleb128 0x40
 1349 0439 0C       		.uleb128 0xc
 1350 043a 08070000 		.4byte	.LASF58
 1351 043e 04       		.byte	0x4
 1352 043f D9       		.byte	0xd9
 1353 0440 11       		.byte	0x11
 1354 0441 E4060000 		.4byte	0x6e4
 1355 0445 02       		.byte	0x2
 1356 0446 23       		.byte	0x23
 1357 0447 43       		.uleb128 0x43
 1358 0448 0F       		.uleb128 0xf
 1359 0449 5F6C6200 		.ascii	"_lb\000"
 1360 044d 04       		.byte	0x4
 1361 044e DC       		.byte	0xdc
 1362 044f 11       		.byte	0x11
 1363 0450 0D030000 		.4byte	0x30d
 1364 0454 02       		.byte	0x2
 1365 0455 23       		.byte	0x23
 1366 0456 44       		.uleb128 0x44
 1367 0457 0C       		.uleb128 0xc
 1368 0458 16020000 		.4byte	.LASF59
 1369 045c 04       		.byte	0x4
 1370 045d DF       		.byte	0xdf
 1371 045e 07       		.byte	0x7
 1372 045f 3D000000 		.4byte	0x3d
 1373 0463 02       		.byte	0x2
 1374 0464 23       		.byte	0x23
 1375 0465 4C       		.uleb128 0x4c
 1376 0466 0C       		.uleb128 0xc
 1377 0467 31020000 		.4byte	.LASF60
 1378 046b 04       		.byte	0x4
 1379 046c E0       		.byte	0xe0
 1380 046d 0A       		.byte	0xa
 1381 046e 90000000 		.4byte	0x90
 1382 0472 02       		.byte	0x2
 1383 0473 23       		.byte	0x23
 1384 0474 50       		.uleb128 0x50
 1385 0475 0C       		.uleb128 0xc
 1386 0476 53000000 		.4byte	.LASF61
 1387 047a 04       		.byte	0x4
 1388 047b E3       		.byte	0xe3
 1389 047c 12       		.byte	0x12
 1390 047d D1040000 		.4byte	0x4d1
 1391 0481 02       		.byte	0x2
 1392 0482 23       		.byte	0x23
 1393 0483 54       		.uleb128 0x54
 1394 0484 0C       		.uleb128 0xc
 1395 0485 88030000 		.4byte	.LASF62
 1396 0489 04       		.byte	0x4
 1397 048a E7       		.byte	0xe7
 1398 048b 0C       		.byte	0xc
 1399 048c 28010000 		.4byte	0x128
 1400 0490 02       		.byte	0x2
 1401 0491 23       		.byte	0x23
 1402 0492 58       		.uleb128 0x58
 1403 0493 0C       		.uleb128 0xc
ARM GAS  /tmp/cckfSVYB.s 			page 37


 1404 0494 2D050000 		.4byte	.LASF63
 1405 0498 04       		.byte	0x4
 1406 0499 E9       		.byte	0xe9
 1407 049a 0E       		.byte	0xe
 1408 049b 02010000 		.4byte	0x102
 1409 049f 02       		.byte	0x2
 1410 04a0 23       		.byte	0x23
 1411 04a1 5C       		.uleb128 0x5c
 1412 04a2 0C       		.uleb128 0xc
 1413 04a3 8E030000 		.4byte	.LASF64
 1414 04a7 04       		.byte	0x4
 1415 04a8 EA       		.byte	0xea
 1416 04a9 09       		.byte	0x9
 1417 04aa 3D000000 		.4byte	0x3d
 1418 04ae 02       		.byte	0x2
 1419 04af 23       		.byte	0x23
 1420 04b0 64       		.uleb128 0x64
 1421 04b1 00       		.byte	0
 1422 04b2 13       		.uleb128 0x13
 1423 04b3 01       		.byte	0x1
 1424 04b4 3D000000 		.4byte	0x3d
 1425 04b8 D1040000 		.4byte	0x4d1
 1426 04bc 14       		.uleb128 0x14
 1427 04bd D1040000 		.4byte	0x4d1
 1428 04c1 14       		.uleb128 0x14
 1429 04c2 0E010000 		.4byte	0x10e
 1430 04c6 14       		.uleb128 0x14
 1431 04c7 51060000 		.4byte	0x651
 1432 04cb 14       		.uleb128 0x14
 1433 04cc 3D000000 		.4byte	0x3d
 1434 04d0 00       		.byte	0
 1435 04d1 10       		.uleb128 0x10
 1436 04d2 04       		.byte	0x4
 1437 04d3 DC040000 		.4byte	0x4dc
 1438 04d7 03       		.uleb128 0x3
 1439 04d8 D1040000 		.4byte	0x4d1
 1440 04dc 15       		.uleb128 0x15
 1441 04dd CA050000 		.4byte	.LASF65
 1442 04e1 2804     		.2byte	0x428
 1443 04e3 04       		.byte	0x4
 1444 04e4 6502     		.2byte	0x265
 1445 04e6 08       		.byte	0x8
 1446 04e7 51060000 		.4byte	0x651
 1447 04eb 16       		.uleb128 0x16
 1448 04ec 01060000 		.4byte	.LASF66
 1449 04f0 04       		.byte	0x4
 1450 04f1 6702     		.2byte	0x267
 1451 04f3 07       		.byte	0x7
 1452 04f4 3D000000 		.4byte	0x3d
 1453 04f8 02       		.byte	0x2
 1454 04f9 23       		.byte	0x23
 1455 04fa 00       		.uleb128 0
 1456 04fb 16       		.uleb128 0x16
 1457 04fc 0F020000 		.4byte	.LASF67
 1458 0500 04       		.byte	0x4
 1459 0501 6C02     		.2byte	0x26c
 1460 0503 0B       		.byte	0xb
ARM GAS  /tmp/cckfSVYB.s 			page 38


 1461 0504 46070000 		.4byte	0x746
 1462 0508 02       		.byte	0x2
 1463 0509 23       		.byte	0x23
 1464 050a 04       		.uleb128 0x4
 1465 050b 16       		.uleb128 0x16
 1466 050c E4020000 		.4byte	.LASF68
 1467 0510 04       		.byte	0x4
 1468 0511 6C02     		.2byte	0x26c
 1469 0513 14       		.byte	0x14
 1470 0514 46070000 		.4byte	0x746
 1471 0518 02       		.byte	0x2
 1472 0519 23       		.byte	0x23
 1473 051a 08       		.uleb128 0x8
 1474 051b 16       		.uleb128 0x16
 1475 051c 9C020000 		.4byte	.LASF69
 1476 0520 04       		.byte	0x4
 1477 0521 6C02     		.2byte	0x26c
 1478 0523 1E       		.byte	0x1e
 1479 0524 46070000 		.4byte	0x746
 1480 0528 02       		.byte	0x2
 1481 0529 23       		.byte	0x23
 1482 052a 0C       		.uleb128 0xc
 1483 052b 16       		.uleb128 0x16
 1484 052c 64050000 		.4byte	.LASF70
 1485 0530 04       		.byte	0x4
 1486 0531 6E02     		.2byte	0x26e
 1487 0533 08       		.byte	0x8
 1488 0534 3D000000 		.4byte	0x3d
 1489 0538 02       		.byte	0x2
 1490 0539 23       		.byte	0x23
 1491 053a 10       		.uleb128 0x10
 1492 053b 16       		.uleb128 0x16
 1493 053c 21000000 		.4byte	.LASF71
 1494 0540 04       		.byte	0x4
 1495 0541 6F02     		.2byte	0x26f
 1496 0543 08       		.byte	0x8
 1497 0544 7F090000 		.4byte	0x97f
 1498 0548 02       		.byte	0x2
 1499 0549 23       		.byte	0x23
 1500 054a 14       		.uleb128 0x14
 1501 054b 16       		.uleb128 0x16
 1502 054c 9F050000 		.4byte	.LASF72
 1503 0550 04       		.byte	0x4
 1504 0551 7202     		.2byte	0x272
 1505 0553 07       		.byte	0x7
 1506 0554 3D000000 		.4byte	0x3d
 1507 0558 02       		.byte	0x2
 1508 0559 23       		.byte	0x23
 1509 055a 30       		.uleb128 0x30
 1510 055b 16       		.uleb128 0x16
 1511 055c 8D050000 		.4byte	.LASF73
 1512 0560 04       		.byte	0x4
 1513 0561 7302     		.2byte	0x273
 1514 0563 16       		.byte	0x16
 1515 0564 95090000 		.4byte	0x995
 1516 0568 02       		.byte	0x2
 1517 0569 23       		.byte	0x23
ARM GAS  /tmp/cckfSVYB.s 			page 39


 1518 056a 34       		.uleb128 0x34
 1519 056b 16       		.uleb128 0x16
 1520 056c 12040000 		.4byte	.LASF74
 1521 0570 04       		.byte	0x4
 1522 0571 7502     		.2byte	0x275
 1523 0573 07       		.byte	0x7
 1524 0574 3D000000 		.4byte	0x3d
 1525 0578 02       		.byte	0x2
 1526 0579 23       		.byte	0x23
 1527 057a 38       		.uleb128 0x38
 1528 057b 16       		.uleb128 0x16
 1529 057c 95050000 		.4byte	.LASF75
 1530 0580 04       		.byte	0x4
 1531 0581 7702     		.2byte	0x277
 1532 0583 0A       		.byte	0xa
 1533 0584 A7090000 		.4byte	0x9a7
 1534 0588 02       		.byte	0x2
 1535 0589 23       		.byte	0x23
 1536 058a 3C       		.uleb128 0x3c
 1537 058b 16       		.uleb128 0x16
 1538 058c 73030000 		.4byte	.LASF76
 1539 0590 04       		.byte	0x4
 1540 0591 7A02     		.2byte	0x27a
 1541 0593 13       		.byte	0x13
 1542 0594 9A010000 		.4byte	0x19a
 1543 0598 02       		.byte	0x2
 1544 0599 23       		.byte	0x23
 1545 059a 40       		.uleb128 0x40
 1546 059b 16       		.uleb128 0x16
 1547 059c C1020000 		.4byte	.LASF77
 1548 05a0 04       		.byte	0x4
 1549 05a1 7B02     		.2byte	0x27b
 1550 05a3 07       		.byte	0x7
 1551 05a4 3D000000 		.4byte	0x3d
 1552 05a8 02       		.byte	0x2
 1553 05a9 23       		.byte	0x23
 1554 05aa 44       		.uleb128 0x44
 1555 05ab 16       		.uleb128 0x16
 1556 05ac 4A070000 		.4byte	.LASF78
 1557 05b0 04       		.byte	0x4
 1558 05b1 7C02     		.2byte	0x27c
 1559 05b3 13       		.byte	0x13
 1560 05b4 9A010000 		.4byte	0x19a
 1561 05b8 02       		.byte	0x2
 1562 05b9 23       		.byte	0x23
 1563 05ba 48       		.uleb128 0x48
 1564 05bb 16       		.uleb128 0x16
 1565 05bc 44040000 		.4byte	.LASF79
 1566 05c0 04       		.byte	0x4
 1567 05c1 7D02     		.2byte	0x27d
 1568 05c3 14       		.byte	0x14
 1569 05c4 AD090000 		.4byte	0x9ad
 1570 05c8 02       		.byte	0x2
 1571 05c9 23       		.byte	0x23
 1572 05ca 4C       		.uleb128 0x4c
 1573 05cb 16       		.uleb128 0x16
 1574 05cc 2C000000 		.4byte	.LASF80
ARM GAS  /tmp/cckfSVYB.s 			page 40


 1575 05d0 04       		.byte	0x4
 1576 05d1 8002     		.2byte	0x280
 1577 05d3 07       		.byte	0x7
 1578 05d4 3D000000 		.4byte	0x3d
 1579 05d8 02       		.byte	0x2
 1580 05d9 23       		.byte	0x23
 1581 05da 50       		.uleb128 0x50
 1582 05db 16       		.uleb128 0x16
 1583 05dc 29020000 		.4byte	.LASF81
 1584 05e0 04       		.byte	0x4
 1585 05e1 8102     		.2byte	0x281
 1586 05e3 09       		.byte	0x9
 1587 05e4 51060000 		.4byte	0x651
 1588 05e8 02       		.byte	0x2
 1589 05e9 23       		.byte	0x23
 1590 05ea 54       		.uleb128 0x54
 1591 05eb 16       		.uleb128 0x16
 1592 05ec C9040000 		.4byte	.LASF82
 1593 05f0 04       		.byte	0x4
 1594 05f1 A402     		.2byte	0x2a4
 1595 05f3 07       		.byte	0x7
 1596 05f4 5A090000 		.4byte	0x95a
 1597 05f8 02       		.byte	0x2
 1598 05f9 23       		.byte	0x23
 1599 05fa 58       		.uleb128 0x58
 1600 05fb 16       		.uleb128 0x16
 1601 05fc 00040000 		.4byte	.LASF42
 1602 0600 04       		.byte	0x4
 1603 0601 A802     		.2byte	0x2a8
 1604 0603 13       		.byte	0x13
 1605 0604 EF020000 		.4byte	0x2ef
 1606 0608 03       		.byte	0x3
 1607 0609 23       		.byte	0x23
 1608 060a C802     		.uleb128 0x148
 1609 060c 16       		.uleb128 0x16
 1610 060d 51030000 		.4byte	.LASF83
 1611 0611 04       		.byte	0x4
 1612 0612 A902     		.2byte	0x2a9
 1613 0614 12       		.byte	0x12
 1614 0615 A3020000 		.4byte	0x2a3
 1615 0619 03       		.byte	0x3
 1616 061a 23       		.byte	0x23
 1617 061b CC02     		.uleb128 0x14c
 1618 061d 16       		.uleb128 0x16
 1619 061e FE060000 		.4byte	.LASF84
 1620 0622 04       		.byte	0x4
 1621 0623 AD02     		.2byte	0x2ad
 1622 0625 0C       		.byte	0xc
 1623 0626 BF090000 		.4byte	0x9bf
 1624 062a 03       		.byte	0x3
 1625 062b 23       		.byte	0x23
 1626 062c DC05     		.uleb128 0x2dc
 1627 062e 16       		.uleb128 0x16
 1628 062f E8010000 		.4byte	.LASF85
 1629 0633 04       		.byte	0x4
 1630 0634 B202     		.2byte	0x2b2
 1631 0636 10       		.byte	0x10
ARM GAS  /tmp/cckfSVYB.s 			page 41


 1632 0637 01070000 		.4byte	0x701
 1633 063b 03       		.byte	0x3
 1634 063c 23       		.byte	0x23
 1635 063d E005     		.uleb128 0x2e0
 1636 063f 16       		.uleb128 0x16
 1637 0640 CD010000 		.4byte	.LASF86
 1638 0644 04       		.byte	0x4
 1639 0645 B402     		.2byte	0x2b4
 1640 0647 0A       		.byte	0xa
 1641 0648 CB090000 		.4byte	0x9cb
 1642 064c 03       		.byte	0x3
 1643 064d 23       		.byte	0x23
 1644 064e EC05     		.uleb128 0x2ec
 1645 0650 00       		.byte	0
 1646 0651 10       		.uleb128 0x10
 1647 0652 04       		.byte	0x4
 1648 0653 57060000 		.4byte	0x657
 1649 0657 04       		.uleb128 0x4
 1650 0658 01       		.byte	0x1
 1651 0659 08       		.byte	0x8
 1652 065a 08060000 		.4byte	.LASF87
 1653 065e 03       		.uleb128 0x3
 1654 065f 57060000 		.4byte	0x657
 1655 0663 10       		.uleb128 0x10
 1656 0664 04       		.byte	0x4
 1657 0665 B2040000 		.4byte	0x4b2
 1658 0669 13       		.uleb128 0x13
 1659 066a 01       		.byte	0x1
 1660 066b 3D000000 		.4byte	0x3d
 1661 066f 88060000 		.4byte	0x688
 1662 0673 14       		.uleb128 0x14
 1663 0674 D1040000 		.4byte	0x4d1
 1664 0678 14       		.uleb128 0x14
 1665 0679 0E010000 		.4byte	0x10e
 1666 067d 14       		.uleb128 0x14
 1667 067e 88060000 		.4byte	0x688
 1668 0682 14       		.uleb128 0x14
 1669 0683 3D000000 		.4byte	0x3d
 1670 0687 00       		.byte	0
 1671 0688 10       		.uleb128 0x10
 1672 0689 04       		.byte	0x4
 1673 068a 5E060000 		.4byte	0x65e
 1674 068e 10       		.uleb128 0x10
 1675 068f 04       		.byte	0x4
 1676 0690 69060000 		.4byte	0x669
 1677 0694 13       		.uleb128 0x13
 1678 0695 01       		.byte	0x1
 1679 0696 9C000000 		.4byte	0x9c
 1680 069a B3060000 		.4byte	0x6b3
 1681 069e 14       		.uleb128 0x14
 1682 069f D1040000 		.4byte	0x4d1
 1683 06a3 14       		.uleb128 0x14
 1684 06a4 0E010000 		.4byte	0x10e
 1685 06a8 14       		.uleb128 0x14
 1686 06a9 9C000000 		.4byte	0x9c
 1687 06ad 14       		.uleb128 0x14
 1688 06ae 3D000000 		.4byte	0x3d
ARM GAS  /tmp/cckfSVYB.s 			page 42


 1689 06b2 00       		.byte	0
 1690 06b3 10       		.uleb128 0x10
 1691 06b4 04       		.byte	0x4
 1692 06b5 94060000 		.4byte	0x694
 1693 06b9 13       		.uleb128 0x13
 1694 06ba 01       		.byte	0x1
 1695 06bb 3D000000 		.4byte	0x3d
 1696 06bf CE060000 		.4byte	0x6ce
 1697 06c3 14       		.uleb128 0x14
 1698 06c4 D1040000 		.4byte	0x4d1
 1699 06c8 14       		.uleb128 0x14
 1700 06c9 0E010000 		.4byte	0x10e
 1701 06cd 00       		.byte	0
 1702 06ce 10       		.uleb128 0x10
 1703 06cf 04       		.byte	0x4
 1704 06d0 B9060000 		.4byte	0x6b9
 1705 06d4 09       		.uleb128 0x9
 1706 06d5 66000000 		.4byte	0x66
 1707 06d9 E4060000 		.4byte	0x6e4
 1708 06dd 0A       		.uleb128 0xa
 1709 06de 36000000 		.4byte	0x36
 1710 06e2 02       		.byte	0x2
 1711 06e3 00       		.byte	0
 1712 06e4 09       		.uleb128 0x9
 1713 06e5 66000000 		.4byte	0x66
 1714 06e9 F4060000 		.4byte	0x6f4
 1715 06ed 0A       		.uleb128 0xa
 1716 06ee 36000000 		.4byte	0x36
 1717 06f2 00       		.byte	0
 1718 06f3 00       		.byte	0
 1719 06f4 06       		.uleb128 0x6
 1720 06f5 13050000 		.4byte	.LASF88
 1721 06f9 04       		.byte	0x4
 1722 06fa 2401     		.2byte	0x124
 1723 06fc 1A       		.byte	0x1a
 1724 06fd 3F030000 		.4byte	0x33f
 1725 0701 17       		.uleb128 0x17
 1726 0702 D5060000 		.4byte	.LASF89
 1727 0706 0C       		.byte	0xc
 1728 0707 04       		.byte	0x4
 1729 0708 2801     		.2byte	0x128
 1730 070a 08       		.byte	0x8
 1731 070b 40070000 		.4byte	0x740
 1732 070f 16       		.uleb128 0x16
 1733 0710 24060000 		.4byte	.LASF22
 1734 0714 04       		.byte	0x4
 1735 0715 2A01     		.2byte	0x12a
 1736 0717 11       		.byte	0x11
 1737 0718 40070000 		.4byte	0x740
 1738 071c 02       		.byte	0x2
 1739 071d 23       		.byte	0x23
 1740 071e 00       		.uleb128 0
 1741 071f 16       		.uleb128 0x16
 1742 0720 37030000 		.4byte	.LASF90
 1743 0724 04       		.byte	0x4
 1744 0725 2B01     		.2byte	0x12b
 1745 0727 07       		.byte	0x7
ARM GAS  /tmp/cckfSVYB.s 			page 43


 1746 0728 3D000000 		.4byte	0x3d
 1747 072c 02       		.byte	0x2
 1748 072d 23       		.byte	0x23
 1749 072e 04       		.uleb128 0x4
 1750 072f 16       		.uleb128 0x16
 1751 0730 0D050000 		.4byte	.LASF91
 1752 0734 04       		.byte	0x4
 1753 0735 2C01     		.2byte	0x12c
 1754 0737 0B       		.byte	0xb
 1755 0738 46070000 		.4byte	0x746
 1756 073c 02       		.byte	0x2
 1757 073d 23       		.byte	0x23
 1758 073e 08       		.uleb128 0x8
 1759 073f 00       		.byte	0
 1760 0740 10       		.uleb128 0x10
 1761 0741 04       		.byte	0x4
 1762 0742 01070000 		.4byte	0x701
 1763 0746 10       		.uleb128 0x10
 1764 0747 04       		.byte	0x4
 1765 0748 F4060000 		.4byte	0x6f4
 1766 074c 17       		.uleb128 0x17
 1767 074d 19000000 		.4byte	.LASF92
 1768 0751 0E       		.byte	0xe
 1769 0752 04       		.byte	0x4
 1770 0753 4401     		.2byte	0x144
 1771 0755 08       		.byte	0x8
 1772 0756 8B070000 		.4byte	0x78b
 1773 075a 16       		.uleb128 0x16
 1774 075b D1050000 		.4byte	.LASF93
 1775 075f 04       		.byte	0x4
 1776 0760 4501     		.2byte	0x145
 1777 0762 12       		.byte	0x12
 1778 0763 8B070000 		.4byte	0x78b
 1779 0767 02       		.byte	0x2
 1780 0768 23       		.byte	0x23
 1781 0769 00       		.uleb128 0
 1782 076a 16       		.uleb128 0x16
 1783 076b 1E060000 		.4byte	.LASF94
 1784 076f 04       		.byte	0x4
 1785 0770 4601     		.2byte	0x146
 1786 0772 12       		.byte	0x12
 1787 0773 8B070000 		.4byte	0x78b
 1788 0777 02       		.byte	0x2
 1789 0778 23       		.byte	0x23
 1790 0779 06       		.uleb128 0x6
 1791 077a 16       		.uleb128 0x16
 1792 077b 6C060000 		.4byte	.LASF95
 1793 077f 04       		.byte	0x4
 1794 0780 4701     		.2byte	0x147
 1795 0782 12       		.byte	0x12
 1796 0783 74000000 		.4byte	0x74
 1797 0787 02       		.byte	0x2
 1798 0788 23       		.byte	0x23
 1799 0789 0C       		.uleb128 0xc
 1800 078a 00       		.byte	0
 1801 078b 09       		.uleb128 0x9
 1802 078c 74000000 		.4byte	0x74
ARM GAS  /tmp/cckfSVYB.s 			page 44


 1803 0790 9B070000 		.4byte	0x79b
 1804 0794 0A       		.uleb128 0xa
 1805 0795 36000000 		.4byte	0x36
 1806 0799 02       		.byte	0x2
 1807 079a 00       		.byte	0
 1808 079b 18       		.uleb128 0x18
 1809 079c D0       		.byte	0xd0
 1810 079d 04       		.byte	0x4
 1811 079e 8502     		.2byte	0x285
 1812 07a0 07       		.byte	0x7
 1813 07a1 DF080000 		.4byte	0x8df
 1814 07a5 16       		.uleb128 0x16
 1815 07a6 B0060000 		.4byte	.LASF96
 1816 07aa 04       		.byte	0x4
 1817 07ab 8702     		.2byte	0x287
 1818 07ad 18       		.byte	0x18
 1819 07ae 36000000 		.4byte	0x36
 1820 07b2 02       		.byte	0x2
 1821 07b3 23       		.byte	0x23
 1822 07b4 00       		.uleb128 0
 1823 07b5 16       		.uleb128 0x16
 1824 07b6 2A060000 		.4byte	.LASF97
 1825 07ba 04       		.byte	0x4
 1826 07bb 8802     		.2byte	0x288
 1827 07bd 12       		.byte	0x12
 1828 07be 51060000 		.4byte	0x651
 1829 07c2 02       		.byte	0x2
 1830 07c3 23       		.byte	0x23
 1831 07c4 04       		.uleb128 0x4
 1832 07c5 16       		.uleb128 0x16
 1833 07c6 66030000 		.4byte	.LASF98
 1834 07ca 04       		.byte	0x4
 1835 07cb 8902     		.2byte	0x289
 1836 07cd 10       		.byte	0x10
 1837 07ce DF080000 		.4byte	0x8df
 1838 07d2 02       		.byte	0x2
 1839 07d3 23       		.byte	0x23
 1840 07d4 08       		.uleb128 0x8
 1841 07d5 16       		.uleb128 0x16
 1842 07d6 21070000 		.4byte	.LASF99
 1843 07da 04       		.byte	0x4
 1844 07db 8A02     		.2byte	0x28a
 1845 07dd 17       		.byte	0x17
 1846 07de B0010000 		.4byte	0x1b0
 1847 07e2 02       		.byte	0x2
 1848 07e3 23       		.byte	0x23
 1849 07e4 24       		.uleb128 0x24
 1850 07e5 16       		.uleb128 0x16
 1851 07e6 AC020000 		.4byte	.LASF100
 1852 07ea 04       		.byte	0x4
 1853 07eb 8B02     		.2byte	0x28b
 1854 07ed 0F       		.byte	0xf
 1855 07ee 3D000000 		.4byte	0x3d
 1856 07f2 02       		.byte	0x2
 1857 07f3 23       		.byte	0x23
 1858 07f4 48       		.uleb128 0x48
 1859 07f5 16       		.uleb128 0x16
ARM GAS  /tmp/cckfSVYB.s 			page 45


 1860 07f6 36050000 		.4byte	.LASF101
 1861 07fa 04       		.byte	0x4
 1862 07fb 8C02     		.2byte	0x28c
 1863 07fd 2C       		.byte	0x2c
 1864 07fe 89000000 		.4byte	0x89
 1865 0802 02       		.byte	0x2
 1866 0803 23       		.byte	0x23
 1867 0804 50       		.uleb128 0x50
 1868 0805 16       		.uleb128 0x16
 1869 0806 37070000 		.4byte	.LASF102
 1870 080a 04       		.byte	0x4
 1871 080b 8D02     		.2byte	0x28d
 1872 080d 1A       		.byte	0x1a
 1873 080e 4C070000 		.4byte	0x74c
 1874 0812 02       		.byte	0x2
 1875 0813 23       		.byte	0x23
 1876 0814 58       		.uleb128 0x58
 1877 0815 16       		.uleb128 0x16
 1878 0816 57050000 		.4byte	.LASF103
 1879 081a 04       		.byte	0x4
 1880 081b 8E02     		.2byte	0x28e
 1881 081d 16       		.byte	0x16
 1882 081e 02010000 		.4byte	0x102
 1883 0822 02       		.byte	0x2
 1884 0823 23       		.byte	0x23
 1885 0824 68       		.uleb128 0x68
 1886 0825 16       		.uleb128 0x16
 1887 0826 3C070000 		.4byte	.LASF104
 1888 082a 04       		.byte	0x4
 1889 082b 8F02     		.2byte	0x28f
 1890 082d 16       		.byte	0x16
 1891 082e 02010000 		.4byte	0x102
 1892 0832 02       		.byte	0x2
 1893 0833 23       		.byte	0x23
 1894 0834 70       		.uleb128 0x70
 1895 0835 16       		.uleb128 0x16
 1896 0836 D5000000 		.4byte	.LASF105
 1897 083a 04       		.byte	0x4
 1898 083b 9002     		.2byte	0x290
 1899 083d 16       		.byte	0x16
 1900 083e 02010000 		.4byte	0x102
 1901 0842 02       		.byte	0x2
 1902 0843 23       		.byte	0x23
 1903 0844 78       		.uleb128 0x78
 1904 0845 16       		.uleb128 0x16
 1905 0846 E4060000 		.4byte	.LASF106
 1906 084a 04       		.byte	0x4
 1907 084b 9102     		.2byte	0x291
 1908 084d 10       		.byte	0x10
 1909 084e EF080000 		.4byte	0x8ef
 1910 0852 03       		.byte	0x3
 1911 0853 23       		.byte	0x23
 1912 0854 8001     		.uleb128 0x80
 1913 0856 16       		.uleb128 0x16
 1914 0857 5A030000 		.4byte	.LASF107
 1915 085b 04       		.byte	0x4
 1916 085c 9202     		.2byte	0x292
ARM GAS  /tmp/cckfSVYB.s 			page 46


 1917 085e 10       		.byte	0x10
 1918 085f FF080000 		.4byte	0x8ff
 1919 0863 03       		.byte	0x3
 1920 0864 23       		.byte	0x23
 1921 0865 8801     		.uleb128 0x88
 1922 0867 16       		.uleb128 0x16
 1923 0868 84060000 		.4byte	.LASF108
 1924 086c 04       		.byte	0x4
 1925 086d 9302     		.2byte	0x293
 1926 086f 0F       		.byte	0xf
 1927 0870 3D000000 		.4byte	0x3d
 1928 0874 03       		.byte	0x3
 1929 0875 23       		.byte	0x23
 1930 0876 A001     		.uleb128 0xa0
 1931 0878 16       		.uleb128 0x16
 1932 0879 59020000 		.4byte	.LASF109
 1933 087d 04       		.byte	0x4
 1934 087e 9402     		.2byte	0x294
 1935 0880 16       		.byte	0x16
 1936 0881 02010000 		.4byte	0x102
 1937 0885 03       		.byte	0x3
 1938 0886 23       		.byte	0x23
 1939 0887 A401     		.uleb128 0xa4
 1940 0889 16       		.uleb128 0x16
 1941 088a C6000000 		.4byte	.LASF110
 1942 088e 04       		.byte	0x4
 1943 088f 9502     		.2byte	0x295
 1944 0891 16       		.byte	0x16
 1945 0892 02010000 		.4byte	0x102
 1946 0896 03       		.byte	0x3
 1947 0897 23       		.byte	0x23
 1948 0898 AC01     		.uleb128 0xac
 1949 089a 16       		.uleb128 0x16
 1950 089b 48020000 		.4byte	.LASF111
 1951 089f 04       		.byte	0x4
 1952 08a0 9602     		.2byte	0x296
 1953 08a2 16       		.byte	0x16
 1954 08a3 02010000 		.4byte	0x102
 1955 08a7 03       		.byte	0x3
 1956 08a8 23       		.byte	0x23
 1957 08a9 B401     		.uleb128 0xb4
 1958 08ab 16       		.uleb128 0x16
 1959 08ac 59000000 		.4byte	.LASF112
 1960 08b0 04       		.byte	0x4
 1961 08b1 9702     		.2byte	0x297
 1962 08b3 16       		.byte	0x16
 1963 08b4 02010000 		.4byte	0x102
 1964 08b8 03       		.byte	0x3
 1965 08b9 23       		.byte	0x23
 1966 08ba BC01     		.uleb128 0xbc
 1967 08bc 16       		.uleb128 0x16
 1968 08bd 68000000 		.4byte	.LASF113
 1969 08c1 04       		.byte	0x4
 1970 08c2 9802     		.2byte	0x298
 1971 08c4 16       		.byte	0x16
 1972 08c5 02010000 		.4byte	0x102
 1973 08c9 03       		.byte	0x3
ARM GAS  /tmp/cckfSVYB.s 			page 47


 1974 08ca 23       		.byte	0x23
 1975 08cb C401     		.uleb128 0xc4
 1976 08cd 16       		.uleb128 0x16
 1977 08ce CE040000 		.4byte	.LASF114
 1978 08d2 04       		.byte	0x4
 1979 08d3 9902     		.2byte	0x299
 1980 08d5 08       		.byte	0x8
 1981 08d6 3D000000 		.4byte	0x3d
 1982 08da 03       		.byte	0x3
 1983 08db 23       		.byte	0x23
 1984 08dc CC01     		.uleb128 0xcc
 1985 08de 00       		.byte	0
 1986 08df 09       		.uleb128 0x9
 1987 08e0 57060000 		.4byte	0x657
 1988 08e4 EF080000 		.4byte	0x8ef
 1989 08e8 0A       		.uleb128 0xa
 1990 08e9 36000000 		.4byte	0x36
 1991 08ed 19       		.byte	0x19
 1992 08ee 00       		.byte	0
 1993 08ef 09       		.uleb128 0x9
 1994 08f0 57060000 		.4byte	0x657
 1995 08f4 FF080000 		.4byte	0x8ff
 1996 08f8 0A       		.uleb128 0xa
 1997 08f9 36000000 		.4byte	0x36
 1998 08fd 07       		.byte	0x7
 1999 08fe 00       		.byte	0
 2000 08ff 09       		.uleb128 0x9
 2001 0900 57060000 		.4byte	0x657
 2002 0904 0F090000 		.4byte	0x90f
 2003 0908 0A       		.uleb128 0xa
 2004 0909 36000000 		.4byte	0x36
 2005 090d 17       		.byte	0x17
 2006 090e 00       		.byte	0
 2007 090f 18       		.uleb128 0x18
 2008 0910 F0       		.byte	0xf0
 2009 0911 04       		.byte	0x4
 2010 0912 9E02     		.2byte	0x29e
 2011 0914 07       		.byte	0x7
 2012 0915 3A090000 		.4byte	0x93a
 2013 0919 16       		.uleb128 0x16
 2014 091a DA030000 		.4byte	.LASF115
 2015 091e 04       		.byte	0x4
 2016 091f A102     		.2byte	0x2a1
 2017 0921 1B       		.byte	0x1b
 2018 0922 3A090000 		.4byte	0x93a
 2019 0926 02       		.byte	0x2
 2020 0927 23       		.byte	0x23
 2021 0928 00       		.uleb128 0
 2022 0929 16       		.uleb128 0x16
 2023 092a DB060000 		.4byte	.LASF116
 2024 092e 04       		.byte	0x4
 2025 092f A202     		.2byte	0x2a2
 2026 0931 18       		.byte	0x18
 2027 0932 4A090000 		.4byte	0x94a
 2028 0936 02       		.byte	0x2
 2029 0937 23       		.byte	0x23
 2030 0938 78       		.uleb128 0x78
ARM GAS  /tmp/cckfSVYB.s 			page 48


 2031 0939 00       		.byte	0
 2032 093a 09       		.uleb128 0x9
 2033 093b 39030000 		.4byte	0x339
 2034 093f 4A090000 		.4byte	0x94a
 2035 0943 0A       		.uleb128 0xa
 2036 0944 36000000 		.4byte	0x36
 2037 0948 1D       		.byte	0x1d
 2038 0949 00       		.byte	0
 2039 094a 09       		.uleb128 0x9
 2040 094b 36000000 		.4byte	0x36
 2041 094f 5A090000 		.4byte	0x95a
 2042 0953 0A       		.uleb128 0xa
 2043 0954 36000000 		.4byte	0x36
 2044 0958 1D       		.byte	0x1d
 2045 0959 00       		.byte	0
 2046 095a 19       		.uleb128 0x19
 2047 095b F0       		.byte	0xf0
 2048 095c 04       		.byte	0x4
 2049 095d 8302     		.2byte	0x283
 2050 095f 03       		.byte	0x3
 2051 0960 7F090000 		.4byte	0x97f
 2052 0964 1A       		.uleb128 0x1a
 2053 0965 CA050000 		.4byte	.LASF65
 2054 0969 04       		.byte	0x4
 2055 096a 9A02     		.2byte	0x29a
 2056 096c 0B       		.byte	0xb
 2057 096d 9B070000 		.4byte	0x79b
 2058 0971 1A       		.uleb128 0x1a
 2059 0972 0E070000 		.4byte	.LASF117
 2060 0976 04       		.byte	0x4
 2061 0977 A302     		.2byte	0x2a3
 2062 0979 0B       		.byte	0xb
 2063 097a 0F090000 		.4byte	0x90f
 2064 097e 00       		.byte	0
 2065 097f 09       		.uleb128 0x9
 2066 0980 57060000 		.4byte	0x657
 2067 0984 8F090000 		.4byte	0x98f
 2068 0988 0A       		.uleb128 0xa
 2069 0989 36000000 		.4byte	0x36
 2070 098d 18       		.byte	0x18
 2071 098e 00       		.byte	0
 2072 098f 1B       		.uleb128 0x1b
 2073 0990 B0000000 		.4byte	.LASF152
 2074 0994 01       		.byte	0x1
 2075 0995 10       		.uleb128 0x10
 2076 0996 04       		.byte	0x4
 2077 0997 8F090000 		.4byte	0x98f
 2078 099b 1C       		.uleb128 0x1c
 2079 099c 01       		.byte	0x1
 2080 099d A7090000 		.4byte	0x9a7
 2081 09a1 14       		.uleb128 0x14
 2082 09a2 D1040000 		.4byte	0x4d1
 2083 09a6 00       		.byte	0
 2084 09a7 10       		.uleb128 0x10
 2085 09a8 04       		.byte	0x4
 2086 09a9 9B090000 		.4byte	0x99b
 2087 09ad 10       		.uleb128 0x10
ARM GAS  /tmp/cckfSVYB.s 			page 49


 2088 09ae 04       		.byte	0x4
 2089 09af 9A010000 		.4byte	0x19a
 2090 09b3 1C       		.uleb128 0x1c
 2091 09b4 01       		.byte	0x1
 2092 09b5 BF090000 		.4byte	0x9bf
 2093 09b9 14       		.uleb128 0x14
 2094 09ba 3D000000 		.4byte	0x3d
 2095 09be 00       		.byte	0
 2096 09bf 10       		.uleb128 0x10
 2097 09c0 04       		.byte	0x4
 2098 09c1 C5090000 		.4byte	0x9c5
 2099 09c5 10       		.uleb128 0x10
 2100 09c6 04       		.byte	0x4
 2101 09c7 B3090000 		.4byte	0x9b3
 2102 09cb 09       		.uleb128 0x9
 2103 09cc F4060000 		.4byte	0x6f4
 2104 09d0 DB090000 		.4byte	0x9db
 2105 09d4 0A       		.uleb128 0xa
 2106 09d5 36000000 		.4byte	0x36
 2107 09d9 02       		.byte	0x2
 2108 09da 00       		.byte	0
 2109 09db 1D       		.uleb128 0x1d
 2110 09dc ED050000 		.4byte	.LASF118
 2111 09e0 04       		.byte	0x4
 2112 09e1 3303     		.2byte	0x333
 2113 09e3 17       		.byte	0x17
 2114 09e4 D1040000 		.4byte	0x4d1
 2115 09e8 01       		.byte	0x1
 2116 09e9 01       		.byte	0x1
 2117 09ea 1D       		.uleb128 0x1d
 2118 09eb 91060000 		.4byte	.LASF119
 2119 09ef 04       		.byte	0x4
 2120 09f0 3403     		.2byte	0x334
 2121 09f2 1D       		.byte	0x1d
 2122 09f3 D7040000 		.4byte	0x4d7
 2123 09f7 01       		.byte	0x1
 2124 09f8 01       		.byte	0x1
 2125 09f9 1E       		.uleb128 0x1e
 2126 09fa 08040000 		.4byte	.LASF120
 2127 09fe 06       		.byte	0x6
 2128 09ff 67       		.byte	0x67
 2129 0a00 0E       		.byte	0xe
 2130 0a01 51060000 		.4byte	0x651
 2131 0a05 01       		.byte	0x1
 2132 0a06 01       		.byte	0x1
 2133 0a07 02       		.uleb128 0x2
 2134 0a08 16060000 		.4byte	.LASF121
 2135 0a0c 07       		.byte	0x7
 2136 0a0d 2E       		.byte	0x2e
 2137 0a0e 18       		.byte	0x18
 2138 0a0f 66000000 		.4byte	0x66
 2139 0a13 10       		.uleb128 0x10
 2140 0a14 04       		.byte	0x4
 2141 0a15 070A0000 		.4byte	0xa07
 2142 0a19 09       		.uleb128 0x9
 2143 0a1a 070A0000 		.4byte	0xa07
 2144 0a1e 2A0A0000 		.4byte	0xa2a
ARM GAS  /tmp/cckfSVYB.s 			page 50


 2145 0a22 1F       		.uleb128 0x1f
 2146 0a23 36000000 		.4byte	0x36
 2147 0a27 FF47     		.2byte	0x47ff
 2148 0a29 00       		.byte	0
 2149 0a2a 20       		.uleb128 0x20
 2150 0a2b F9030000 		.4byte	.LASF126
 2151 0a2f 01       		.byte	0x1
 2152 0a30 6A       		.byte	0x6a
 2153 0a31 11       		.byte	0x11
 2154 0a32 190A0000 		.4byte	0xa19
 2155 0a36 05       		.byte	0x5
 2156 0a37 03       		.byte	0x3
 2157 0a38 18000000 		.4byte	ucHeap
 2158 0a3c 0E       		.uleb128 0xe
 2159 0a3d 99040000 		.4byte	.LASF122
 2160 0a41 08       		.byte	0x8
 2161 0a42 01       		.byte	0x1
 2162 0a43 6F       		.byte	0x6f
 2163 0a44 10       		.byte	0x10
 2164 0a45 680A0000 		.4byte	0xa68
 2165 0a49 0C       		.uleb128 0xc
 2166 0a4a 85010000 		.4byte	.LASF123
 2167 0a4e 01       		.byte	0x1
 2168 0a4f 71       		.byte	0x71
 2169 0a50 17       		.byte	0x17
 2170 0a51 680A0000 		.4byte	0xa68
 2171 0a55 02       		.byte	0x2
 2172 0a56 23       		.byte	0x23
 2173 0a57 00       		.uleb128 0
 2174 0a58 0C       		.uleb128 0xc
 2175 0a59 BB000000 		.4byte	.LASF124
 2176 0a5d 01       		.byte	0x1
 2177 0a5e 72       		.byte	0x72
 2178 0a5f 09       		.byte	0x9
 2179 0a60 25000000 		.4byte	0x25
 2180 0a64 02       		.byte	0x2
 2181 0a65 23       		.byte	0x23
 2182 0a66 04       		.uleb128 0x4
 2183 0a67 00       		.byte	0
 2184 0a68 10       		.uleb128 0x10
 2185 0a69 04       		.byte	0x4
 2186 0a6a 3C0A0000 		.4byte	0xa3c
 2187 0a6e 02       		.uleb128 0x2
 2188 0a6f A4060000 		.4byte	.LASF125
 2189 0a73 01       		.byte	0x1
 2190 0a74 73       		.byte	0x73
 2191 0a75 03       		.byte	0x3
 2192 0a76 3C0A0000 		.4byte	0xa3c
 2193 0a7a 21       		.uleb128 0x21
 2194 0a7b 97000000 		.4byte	.LASF127
 2195 0a7f 01       		.byte	0x1
 2196 0a80 89       		.byte	0x89
 2197 0a81 15       		.byte	0x15
 2198 0a82 31000000 		.4byte	0x31
 2199 0a86 08       		.byte	0x8
 2200 0a87 20       		.uleb128 0x20
 2201 0a88 F9010000 		.4byte	.LASF128
ARM GAS  /tmp/cckfSVYB.s 			page 51


 2202 0a8c 01       		.byte	0x1
 2203 0a8d 8C       		.byte	0x8c
 2204 0a8e 14       		.byte	0x14
 2205 0a8f 6E0A0000 		.4byte	0xa6e
 2206 0a93 05       		.byte	0x5
 2207 0a94 03       		.byte	0x3
 2208 0a95 00000000 		.4byte	xStart
 2209 0a99 20       		.uleb128 0x20
 2210 0a9a 66060000 		.4byte	.LASF129
 2211 0a9e 01       		.byte	0x1
 2212 0a9f 8C       		.byte	0x8c
 2213 0aa0 1D       		.byte	0x1d
 2214 0aa1 AB0A0000 		.4byte	0xaab
 2215 0aa5 05       		.byte	0x5
 2216 0aa6 03       		.byte	0x3
 2217 0aa7 08000000 		.4byte	pxEnd
 2218 0aab 10       		.uleb128 0x10
 2219 0aac 04       		.byte	0x4
 2220 0aad 6E0A0000 		.4byte	0xa6e
 2221 0ab1 20       		.uleb128 0x20
 2222 0ab2 B3030000 		.4byte	.LASF130
 2223 0ab6 01       		.byte	0x1
 2224 0ab7 90       		.byte	0x90
 2225 0ab8 0F       		.byte	0xf
 2226 0ab9 25000000 		.4byte	0x25
 2227 0abd 05       		.byte	0x5
 2228 0abe 03       		.byte	0x3
 2229 0abf 10000000 		.4byte	xFreeBytesRemaining
 2230 0ac3 20       		.uleb128 0x20
 2231 0ac4 6E050000 		.4byte	.LASF131
 2232 0ac8 01       		.byte	0x1
 2233 0ac9 91       		.byte	0x91
 2234 0aca 0F       		.byte	0xf
 2235 0acb 25000000 		.4byte	0x25
 2236 0acf 05       		.byte	0x5
 2237 0ad0 03       		.byte	0x3
 2238 0ad1 0C000000 		.4byte	xMinimumEverFreeBytesRemaining
 2239 0ad5 20       		.uleb128 0x20
 2240 0ad6 C7030000 		.4byte	.LASF132
 2241 0ada 01       		.byte	0x1
 2242 0adb 97       		.byte	0x97
 2243 0adc 0F       		.byte	0xf
 2244 0add 25000000 		.4byte	0x25
 2245 0ae1 05       		.byte	0x5
 2246 0ae2 03       		.byte	0x3
 2247 0ae3 14000000 		.4byte	xBlockAllocatedBit
 2248 0ae7 22       		.uleb128 0x22
 2249 0ae8 F2040000 		.4byte	.LASF153
 2250 0aec 01       		.byte	0x1
 2251 0aed A301     		.2byte	0x1a3
 2252 0aef 0D       		.byte	0xd
 2253 0af0 01       		.byte	0x1
 2254 0af1 00000000 		.4byte	.LFB11
 2255 0af5 44000000 		.4byte	.LFE11
 2256 0af9 00000000 		.4byte	.LLST0
 2257 0afd 01       		.byte	0x1
 2258 0afe 420B0000 		.4byte	0xb42
ARM GAS  /tmp/cckfSVYB.s 			page 52


 2259 0b02 23       		.uleb128 0x23
 2260 0b03 EE060000 		.4byte	.LASF140
 2261 0b07 01       		.byte	0x1
 2262 0b08 A301     		.2byte	0x1a3
 2263 0b0a 36       		.byte	0x36
 2264 0b0b AB0A0000 		.4byte	0xaab
 2265 0b0f 26000000 		.4byte	.LLST1
 2266 0b13 20000000 		.4byte	.LVUS1
 2267 0b17 24       		.uleb128 0x24
 2268 0b18 71060000 		.4byte	.LASF133
 2269 0b1c 01       		.byte	0x1
 2270 0b1d A501     		.2byte	0x1a5
 2271 0b1f 0E       		.byte	0xe
 2272 0b20 AB0A0000 		.4byte	0xaab
 2273 0b24 58000000 		.4byte	.LLST2
 2274 0b28 52000000 		.4byte	.LVUS2
 2275 0b2c 25       		.uleb128 0x25
 2276 0b2d 70756300 		.ascii	"puc\000"
 2277 0b31 01       		.byte	0x1
 2278 0b32 A601     		.2byte	0x1a6
 2279 0b34 0A       		.byte	0xa
 2280 0b35 130A0000 		.4byte	0xa13
 2281 0b39 8A000000 		.4byte	.LLST3
 2282 0b3d 86000000 		.4byte	.LVUS3
 2283 0b41 00       		.byte	0
 2284 0b42 26       		.uleb128 0x26
 2285 0b43 87020000 		.4byte	.LASF154
 2286 0b47 01       		.byte	0x1
 2287 0b48 7301     		.2byte	0x173
 2288 0b4a 0D       		.byte	0xd
 2289 0b4b 01       		.byte	0x1
 2290 0b4c 01       		.byte	0x1
 2291 0b4d 860B0000 		.4byte	0xb86
 2292 0b51 27       		.uleb128 0x27
 2293 0b52 24040000 		.4byte	.LASF134
 2294 0b56 01       		.byte	0x1
 2295 0b57 7501     		.2byte	0x175
 2296 0b59 0E       		.byte	0xe
 2297 0b5a AB0A0000 		.4byte	0xaab
 2298 0b5e 27       		.uleb128 0x27
 2299 0b5f E1030000 		.4byte	.LASF135
 2300 0b63 01       		.byte	0x1
 2301 0b64 7601     		.2byte	0x176
 2302 0b66 0A       		.byte	0xa
 2303 0b67 130A0000 		.4byte	0xa13
 2304 0b6b 27       		.uleb128 0x27
 2305 0b6c 1F020000 		.4byte	.LASF136
 2306 0b70 01       		.byte	0x1
 2307 0b71 7701     		.2byte	0x177
 2308 0b73 08       		.byte	0x8
 2309 0b74 25000000 		.4byte	0x25
 2310 0b78 27       		.uleb128 0x27
 2311 0b79 44000000 		.4byte	.LASF137
 2312 0b7d 01       		.byte	0x1
 2313 0b7e 7801     		.2byte	0x178
 2314 0b80 08       		.byte	0x8
 2315 0b81 25000000 		.4byte	0x25
ARM GAS  /tmp/cckfSVYB.s 			page 53


 2316 0b85 00       		.byte	0
 2317 0b86 28       		.uleb128 0x28
 2318 0b87 01       		.byte	0x1
 2319 0b88 41050000 		.4byte	.LASF155
 2320 0b8c 01       		.byte	0x1
 2321 0b8d 6D01     		.2byte	0x16d
 2322 0b8f 06       		.byte	0x6
 2323 0b90 01       		.byte	0x1
 2324 0b91 6C010000 		.4byte	.LFB9
 2325 0b95 6E010000 		.4byte	.LFE9
 2326 0b99 02       		.byte	0x2
 2327 0b9a 7D       		.byte	0x7d
 2328 0b9b 00       		.sleb128 0
 2329 0b9c 01       		.byte	0x1
 2330 0b9d 29       		.uleb128 0x29
 2331 0b9e 01       		.byte	0x1
 2332 0b9f 57040000 		.4byte	.LASF138
 2333 0ba3 01       		.byte	0x1
 2334 0ba4 6701     		.2byte	0x167
 2335 0ba6 08       		.byte	0x8
 2336 0ba7 01       		.byte	0x1
 2337 0ba8 25000000 		.4byte	0x25
 2338 0bac 60010000 		.4byte	.LFB8
 2339 0bb0 6C010000 		.4byte	.LFE8
 2340 0bb4 02       		.byte	0x2
 2341 0bb5 7D       		.byte	0x7d
 2342 0bb6 00       		.sleb128 0
 2343 0bb7 01       		.byte	0x1
 2344 0bb8 29       		.uleb128 0x29
 2345 0bb9 01       		.byte	0x1
 2346 0bba B4040000 		.4byte	.LASF139
 2347 0bbe 01       		.byte	0x1
 2348 0bbf 6101     		.2byte	0x161
 2349 0bc1 08       		.byte	0x8
 2350 0bc2 01       		.byte	0x1
 2351 0bc3 25000000 		.4byte	0x25
 2352 0bc7 54010000 		.4byte	.LFB7
 2353 0bcb 60010000 		.4byte	.LFE7
 2354 0bcf 02       		.byte	0x2
 2355 0bd0 7D       		.byte	0x7d
 2356 0bd1 00       		.sleb128 0
 2357 0bd2 01       		.byte	0x1
 2358 0bd3 2A       		.uleb128 0x2a
 2359 0bd4 01       		.byte	0x1
 2360 0bd5 B8050000 		.4byte	.LASF156
 2361 0bd9 01       		.byte	0x1
 2362 0bda 3101     		.2byte	0x131
 2363 0bdc 06       		.byte	0x6
 2364 0bdd 01       		.byte	0x1
 2365 0bde 10010000 		.4byte	.LFB6
 2366 0be2 54010000 		.4byte	.LFE6
 2367 0be6 A8000000 		.4byte	.LLST13
 2368 0bea 01       		.byte	0x1
 2369 0beb 550C0000 		.4byte	0xc55
 2370 0bef 2B       		.uleb128 0x2b
 2371 0bf0 707600   		.ascii	"pv\000"
 2372 0bf3 01       		.byte	0x1
ARM GAS  /tmp/cckfSVYB.s 			page 54


 2373 0bf4 3101     		.2byte	0x131
 2374 0bf6 17       		.byte	0x17
 2375 0bf7 0E010000 		.4byte	0x10e
 2376 0bfb E8000000 		.4byte	.LLST14
 2377 0bff E0000000 		.4byte	.LVUS14
 2378 0c03 25       		.uleb128 0x25
 2379 0c04 70756300 		.ascii	"puc\000"
 2380 0c08 01       		.byte	0x1
 2381 0c09 3301     		.2byte	0x133
 2382 0c0b 0A       		.byte	0xa
 2383 0c0c 130A0000 		.4byte	0xa13
 2384 0c10 2B010000 		.4byte	.LLST15
 2385 0c14 1F010000 		.4byte	.LVUS15
 2386 0c18 24       		.uleb128 0x24
 2387 0c19 79000000 		.4byte	.LASF141
 2388 0c1d 01       		.byte	0x1
 2389 0c1e 3401     		.2byte	0x134
 2390 0c20 0E       		.byte	0xe
 2391 0c21 AB0A0000 		.4byte	0xaab
 2392 0c25 8A010000 		.4byte	.LLST16
 2393 0c29 80010000 		.4byte	.LVUS16
 2394 0c2d 2C       		.uleb128 0x2c
 2395 0c2e 34010000 		.4byte	.LVL31
 2396 0c32 860D0000 		.4byte	0xd86
 2397 0c36 2D       		.uleb128 0x2d
 2398 0c37 46010000 		.4byte	.LVL33
 2399 0c3b E70A0000 		.4byte	0xae7
 2400 0c3f 4A0C0000 		.4byte	0xc4a
 2401 0c43 2E       		.uleb128 0x2e
 2402 0c44 01       		.byte	0x1
 2403 0c45 50       		.byte	0x50
 2404 0c46 02       		.byte	0x2
 2405 0c47 74       		.byte	0x74
 2406 0c48 78       		.sleb128 -8
 2407 0c49 00       		.byte	0
 2408 0c4a 2F       		.uleb128 0x2f
 2409 0c4b 4E010000 		.4byte	.LVL35
 2410 0c4f 01       		.byte	0x1
 2411 0c50 950D0000 		.4byte	0xd95
 2412 0c54 00       		.byte	0
 2413 0c55 30       		.uleb128 0x30
 2414 0c56 01       		.byte	0x1
 2415 0c57 7A020000 		.4byte	.LASF157
 2416 0c5b 01       		.byte	0x1
 2417 0c5c 9B       		.byte	0x9b
 2418 0c5d 07       		.byte	0x7
 2419 0c5e 01       		.byte	0x1
 2420 0c5f 0E010000 		.4byte	0x10e
 2421 0c63 44000000 		.4byte	.LFB5
 2422 0c67 10010000 		.4byte	.LFE5
 2423 0c6b D4010000 		.4byte	.LLST4
 2424 0c6f 01       		.byte	0x1
 2425 0c70 860D0000 		.4byte	0xd86
 2426 0c74 31       		.uleb128 0x31
 2427 0c75 2B030000 		.4byte	.LASF142
 2428 0c79 01       		.byte	0x1
 2429 0c7a 9B       		.byte	0x9b
ARM GAS  /tmp/cckfSVYB.s 			page 55


 2430 0c7b 1C       		.byte	0x1c
 2431 0c7c 25000000 		.4byte	0x25
 2432 0c80 02020000 		.4byte	.LLST5
 2433 0c84 F4010000 		.4byte	.LVUS5
 2434 0c88 32       		.uleb128 0x32
 2435 0c89 AF010000 		.4byte	.LASF143
 2436 0c8d 01       		.byte	0x1
 2437 0c8e 9D       		.byte	0x9d
 2438 0c8f 0E       		.byte	0xe
 2439 0c90 AB0A0000 		.4byte	0xaab
 2440 0c94 9F020000 		.4byte	.LLST6
 2441 0c98 99020000 		.4byte	.LVUS6
 2442 0c9c 32       		.uleb128 0x32
 2443 0c9d 34000000 		.4byte	.LASF144
 2444 0ca1 01       		.byte	0x1
 2445 0ca2 9D       		.byte	0x9d
 2446 0ca3 18       		.byte	0x18
 2447 0ca4 AB0A0000 		.4byte	0xaab
 2448 0ca8 CA020000 		.4byte	.LLST7
 2449 0cac C8020000 		.4byte	.LVUS7
 2450 0cb0 32       		.uleb128 0x32
 2451 0cb1 35040000 		.4byte	.LASF145
 2452 0cb5 01       		.byte	0x1
 2453 0cb6 9D       		.byte	0x9d
 2454 0cb7 2A       		.byte	0x2a
 2455 0cb8 AB0A0000 		.4byte	0xaab
 2456 0cbc E6020000 		.4byte	.LLST8
 2457 0cc0 E2020000 		.4byte	.LVUS8
 2458 0cc4 32       		.uleb128 0x32
 2459 0cc5 4E040000 		.4byte	.LASF146
 2460 0cc9 01       		.byte	0x1
 2461 0cca 9E       		.byte	0x9e
 2462 0ccb 07       		.byte	0x7
 2463 0ccc 0E010000 		.4byte	0x10e
 2464 0cd0 4D030000 		.4byte	.LLST9
 2465 0cd4 47030000 		.4byte	.LVUS9
 2466 0cd8 33       		.uleb128 0x33
 2467 0cd9 420B0000 		.4byte	0xb42
 2468 0cdd 54000000 		.4byte	.LBI4
 2469 0ce1 01       		.byte	.LVU51
 2470 0ce2 54000000 		.4byte	.LBB4
 2471 0ce6 84000000 		.4byte	.LBE4
 2472 0cea 01       		.byte	0x1
 2473 0ceb A6       		.byte	0xa6
 2474 0cec 04       		.byte	0x4
 2475 0ced 1E0D0000 		.4byte	0xd1e
 2476 0cf1 34       		.uleb128 0x34
 2477 0cf2 510B0000 		.4byte	0xb51
 2478 0cf6 35       		.uleb128 0x35
 2479 0cf7 5E0B0000 		.4byte	0xb5e
 2480 0cfb 7A030000 		.4byte	.LLST10
 2481 0cff 78030000 		.4byte	.LVUS10
 2482 0d03 35       		.uleb128 0x35
 2483 0d04 6B0B0000 		.4byte	0xb6b
 2484 0d08 93030000 		.4byte	.LLST11
 2485 0d0c 8D030000 		.4byte	.LVUS11
 2486 0d10 35       		.uleb128 0x35
ARM GAS  /tmp/cckfSVYB.s 			page 56


 2487 0d11 780B0000 		.4byte	0xb78
 2488 0d15 C3030000 		.4byte	.LLST12
 2489 0d19 C1030000 		.4byte	.LVUS12
 2490 0d1d 00       		.byte	0
 2491 0d1e 2C       		.uleb128 0x2c
 2492 0d1f 50000000 		.4byte	.LVL7
 2493 0d23 860D0000 		.4byte	0xd86
 2494 0d27 2D       		.uleb128 0x2d
 2495 0d28 D6000000 		.4byte	.LVL23
 2496 0d2c E70A0000 		.4byte	0xae7
 2497 0d30 7C0D0000 		.4byte	0xd7c
 2498 0d34 2E       		.uleb128 0x2e
 2499 0d35 01       		.byte	0x1
 2500 0d36 50       		.byte	0x50
 2501 0d37 43       		.byte	0x43
 2502 0d38 F3       		.byte	0xf3
 2503 0d39 01       		.uleb128 0x1
 2504 0d3a 50       		.byte	0x50
 2505 0d3b 23       		.byte	0x23
 2506 0d3c 08       		.uleb128 0x8
 2507 0d3d 09       		.byte	0x9
 2508 0d3e F8       		.byte	0xf8
 2509 0d3f 1A       		.byte	0x1a
 2510 0d40 F3       		.byte	0xf3
 2511 0d41 01       		.uleb128 0x1
 2512 0d42 50       		.byte	0x50
 2513 0d43 23       		.byte	0x23
 2514 0d44 08       		.uleb128 0x8
 2515 0d45 F3       		.byte	0xf3
 2516 0d46 01       		.uleb128 0x1
 2517 0d47 50       		.byte	0x50
 2518 0d48 4D       		.byte	0x4d
 2519 0d49 24       		.byte	0x24
 2520 0d4a 30       		.byte	0x30
 2521 0d4b 2E       		.byte	0x2e
 2522 0d4c 28       		.byte	0x28
 2523 0d4d 0100     		.2byte	0x1
 2524 0d4f 16       		.byte	0x16
 2525 0d50 13       		.byte	0x13
 2526 0d51 23       		.byte	0x23
 2527 0d52 08       		.uleb128 0x8
 2528 0d53 F3       		.byte	0xf3
 2529 0d54 01       		.uleb128 0x1
 2530 0d55 50       		.byte	0x50
 2531 0d56 23       		.byte	0x23
 2532 0d57 08       		.uleb128 0x8
 2533 0d58 09       		.byte	0x9
 2534 0d59 F8       		.byte	0xf8
 2535 0d5a 1A       		.byte	0x1a
 2536 0d5b F3       		.byte	0xf3
 2537 0d5c 01       		.uleb128 0x1
 2538 0d5d 50       		.byte	0x50
 2539 0d5e 23       		.byte	0x23
 2540 0d5f 08       		.uleb128 0x8
 2541 0d60 F3       		.byte	0xf3
 2542 0d61 01       		.uleb128 0x1
 2543 0d62 50       		.byte	0x50
ARM GAS  /tmp/cckfSVYB.s 			page 57


 2544 0d63 4D       		.byte	0x4d
 2545 0d64 24       		.byte	0x24
 2546 0d65 30       		.byte	0x30
 2547 0d66 2E       		.byte	0x2e
 2548 0d67 28       		.byte	0x28
 2549 0d68 0100     		.2byte	0x1
 2550 0d6a 16       		.byte	0x16
 2551 0d6b 13       		.byte	0x13
 2552 0d6c F3       		.byte	0xf3
 2553 0d6d 01       		.uleb128 0x1
 2554 0d6e 50       		.byte	0x50
 2555 0d6f 4D       		.byte	0x4d
 2556 0d70 24       		.byte	0x24
 2557 0d71 30       		.byte	0x30
 2558 0d72 2E       		.byte	0x2e
 2559 0d73 28       		.byte	0x28
 2560 0d74 0100     		.2byte	0x1
 2561 0d76 16       		.byte	0x16
 2562 0d77 13       		.byte	0x13
 2563 0d78 76       		.byte	0x76
 2564 0d79 00       		.sleb128 0
 2565 0d7a 22       		.byte	0x22
 2566 0d7b 00       		.byte	0
 2567 0d7c 2C       		.uleb128 0x2c
 2568 0d7d F2000000 		.4byte	.LVL25
 2569 0d81 950D0000 		.4byte	0xd95
 2570 0d85 00       		.byte	0
 2571 0d86 36       		.uleb128 0x36
 2572 0d87 01       		.byte	0x1
 2573 0d88 01       		.byte	0x1
 2574 0d89 89040000 		.4byte	.LASF147
 2575 0d8d 89040000 		.4byte	.LASF147
 2576 0d91 08       		.byte	0x8
 2577 0d92 C304     		.2byte	0x4c3
 2578 0d94 06       		.byte	0x6
 2579 0d95 36       		.uleb128 0x36
 2580 0d96 01       		.byte	0x1
 2581 0d97 01       		.byte	0x1
 2582 0d98 39020000 		.4byte	.LASF148
 2583 0d9c 39020000 		.4byte	.LASF148
 2584 0da0 08       		.byte	0x8
 2585 0da1 F904     		.2byte	0x4f9
 2586 0da3 0C       		.byte	0xc
 2587 0da4 00       		.byte	0
 2588              		.section	.debug_abbrev,"",%progbits
 2589              	.Ldebug_abbrev0:
 2590 0000 01       		.uleb128 0x1
 2591 0001 11       		.uleb128 0x11
 2592 0002 01       		.byte	0x1
 2593 0003 25       		.uleb128 0x25
 2594 0004 0E       		.uleb128 0xe
 2595 0005 13       		.uleb128 0x13
 2596 0006 0B       		.uleb128 0xb
 2597 0007 03       		.uleb128 0x3
 2598 0008 0E       		.uleb128 0xe
 2599 0009 1B       		.uleb128 0x1b
 2600 000a 0E       		.uleb128 0xe
ARM GAS  /tmp/cckfSVYB.s 			page 58


 2601 000b 11       		.uleb128 0x11
 2602 000c 01       		.uleb128 0x1
 2603 000d 12       		.uleb128 0x12
 2604 000e 01       		.uleb128 0x1
 2605 000f 10       		.uleb128 0x10
 2606 0010 06       		.uleb128 0x6
 2607 0011 00       		.byte	0
 2608 0012 00       		.byte	0
 2609 0013 02       		.uleb128 0x2
 2610 0014 16       		.uleb128 0x16
 2611 0015 00       		.byte	0
 2612 0016 03       		.uleb128 0x3
 2613 0017 0E       		.uleb128 0xe
 2614 0018 3A       		.uleb128 0x3a
 2615 0019 0B       		.uleb128 0xb
 2616 001a 3B       		.uleb128 0x3b
 2617 001b 0B       		.uleb128 0xb
 2618 001c 39       		.uleb128 0x39
 2619 001d 0B       		.uleb128 0xb
 2620 001e 49       		.uleb128 0x49
 2621 001f 13       		.uleb128 0x13
 2622 0020 00       		.byte	0
 2623 0021 00       		.byte	0
 2624 0022 03       		.uleb128 0x3
 2625 0023 26       		.uleb128 0x26
 2626 0024 00       		.byte	0
 2627 0025 49       		.uleb128 0x49
 2628 0026 13       		.uleb128 0x13
 2629 0027 00       		.byte	0
 2630 0028 00       		.byte	0
 2631 0029 04       		.uleb128 0x4
 2632 002a 24       		.uleb128 0x24
 2633 002b 00       		.byte	0
 2634 002c 0B       		.uleb128 0xb
 2635 002d 0B       		.uleb128 0xb
 2636 002e 3E       		.uleb128 0x3e
 2637 002f 0B       		.uleb128 0xb
 2638 0030 03       		.uleb128 0x3
 2639 0031 0E       		.uleb128 0xe
 2640 0032 00       		.byte	0
 2641 0033 00       		.byte	0
 2642 0034 05       		.uleb128 0x5
 2643 0035 24       		.uleb128 0x24
 2644 0036 00       		.byte	0
 2645 0037 0B       		.uleb128 0xb
 2646 0038 0B       		.uleb128 0xb
 2647 0039 3E       		.uleb128 0x3e
 2648 003a 0B       		.uleb128 0xb
 2649 003b 03       		.uleb128 0x3
 2650 003c 08       		.uleb128 0x8
 2651 003d 00       		.byte	0
 2652 003e 00       		.byte	0
 2653 003f 06       		.uleb128 0x6
 2654 0040 16       		.uleb128 0x16
 2655 0041 00       		.byte	0
 2656 0042 03       		.uleb128 0x3
 2657 0043 0E       		.uleb128 0xe
ARM GAS  /tmp/cckfSVYB.s 			page 59


 2658 0044 3A       		.uleb128 0x3a
 2659 0045 0B       		.uleb128 0xb
 2660 0046 3B       		.uleb128 0x3b
 2661 0047 05       		.uleb128 0x5
 2662 0048 39       		.uleb128 0x39
 2663 0049 0B       		.uleb128 0xb
 2664 004a 49       		.uleb128 0x49
 2665 004b 13       		.uleb128 0x13
 2666 004c 00       		.byte	0
 2667 004d 00       		.byte	0
 2668 004e 07       		.uleb128 0x7
 2669 004f 17       		.uleb128 0x17
 2670 0050 01       		.byte	0x1
 2671 0051 0B       		.uleb128 0xb
 2672 0052 0B       		.uleb128 0xb
 2673 0053 3A       		.uleb128 0x3a
 2674 0054 0B       		.uleb128 0xb
 2675 0055 3B       		.uleb128 0x3b
 2676 0056 0B       		.uleb128 0xb
 2677 0057 39       		.uleb128 0x39
 2678 0058 0B       		.uleb128 0xb
 2679 0059 01       		.uleb128 0x1
 2680 005a 13       		.uleb128 0x13
 2681 005b 00       		.byte	0
 2682 005c 00       		.byte	0
 2683 005d 08       		.uleb128 0x8
 2684 005e 0D       		.uleb128 0xd
 2685 005f 00       		.byte	0
 2686 0060 03       		.uleb128 0x3
 2687 0061 0E       		.uleb128 0xe
 2688 0062 3A       		.uleb128 0x3a
 2689 0063 0B       		.uleb128 0xb
 2690 0064 3B       		.uleb128 0x3b
 2691 0065 0B       		.uleb128 0xb
 2692 0066 39       		.uleb128 0x39
 2693 0067 0B       		.uleb128 0xb
 2694 0068 49       		.uleb128 0x49
 2695 0069 13       		.uleb128 0x13
 2696 006a 00       		.byte	0
 2697 006b 00       		.byte	0
 2698 006c 09       		.uleb128 0x9
 2699 006d 01       		.uleb128 0x1
 2700 006e 01       		.byte	0x1
 2701 006f 49       		.uleb128 0x49
 2702 0070 13       		.uleb128 0x13
 2703 0071 01       		.uleb128 0x1
 2704 0072 13       		.uleb128 0x13
 2705 0073 00       		.byte	0
 2706 0074 00       		.byte	0
 2707 0075 0A       		.uleb128 0xa
 2708 0076 21       		.uleb128 0x21
 2709 0077 00       		.byte	0
 2710 0078 49       		.uleb128 0x49
 2711 0079 13       		.uleb128 0x13
 2712 007a 2F       		.uleb128 0x2f
 2713 007b 0B       		.uleb128 0xb
 2714 007c 00       		.byte	0
ARM GAS  /tmp/cckfSVYB.s 			page 60


 2715 007d 00       		.byte	0
 2716 007e 0B       		.uleb128 0xb
 2717 007f 13       		.uleb128 0x13
 2718 0080 01       		.byte	0x1
 2719 0081 0B       		.uleb128 0xb
 2720 0082 0B       		.uleb128 0xb
 2721 0083 3A       		.uleb128 0x3a
 2722 0084 0B       		.uleb128 0xb
 2723 0085 3B       		.uleb128 0x3b
 2724 0086 0B       		.uleb128 0xb
 2725 0087 39       		.uleb128 0x39
 2726 0088 0B       		.uleb128 0xb
 2727 0089 01       		.uleb128 0x1
 2728 008a 13       		.uleb128 0x13
 2729 008b 00       		.byte	0
 2730 008c 00       		.byte	0
 2731 008d 0C       		.uleb128 0xc
 2732 008e 0D       		.uleb128 0xd
 2733 008f 00       		.byte	0
 2734 0090 03       		.uleb128 0x3
 2735 0091 0E       		.uleb128 0xe
 2736 0092 3A       		.uleb128 0x3a
 2737 0093 0B       		.uleb128 0xb
 2738 0094 3B       		.uleb128 0x3b
 2739 0095 0B       		.uleb128 0xb
 2740 0096 39       		.uleb128 0x39
 2741 0097 0B       		.uleb128 0xb
 2742 0098 49       		.uleb128 0x49
 2743 0099 13       		.uleb128 0x13
 2744 009a 38       		.uleb128 0x38
 2745 009b 0A       		.uleb128 0xa
 2746 009c 00       		.byte	0
 2747 009d 00       		.byte	0
 2748 009e 0D       		.uleb128 0xd
 2749 009f 0F       		.uleb128 0xf
 2750 00a0 00       		.byte	0
 2751 00a1 0B       		.uleb128 0xb
 2752 00a2 0B       		.uleb128 0xb
 2753 00a3 00       		.byte	0
 2754 00a4 00       		.byte	0
 2755 00a5 0E       		.uleb128 0xe
 2756 00a6 13       		.uleb128 0x13
 2757 00a7 01       		.byte	0x1
 2758 00a8 03       		.uleb128 0x3
 2759 00a9 0E       		.uleb128 0xe
 2760 00aa 0B       		.uleb128 0xb
 2761 00ab 0B       		.uleb128 0xb
 2762 00ac 3A       		.uleb128 0x3a
 2763 00ad 0B       		.uleb128 0xb
 2764 00ae 3B       		.uleb128 0x3b
 2765 00af 0B       		.uleb128 0xb
 2766 00b0 39       		.uleb128 0x39
 2767 00b1 0B       		.uleb128 0xb
 2768 00b2 01       		.uleb128 0x1
 2769 00b3 13       		.uleb128 0x13
 2770 00b4 00       		.byte	0
 2771 00b5 00       		.byte	0
ARM GAS  /tmp/cckfSVYB.s 			page 61


 2772 00b6 0F       		.uleb128 0xf
 2773 00b7 0D       		.uleb128 0xd
 2774 00b8 00       		.byte	0
 2775 00b9 03       		.uleb128 0x3
 2776 00ba 08       		.uleb128 0x8
 2777 00bb 3A       		.uleb128 0x3a
 2778 00bc 0B       		.uleb128 0xb
 2779 00bd 3B       		.uleb128 0x3b
 2780 00be 0B       		.uleb128 0xb
 2781 00bf 39       		.uleb128 0x39
 2782 00c0 0B       		.uleb128 0xb
 2783 00c1 49       		.uleb128 0x49
 2784 00c2 13       		.uleb128 0x13
 2785 00c3 38       		.uleb128 0x38
 2786 00c4 0A       		.uleb128 0xa
 2787 00c5 00       		.byte	0
 2788 00c6 00       		.byte	0
 2789 00c7 10       		.uleb128 0x10
 2790 00c8 0F       		.uleb128 0xf
 2791 00c9 00       		.byte	0
 2792 00ca 0B       		.uleb128 0xb
 2793 00cb 0B       		.uleb128 0xb
 2794 00cc 49       		.uleb128 0x49
 2795 00cd 13       		.uleb128 0x13
 2796 00ce 00       		.byte	0
 2797 00cf 00       		.byte	0
 2798 00d0 11       		.uleb128 0x11
 2799 00d1 13       		.uleb128 0x13
 2800 00d2 01       		.byte	0x1
 2801 00d3 03       		.uleb128 0x3
 2802 00d4 0E       		.uleb128 0xe
 2803 00d5 0B       		.uleb128 0xb
 2804 00d6 05       		.uleb128 0x5
 2805 00d7 3A       		.uleb128 0x3a
 2806 00d8 0B       		.uleb128 0xb
 2807 00d9 3B       		.uleb128 0x3b
 2808 00da 0B       		.uleb128 0xb
 2809 00db 39       		.uleb128 0x39
 2810 00dc 0B       		.uleb128 0xb
 2811 00dd 01       		.uleb128 0x1
 2812 00de 13       		.uleb128 0x13
 2813 00df 00       		.byte	0
 2814 00e0 00       		.byte	0
 2815 00e1 12       		.uleb128 0x12
 2816 00e2 15       		.uleb128 0x15
 2817 00e3 00       		.byte	0
 2818 00e4 27       		.uleb128 0x27
 2819 00e5 0C       		.uleb128 0xc
 2820 00e6 00       		.byte	0
 2821 00e7 00       		.byte	0
 2822 00e8 13       		.uleb128 0x13
 2823 00e9 15       		.uleb128 0x15
 2824 00ea 01       		.byte	0x1
 2825 00eb 27       		.uleb128 0x27
 2826 00ec 0C       		.uleb128 0xc
 2827 00ed 49       		.uleb128 0x49
 2828 00ee 13       		.uleb128 0x13
ARM GAS  /tmp/cckfSVYB.s 			page 62


 2829 00ef 01       		.uleb128 0x1
 2830 00f0 13       		.uleb128 0x13
 2831 00f1 00       		.byte	0
 2832 00f2 00       		.byte	0
 2833 00f3 14       		.uleb128 0x14
 2834 00f4 05       		.uleb128 0x5
 2835 00f5 00       		.byte	0
 2836 00f6 49       		.uleb128 0x49
 2837 00f7 13       		.uleb128 0x13
 2838 00f8 00       		.byte	0
 2839 00f9 00       		.byte	0
 2840 00fa 15       		.uleb128 0x15
 2841 00fb 13       		.uleb128 0x13
 2842 00fc 01       		.byte	0x1
 2843 00fd 03       		.uleb128 0x3
 2844 00fe 0E       		.uleb128 0xe
 2845 00ff 0B       		.uleb128 0xb
 2846 0100 05       		.uleb128 0x5
 2847 0101 3A       		.uleb128 0x3a
 2848 0102 0B       		.uleb128 0xb
 2849 0103 3B       		.uleb128 0x3b
 2850 0104 05       		.uleb128 0x5
 2851 0105 39       		.uleb128 0x39
 2852 0106 0B       		.uleb128 0xb
 2853 0107 01       		.uleb128 0x1
 2854 0108 13       		.uleb128 0x13
 2855 0109 00       		.byte	0
 2856 010a 00       		.byte	0
 2857 010b 16       		.uleb128 0x16
 2858 010c 0D       		.uleb128 0xd
 2859 010d 00       		.byte	0
 2860 010e 03       		.uleb128 0x3
 2861 010f 0E       		.uleb128 0xe
 2862 0110 3A       		.uleb128 0x3a
 2863 0111 0B       		.uleb128 0xb
 2864 0112 3B       		.uleb128 0x3b
 2865 0113 05       		.uleb128 0x5
 2866 0114 39       		.uleb128 0x39
 2867 0115 0B       		.uleb128 0xb
 2868 0116 49       		.uleb128 0x49
 2869 0117 13       		.uleb128 0x13
 2870 0118 38       		.uleb128 0x38
 2871 0119 0A       		.uleb128 0xa
 2872 011a 00       		.byte	0
 2873 011b 00       		.byte	0
 2874 011c 17       		.uleb128 0x17
 2875 011d 13       		.uleb128 0x13
 2876 011e 01       		.byte	0x1
 2877 011f 03       		.uleb128 0x3
 2878 0120 0E       		.uleb128 0xe
 2879 0121 0B       		.uleb128 0xb
 2880 0122 0B       		.uleb128 0xb
 2881 0123 3A       		.uleb128 0x3a
 2882 0124 0B       		.uleb128 0xb
 2883 0125 3B       		.uleb128 0x3b
 2884 0126 05       		.uleb128 0x5
 2885 0127 39       		.uleb128 0x39
ARM GAS  /tmp/cckfSVYB.s 			page 63


 2886 0128 0B       		.uleb128 0xb
 2887 0129 01       		.uleb128 0x1
 2888 012a 13       		.uleb128 0x13
 2889 012b 00       		.byte	0
 2890 012c 00       		.byte	0
 2891 012d 18       		.uleb128 0x18
 2892 012e 13       		.uleb128 0x13
 2893 012f 01       		.byte	0x1
 2894 0130 0B       		.uleb128 0xb
 2895 0131 0B       		.uleb128 0xb
 2896 0132 3A       		.uleb128 0x3a
 2897 0133 0B       		.uleb128 0xb
 2898 0134 3B       		.uleb128 0x3b
 2899 0135 05       		.uleb128 0x5
 2900 0136 39       		.uleb128 0x39
 2901 0137 0B       		.uleb128 0xb
 2902 0138 01       		.uleb128 0x1
 2903 0139 13       		.uleb128 0x13
 2904 013a 00       		.byte	0
 2905 013b 00       		.byte	0
 2906 013c 19       		.uleb128 0x19
 2907 013d 17       		.uleb128 0x17
 2908 013e 01       		.byte	0x1
 2909 013f 0B       		.uleb128 0xb
 2910 0140 0B       		.uleb128 0xb
 2911 0141 3A       		.uleb128 0x3a
 2912 0142 0B       		.uleb128 0xb
 2913 0143 3B       		.uleb128 0x3b
 2914 0144 05       		.uleb128 0x5
 2915 0145 39       		.uleb128 0x39
 2916 0146 0B       		.uleb128 0xb
 2917 0147 01       		.uleb128 0x1
 2918 0148 13       		.uleb128 0x13
 2919 0149 00       		.byte	0
 2920 014a 00       		.byte	0
 2921 014b 1A       		.uleb128 0x1a
 2922 014c 0D       		.uleb128 0xd
 2923 014d 00       		.byte	0
 2924 014e 03       		.uleb128 0x3
 2925 014f 0E       		.uleb128 0xe
 2926 0150 3A       		.uleb128 0x3a
 2927 0151 0B       		.uleb128 0xb
 2928 0152 3B       		.uleb128 0x3b
 2929 0153 05       		.uleb128 0x5
 2930 0154 39       		.uleb128 0x39
 2931 0155 0B       		.uleb128 0xb
 2932 0156 49       		.uleb128 0x49
 2933 0157 13       		.uleb128 0x13
 2934 0158 00       		.byte	0
 2935 0159 00       		.byte	0
 2936 015a 1B       		.uleb128 0x1b
 2937 015b 13       		.uleb128 0x13
 2938 015c 00       		.byte	0
 2939 015d 03       		.uleb128 0x3
 2940 015e 0E       		.uleb128 0xe
 2941 015f 3C       		.uleb128 0x3c
 2942 0160 0C       		.uleb128 0xc
ARM GAS  /tmp/cckfSVYB.s 			page 64


 2943 0161 00       		.byte	0
 2944 0162 00       		.byte	0
 2945 0163 1C       		.uleb128 0x1c
 2946 0164 15       		.uleb128 0x15
 2947 0165 01       		.byte	0x1
 2948 0166 27       		.uleb128 0x27
 2949 0167 0C       		.uleb128 0xc
 2950 0168 01       		.uleb128 0x1
 2951 0169 13       		.uleb128 0x13
 2952 016a 00       		.byte	0
 2953 016b 00       		.byte	0
 2954 016c 1D       		.uleb128 0x1d
 2955 016d 34       		.uleb128 0x34
 2956 016e 00       		.byte	0
 2957 016f 03       		.uleb128 0x3
 2958 0170 0E       		.uleb128 0xe
 2959 0171 3A       		.uleb128 0x3a
 2960 0172 0B       		.uleb128 0xb
 2961 0173 3B       		.uleb128 0x3b
 2962 0174 05       		.uleb128 0x5
 2963 0175 39       		.uleb128 0x39
 2964 0176 0B       		.uleb128 0xb
 2965 0177 49       		.uleb128 0x49
 2966 0178 13       		.uleb128 0x13
 2967 0179 3F       		.uleb128 0x3f
 2968 017a 0C       		.uleb128 0xc
 2969 017b 3C       		.uleb128 0x3c
 2970 017c 0C       		.uleb128 0xc
 2971 017d 00       		.byte	0
 2972 017e 00       		.byte	0
 2973 017f 1E       		.uleb128 0x1e
 2974 0180 34       		.uleb128 0x34
 2975 0181 00       		.byte	0
 2976 0182 03       		.uleb128 0x3
 2977 0183 0E       		.uleb128 0xe
 2978 0184 3A       		.uleb128 0x3a
 2979 0185 0B       		.uleb128 0xb
 2980 0186 3B       		.uleb128 0x3b
 2981 0187 0B       		.uleb128 0xb
 2982 0188 39       		.uleb128 0x39
 2983 0189 0B       		.uleb128 0xb
 2984 018a 49       		.uleb128 0x49
 2985 018b 13       		.uleb128 0x13
 2986 018c 3F       		.uleb128 0x3f
 2987 018d 0C       		.uleb128 0xc
 2988 018e 3C       		.uleb128 0x3c
 2989 018f 0C       		.uleb128 0xc
 2990 0190 00       		.byte	0
 2991 0191 00       		.byte	0
 2992 0192 1F       		.uleb128 0x1f
 2993 0193 21       		.uleb128 0x21
 2994 0194 00       		.byte	0
 2995 0195 49       		.uleb128 0x49
 2996 0196 13       		.uleb128 0x13
 2997 0197 2F       		.uleb128 0x2f
 2998 0198 05       		.uleb128 0x5
 2999 0199 00       		.byte	0
ARM GAS  /tmp/cckfSVYB.s 			page 65


 3000 019a 00       		.byte	0
 3001 019b 20       		.uleb128 0x20
 3002 019c 34       		.uleb128 0x34
 3003 019d 00       		.byte	0
 3004 019e 03       		.uleb128 0x3
 3005 019f 0E       		.uleb128 0xe
 3006 01a0 3A       		.uleb128 0x3a
 3007 01a1 0B       		.uleb128 0xb
 3008 01a2 3B       		.uleb128 0x3b
 3009 01a3 0B       		.uleb128 0xb
 3010 01a4 39       		.uleb128 0x39
 3011 01a5 0B       		.uleb128 0xb
 3012 01a6 49       		.uleb128 0x49
 3013 01a7 13       		.uleb128 0x13
 3014 01a8 02       		.uleb128 0x2
 3015 01a9 0A       		.uleb128 0xa
 3016 01aa 00       		.byte	0
 3017 01ab 00       		.byte	0
 3018 01ac 21       		.uleb128 0x21
 3019 01ad 34       		.uleb128 0x34
 3020 01ae 00       		.byte	0
 3021 01af 03       		.uleb128 0x3
 3022 01b0 0E       		.uleb128 0xe
 3023 01b1 3A       		.uleb128 0x3a
 3024 01b2 0B       		.uleb128 0xb
 3025 01b3 3B       		.uleb128 0x3b
 3026 01b4 0B       		.uleb128 0xb
 3027 01b5 39       		.uleb128 0x39
 3028 01b6 0B       		.uleb128 0xb
 3029 01b7 49       		.uleb128 0x49
 3030 01b8 13       		.uleb128 0x13
 3031 01b9 1C       		.uleb128 0x1c
 3032 01ba 0B       		.uleb128 0xb
 3033 01bb 00       		.byte	0
 3034 01bc 00       		.byte	0
 3035 01bd 22       		.uleb128 0x22
 3036 01be 2E       		.uleb128 0x2e
 3037 01bf 01       		.byte	0x1
 3038 01c0 03       		.uleb128 0x3
 3039 01c1 0E       		.uleb128 0xe
 3040 01c2 3A       		.uleb128 0x3a
 3041 01c3 0B       		.uleb128 0xb
 3042 01c4 3B       		.uleb128 0x3b
 3043 01c5 05       		.uleb128 0x5
 3044 01c6 39       		.uleb128 0x39
 3045 01c7 0B       		.uleb128 0xb
 3046 01c8 27       		.uleb128 0x27
 3047 01c9 0C       		.uleb128 0xc
 3048 01ca 11       		.uleb128 0x11
 3049 01cb 01       		.uleb128 0x1
 3050 01cc 12       		.uleb128 0x12
 3051 01cd 01       		.uleb128 0x1
 3052 01ce 40       		.uleb128 0x40
 3053 01cf 06       		.uleb128 0x6
 3054 01d0 9742     		.uleb128 0x2117
 3055 01d2 0C       		.uleb128 0xc
 3056 01d3 01       		.uleb128 0x1
ARM GAS  /tmp/cckfSVYB.s 			page 66


 3057 01d4 13       		.uleb128 0x13
 3058 01d5 00       		.byte	0
 3059 01d6 00       		.byte	0
 3060 01d7 23       		.uleb128 0x23
 3061 01d8 05       		.uleb128 0x5
 3062 01d9 00       		.byte	0
 3063 01da 03       		.uleb128 0x3
 3064 01db 0E       		.uleb128 0xe
 3065 01dc 3A       		.uleb128 0x3a
 3066 01dd 0B       		.uleb128 0xb
 3067 01de 3B       		.uleb128 0x3b
 3068 01df 05       		.uleb128 0x5
 3069 01e0 39       		.uleb128 0x39
 3070 01e1 0B       		.uleb128 0xb
 3071 01e2 49       		.uleb128 0x49
 3072 01e3 13       		.uleb128 0x13
 3073 01e4 02       		.uleb128 0x2
 3074 01e5 06       		.uleb128 0x6
 3075 01e6 B742     		.uleb128 0x2137
 3076 01e8 06       		.uleb128 0x6
 3077 01e9 00       		.byte	0
 3078 01ea 00       		.byte	0
 3079 01eb 24       		.uleb128 0x24
 3080 01ec 34       		.uleb128 0x34
 3081 01ed 00       		.byte	0
 3082 01ee 03       		.uleb128 0x3
 3083 01ef 0E       		.uleb128 0xe
 3084 01f0 3A       		.uleb128 0x3a
 3085 01f1 0B       		.uleb128 0xb
 3086 01f2 3B       		.uleb128 0x3b
 3087 01f3 05       		.uleb128 0x5
 3088 01f4 39       		.uleb128 0x39
 3089 01f5 0B       		.uleb128 0xb
 3090 01f6 49       		.uleb128 0x49
 3091 01f7 13       		.uleb128 0x13
 3092 01f8 02       		.uleb128 0x2
 3093 01f9 06       		.uleb128 0x6
 3094 01fa B742     		.uleb128 0x2137
 3095 01fc 06       		.uleb128 0x6
 3096 01fd 00       		.byte	0
 3097 01fe 00       		.byte	0
 3098 01ff 25       		.uleb128 0x25
 3099 0200 34       		.uleb128 0x34
 3100 0201 00       		.byte	0
 3101 0202 03       		.uleb128 0x3
 3102 0203 08       		.uleb128 0x8
 3103 0204 3A       		.uleb128 0x3a
 3104 0205 0B       		.uleb128 0xb
 3105 0206 3B       		.uleb128 0x3b
 3106 0207 05       		.uleb128 0x5
 3107 0208 39       		.uleb128 0x39
 3108 0209 0B       		.uleb128 0xb
 3109 020a 49       		.uleb128 0x49
 3110 020b 13       		.uleb128 0x13
 3111 020c 02       		.uleb128 0x2
 3112 020d 06       		.uleb128 0x6
 3113 020e B742     		.uleb128 0x2137
ARM GAS  /tmp/cckfSVYB.s 			page 67


 3114 0210 06       		.uleb128 0x6
 3115 0211 00       		.byte	0
 3116 0212 00       		.byte	0
 3117 0213 26       		.uleb128 0x26
 3118 0214 2E       		.uleb128 0x2e
 3119 0215 01       		.byte	0x1
 3120 0216 03       		.uleb128 0x3
 3121 0217 0E       		.uleb128 0xe
 3122 0218 3A       		.uleb128 0x3a
 3123 0219 0B       		.uleb128 0xb
 3124 021a 3B       		.uleb128 0x3b
 3125 021b 05       		.uleb128 0x5
 3126 021c 39       		.uleb128 0x39
 3127 021d 0B       		.uleb128 0xb
 3128 021e 27       		.uleb128 0x27
 3129 021f 0C       		.uleb128 0xc
 3130 0220 20       		.uleb128 0x20
 3131 0221 0B       		.uleb128 0xb
 3132 0222 01       		.uleb128 0x1
 3133 0223 13       		.uleb128 0x13
 3134 0224 00       		.byte	0
 3135 0225 00       		.byte	0
 3136 0226 27       		.uleb128 0x27
 3137 0227 34       		.uleb128 0x34
 3138 0228 00       		.byte	0
 3139 0229 03       		.uleb128 0x3
 3140 022a 0E       		.uleb128 0xe
 3141 022b 3A       		.uleb128 0x3a
 3142 022c 0B       		.uleb128 0xb
 3143 022d 3B       		.uleb128 0x3b
 3144 022e 05       		.uleb128 0x5
 3145 022f 39       		.uleb128 0x39
 3146 0230 0B       		.uleb128 0xb
 3147 0231 49       		.uleb128 0x49
 3148 0232 13       		.uleb128 0x13
 3149 0233 00       		.byte	0
 3150 0234 00       		.byte	0
 3151 0235 28       		.uleb128 0x28
 3152 0236 2E       		.uleb128 0x2e
 3153 0237 00       		.byte	0
 3154 0238 3F       		.uleb128 0x3f
 3155 0239 0C       		.uleb128 0xc
 3156 023a 03       		.uleb128 0x3
 3157 023b 0E       		.uleb128 0xe
 3158 023c 3A       		.uleb128 0x3a
 3159 023d 0B       		.uleb128 0xb
 3160 023e 3B       		.uleb128 0x3b
 3161 023f 05       		.uleb128 0x5
 3162 0240 39       		.uleb128 0x39
 3163 0241 0B       		.uleb128 0xb
 3164 0242 27       		.uleb128 0x27
 3165 0243 0C       		.uleb128 0xc
 3166 0244 11       		.uleb128 0x11
 3167 0245 01       		.uleb128 0x1
 3168 0246 12       		.uleb128 0x12
 3169 0247 01       		.uleb128 0x1
 3170 0248 40       		.uleb128 0x40
ARM GAS  /tmp/cckfSVYB.s 			page 68


 3171 0249 0A       		.uleb128 0xa
 3172 024a 9742     		.uleb128 0x2117
 3173 024c 0C       		.uleb128 0xc
 3174 024d 00       		.byte	0
 3175 024e 00       		.byte	0
 3176 024f 29       		.uleb128 0x29
 3177 0250 2E       		.uleb128 0x2e
 3178 0251 00       		.byte	0
 3179 0252 3F       		.uleb128 0x3f
 3180 0253 0C       		.uleb128 0xc
 3181 0254 03       		.uleb128 0x3
 3182 0255 0E       		.uleb128 0xe
 3183 0256 3A       		.uleb128 0x3a
 3184 0257 0B       		.uleb128 0xb
 3185 0258 3B       		.uleb128 0x3b
 3186 0259 05       		.uleb128 0x5
 3187 025a 39       		.uleb128 0x39
 3188 025b 0B       		.uleb128 0xb
 3189 025c 27       		.uleb128 0x27
 3190 025d 0C       		.uleb128 0xc
 3191 025e 49       		.uleb128 0x49
 3192 025f 13       		.uleb128 0x13
 3193 0260 11       		.uleb128 0x11
 3194 0261 01       		.uleb128 0x1
 3195 0262 12       		.uleb128 0x12
 3196 0263 01       		.uleb128 0x1
 3197 0264 40       		.uleb128 0x40
 3198 0265 0A       		.uleb128 0xa
 3199 0266 9742     		.uleb128 0x2117
 3200 0268 0C       		.uleb128 0xc
 3201 0269 00       		.byte	0
 3202 026a 00       		.byte	0
 3203 026b 2A       		.uleb128 0x2a
 3204 026c 2E       		.uleb128 0x2e
 3205 026d 01       		.byte	0x1
 3206 026e 3F       		.uleb128 0x3f
 3207 026f 0C       		.uleb128 0xc
 3208 0270 03       		.uleb128 0x3
 3209 0271 0E       		.uleb128 0xe
 3210 0272 3A       		.uleb128 0x3a
 3211 0273 0B       		.uleb128 0xb
 3212 0274 3B       		.uleb128 0x3b
 3213 0275 05       		.uleb128 0x5
 3214 0276 39       		.uleb128 0x39
 3215 0277 0B       		.uleb128 0xb
 3216 0278 27       		.uleb128 0x27
 3217 0279 0C       		.uleb128 0xc
 3218 027a 11       		.uleb128 0x11
 3219 027b 01       		.uleb128 0x1
 3220 027c 12       		.uleb128 0x12
 3221 027d 01       		.uleb128 0x1
 3222 027e 40       		.uleb128 0x40
 3223 027f 06       		.uleb128 0x6
 3224 0280 9742     		.uleb128 0x2117
 3225 0282 0C       		.uleb128 0xc
 3226 0283 01       		.uleb128 0x1
 3227 0284 13       		.uleb128 0x13
ARM GAS  /tmp/cckfSVYB.s 			page 69


 3228 0285 00       		.byte	0
 3229 0286 00       		.byte	0
 3230 0287 2B       		.uleb128 0x2b
 3231 0288 05       		.uleb128 0x5
 3232 0289 00       		.byte	0
 3233 028a 03       		.uleb128 0x3
 3234 028b 08       		.uleb128 0x8
 3235 028c 3A       		.uleb128 0x3a
 3236 028d 0B       		.uleb128 0xb
 3237 028e 3B       		.uleb128 0x3b
 3238 028f 05       		.uleb128 0x5
 3239 0290 39       		.uleb128 0x39
 3240 0291 0B       		.uleb128 0xb
 3241 0292 49       		.uleb128 0x49
 3242 0293 13       		.uleb128 0x13
 3243 0294 02       		.uleb128 0x2
 3244 0295 06       		.uleb128 0x6
 3245 0296 B742     		.uleb128 0x2137
 3246 0298 06       		.uleb128 0x6
 3247 0299 00       		.byte	0
 3248 029a 00       		.byte	0
 3249 029b 2C       		.uleb128 0x2c
 3250 029c 898201   		.uleb128 0x4109
 3251 029f 00       		.byte	0
 3252 02a0 11       		.uleb128 0x11
 3253 02a1 01       		.uleb128 0x1
 3254 02a2 31       		.uleb128 0x31
 3255 02a3 13       		.uleb128 0x13
 3256 02a4 00       		.byte	0
 3257 02a5 00       		.byte	0
 3258 02a6 2D       		.uleb128 0x2d
 3259 02a7 898201   		.uleb128 0x4109
 3260 02aa 01       		.byte	0x1
 3261 02ab 11       		.uleb128 0x11
 3262 02ac 01       		.uleb128 0x1
 3263 02ad 31       		.uleb128 0x31
 3264 02ae 13       		.uleb128 0x13
 3265 02af 01       		.uleb128 0x1
 3266 02b0 13       		.uleb128 0x13
 3267 02b1 00       		.byte	0
 3268 02b2 00       		.byte	0
 3269 02b3 2E       		.uleb128 0x2e
 3270 02b4 8A8201   		.uleb128 0x410a
 3271 02b7 00       		.byte	0
 3272 02b8 02       		.uleb128 0x2
 3273 02b9 0A       		.uleb128 0xa
 3274 02ba 9142     		.uleb128 0x2111
 3275 02bc 0A       		.uleb128 0xa
 3276 02bd 00       		.byte	0
 3277 02be 00       		.byte	0
 3278 02bf 2F       		.uleb128 0x2f
 3279 02c0 898201   		.uleb128 0x4109
 3280 02c3 00       		.byte	0
 3281 02c4 11       		.uleb128 0x11
 3282 02c5 01       		.uleb128 0x1
 3283 02c6 9542     		.uleb128 0x2115
 3284 02c8 0C       		.uleb128 0xc
ARM GAS  /tmp/cckfSVYB.s 			page 70


 3285 02c9 31       		.uleb128 0x31
 3286 02ca 13       		.uleb128 0x13
 3287 02cb 00       		.byte	0
 3288 02cc 00       		.byte	0
 3289 02cd 30       		.uleb128 0x30
 3290 02ce 2E       		.uleb128 0x2e
 3291 02cf 01       		.byte	0x1
 3292 02d0 3F       		.uleb128 0x3f
 3293 02d1 0C       		.uleb128 0xc
 3294 02d2 03       		.uleb128 0x3
 3295 02d3 0E       		.uleb128 0xe
 3296 02d4 3A       		.uleb128 0x3a
 3297 02d5 0B       		.uleb128 0xb
 3298 02d6 3B       		.uleb128 0x3b
 3299 02d7 0B       		.uleb128 0xb
 3300 02d8 39       		.uleb128 0x39
 3301 02d9 0B       		.uleb128 0xb
 3302 02da 27       		.uleb128 0x27
 3303 02db 0C       		.uleb128 0xc
 3304 02dc 49       		.uleb128 0x49
 3305 02dd 13       		.uleb128 0x13
 3306 02de 11       		.uleb128 0x11
 3307 02df 01       		.uleb128 0x1
 3308 02e0 12       		.uleb128 0x12
 3309 02e1 01       		.uleb128 0x1
 3310 02e2 40       		.uleb128 0x40
 3311 02e3 06       		.uleb128 0x6
 3312 02e4 9742     		.uleb128 0x2117
 3313 02e6 0C       		.uleb128 0xc
 3314 02e7 01       		.uleb128 0x1
 3315 02e8 13       		.uleb128 0x13
 3316 02e9 00       		.byte	0
 3317 02ea 00       		.byte	0
 3318 02eb 31       		.uleb128 0x31
 3319 02ec 05       		.uleb128 0x5
 3320 02ed 00       		.byte	0
 3321 02ee 03       		.uleb128 0x3
 3322 02ef 0E       		.uleb128 0xe
 3323 02f0 3A       		.uleb128 0x3a
 3324 02f1 0B       		.uleb128 0xb
 3325 02f2 3B       		.uleb128 0x3b
 3326 02f3 0B       		.uleb128 0xb
 3327 02f4 39       		.uleb128 0x39
 3328 02f5 0B       		.uleb128 0xb
 3329 02f6 49       		.uleb128 0x49
 3330 02f7 13       		.uleb128 0x13
 3331 02f8 02       		.uleb128 0x2
 3332 02f9 06       		.uleb128 0x6
 3333 02fa B742     		.uleb128 0x2137
 3334 02fc 06       		.uleb128 0x6
 3335 02fd 00       		.byte	0
 3336 02fe 00       		.byte	0
 3337 02ff 32       		.uleb128 0x32
 3338 0300 34       		.uleb128 0x34
 3339 0301 00       		.byte	0
 3340 0302 03       		.uleb128 0x3
 3341 0303 0E       		.uleb128 0xe
ARM GAS  /tmp/cckfSVYB.s 			page 71


 3342 0304 3A       		.uleb128 0x3a
 3343 0305 0B       		.uleb128 0xb
 3344 0306 3B       		.uleb128 0x3b
 3345 0307 0B       		.uleb128 0xb
 3346 0308 39       		.uleb128 0x39
 3347 0309 0B       		.uleb128 0xb
 3348 030a 49       		.uleb128 0x49
 3349 030b 13       		.uleb128 0x13
 3350 030c 02       		.uleb128 0x2
 3351 030d 06       		.uleb128 0x6
 3352 030e B742     		.uleb128 0x2137
 3353 0310 06       		.uleb128 0x6
 3354 0311 00       		.byte	0
 3355 0312 00       		.byte	0
 3356 0313 33       		.uleb128 0x33
 3357 0314 1D       		.uleb128 0x1d
 3358 0315 01       		.byte	0x1
 3359 0316 31       		.uleb128 0x31
 3360 0317 13       		.uleb128 0x13
 3361 0318 52       		.uleb128 0x52
 3362 0319 01       		.uleb128 0x1
 3363 031a B842     		.uleb128 0x2138
 3364 031c 0B       		.uleb128 0xb
 3365 031d 11       		.uleb128 0x11
 3366 031e 01       		.uleb128 0x1
 3367 031f 12       		.uleb128 0x12
 3368 0320 01       		.uleb128 0x1
 3369 0321 58       		.uleb128 0x58
 3370 0322 0B       		.uleb128 0xb
 3371 0323 59       		.uleb128 0x59
 3372 0324 0B       		.uleb128 0xb
 3373 0325 57       		.uleb128 0x57
 3374 0326 0B       		.uleb128 0xb
 3375 0327 01       		.uleb128 0x1
 3376 0328 13       		.uleb128 0x13
 3377 0329 00       		.byte	0
 3378 032a 00       		.byte	0
 3379 032b 34       		.uleb128 0x34
 3380 032c 34       		.uleb128 0x34
 3381 032d 00       		.byte	0
 3382 032e 31       		.uleb128 0x31
 3383 032f 13       		.uleb128 0x13
 3384 0330 00       		.byte	0
 3385 0331 00       		.byte	0
 3386 0332 35       		.uleb128 0x35
 3387 0333 34       		.uleb128 0x34
 3388 0334 00       		.byte	0
 3389 0335 31       		.uleb128 0x31
 3390 0336 13       		.uleb128 0x13
 3391 0337 02       		.uleb128 0x2
 3392 0338 06       		.uleb128 0x6
 3393 0339 B742     		.uleb128 0x2137
 3394 033b 06       		.uleb128 0x6
 3395 033c 00       		.byte	0
 3396 033d 00       		.byte	0
 3397 033e 36       		.uleb128 0x36
 3398 033f 2E       		.uleb128 0x2e
ARM GAS  /tmp/cckfSVYB.s 			page 72


 3399 0340 00       		.byte	0
 3400 0341 3F       		.uleb128 0x3f
 3401 0342 0C       		.uleb128 0xc
 3402 0343 3C       		.uleb128 0x3c
 3403 0344 0C       		.uleb128 0xc
 3404 0345 8740     		.uleb128 0x2007
 3405 0347 0E       		.uleb128 0xe
 3406 0348 03       		.uleb128 0x3
 3407 0349 0E       		.uleb128 0xe
 3408 034a 3A       		.uleb128 0x3a
 3409 034b 0B       		.uleb128 0xb
 3410 034c 3B       		.uleb128 0x3b
 3411 034d 05       		.uleb128 0x5
 3412 034e 39       		.uleb128 0x39
 3413 034f 0B       		.uleb128 0xb
 3414 0350 00       		.byte	0
 3415 0351 00       		.byte	0
 3416 0352 00       		.byte	0
 3417              		.section	.debug_loc,"",%progbits
 3418              	.Ldebug_loc0:
 3419              	.LLST0:
 3420 0000 00000000 		.4byte	.LFB11-.Ltext0
 3421 0004 04000000 		.4byte	.LCFI0-.Ltext0
 3422 0008 0200     		.2byte	0x2
 3423 000a 7D       		.byte	0x7d
 3424 000b 00       		.sleb128 0
 3425 000c 04000000 		.4byte	.LCFI0-.Ltext0
 3426 0010 44000000 		.4byte	.LFE11-.Ltext0
 3427 0014 0200     		.2byte	0x2
 3428 0016 7D       		.byte	0x7d
 3429 0017 0C       		.sleb128 12
 3430 0018 00000000 		.4byte	0
 3431 001c 00000000 		.4byte	0
 3432              	.LVUS1:
 3433 0020 00       		.uleb128 0
 3434 0021 00       		.uleb128 .LVU16
 3435 0022 00       		.uleb128 .LVU16
 3436 0023 01       		.uleb128 .LVU18
 3437 0024 01       		.uleb128 .LVU18
 3438 0025 00       		.uleb128 0
 3439              	.LLST1:
 3440 0026 00000000 		.4byte	.LVL0-.Ltext0
 3441 002a 1A000000 		.4byte	.LVL4-.Ltext0
 3442 002e 0100     		.2byte	0x1
 3443 0030 50       		.byte	0x50
 3444 0031 1A000000 		.4byte	.LVL4-.Ltext0
 3445 0035 1E000000 		.4byte	.LVL5-.Ltext0
 3446 0039 0400     		.2byte	0x4
 3447 003b F3       		.byte	0xf3
 3448 003c 01       		.uleb128 0x1
 3449 003d 50       		.byte	0x50
 3450 003e 9F       		.byte	0x9f
 3451 003f 1E000000 		.4byte	.LVL5-.Ltext0
 3452 0043 44000000 		.4byte	.LFE11-.Ltext0
 3453 0047 0100     		.2byte	0x1
 3454 0049 50       		.byte	0x50
 3455 004a 00000000 		.4byte	0
ARM GAS  /tmp/cckfSVYB.s 			page 73


 3456 004e 00000000 		.4byte	0
 3457              	.LVUS2:
 3458 0052 04       		.uleb128 .LVU4
 3459 0053 00       		.uleb128 .LVU6
 3460 0054 00       		.uleb128 .LVU6
 3461 0055 00       		.uleb128 .LVU8
 3462 0056 00       		.uleb128 .LVU8
 3463 0057 00       		.uleb128 0
 3464              	.LLST2:
 3465 0058 00000000 		.4byte	.LVL0-.Ltext0
 3466 005c 06000000 		.4byte	.LVL1-.Ltext0
 3467 0060 0600     		.2byte	0x6
 3468 0062 03       		.byte	0x3
 3469 0063 00000000 		.4byte	xStart
 3470 0067 9F       		.byte	0x9f
 3471 0068 06000000 		.4byte	.LVL1-.Ltext0
 3472 006c 0A000000 		.4byte	.LVL2-.Ltext0
 3473 0070 0100     		.2byte	0x1
 3474 0072 53       		.byte	0x53
 3475 0073 0A000000 		.4byte	.LVL2-.Ltext0
 3476 0077 44000000 		.4byte	.LFE11-.Ltext0
 3477 007b 0100     		.2byte	0x1
 3478 007d 52       		.byte	0x52
 3479 007e 00000000 		.4byte	0
 3480 0082 00000000 		.4byte	0
 3481              	.LVUS3:
 3482 0086 01       		.uleb128 .LVU10
 3483 0087 03       		.uleb128 .LVU20
 3484 0088 03       		.uleb128 .LVU20
 3485 0089 00       		.uleb128 0
 3486              	.LLST3:
 3487 008a 0E000000 		.4byte	.LVL3-.Ltext0
 3488 008e 1E000000 		.4byte	.LVL5-.Ltext0
 3489 0092 0100     		.2byte	0x1
 3490 0094 52       		.byte	0x52
 3491 0095 1E000000 		.4byte	.LVL5-.Ltext0
 3492 0099 44000000 		.4byte	.LFE11-.Ltext0
 3493 009d 0100     		.2byte	0x1
 3494 009f 50       		.byte	0x50
 3495 00a0 00000000 		.4byte	0
 3496 00a4 00000000 		.4byte	0
 3497              	.LLST13:
 3498 00a8 10010000 		.4byte	.LFB6-.Ltext0
 3499 00ac 12010000 		.4byte	.LCFI2-.Ltext0
 3500 00b0 0200     		.2byte	0x2
 3501 00b2 7D       		.byte	0x7d
 3502 00b3 00       		.sleb128 0
 3503 00b4 12010000 		.4byte	.LCFI2-.Ltext0
 3504 00b8 4A010000 		.4byte	.LCFI3-.Ltext0
 3505 00bc 0200     		.2byte	0x2
 3506 00be 7D       		.byte	0x7d
 3507 00bf 10       		.sleb128 16
 3508 00c0 4A010000 		.4byte	.LCFI3-.Ltext0
 3509 00c4 4E010000 		.4byte	.LCFI4-.Ltext0
 3510 00c8 0200     		.2byte	0x2
 3511 00ca 7D       		.byte	0x7d
 3512 00cb 00       		.sleb128 0
ARM GAS  /tmp/cckfSVYB.s 			page 74


 3513 00cc 4E010000 		.4byte	.LCFI4-.Ltext0
 3514 00d0 54010000 		.4byte	.LFE6-.Ltext0
 3515 00d4 0200     		.2byte	0x2
 3516 00d6 7D       		.byte	0x7d
 3517 00d7 10       		.sleb128 16
 3518 00d8 00000000 		.4byte	0
 3519 00dc 00000000 		.4byte	0
 3520              	.LVUS14:
 3521 00e0 00       		.uleb128 0
 3522 00e1 00       		.uleb128 .LVU186
 3523 00e2 00       		.uleb128 .LVU186
 3524 00e3 00       		.uleb128 .LVU194
 3525 00e4 00       		.uleb128 .LVU194
 3526 00e5 00       		.uleb128 .LVU195
 3527 00e6 00       		.uleb128 .LVU195
 3528 00e7 00       		.uleb128 0
 3529              	.LLST14:
 3530 00e8 10010000 		.4byte	.LVL29-.Ltext0
 3531 00ec 33010000 		.4byte	.LVL31-1-.Ltext0
 3532 00f0 0100     		.2byte	0x1
 3533 00f2 50       		.byte	0x50
 3534 00f3 33010000 		.4byte	.LVL31-1-.Ltext0
 3535 00f7 4A010000 		.4byte	.LVL34-.Ltext0
 3536 00fb 0100     		.2byte	0x1
 3537 00fd 54       		.byte	0x54
 3538 00fe 4A010000 		.4byte	.LVL34-.Ltext0
 3539 0102 4E010000 		.4byte	.LVL35-.Ltext0
 3540 0106 0400     		.2byte	0x4
 3541 0108 F3       		.byte	0xf3
 3542 0109 01       		.uleb128 0x1
 3543 010a 50       		.byte	0x50
 3544 010b 9F       		.byte	0x9f
 3545 010c 4E010000 		.4byte	.LVL35-.Ltext0
 3546 0110 54010000 		.4byte	.LFE6-.Ltext0
 3547 0114 0100     		.2byte	0x1
 3548 0116 50       		.byte	0x50
 3549 0117 00000000 		.4byte	0
 3550 011b 00000000 		.4byte	0
 3551              	.LVUS15:
 3552 011f 02       		.uleb128 .LVU168
 3553 0120 01       		.uleb128 .LVU173
 3554 0121 01       		.uleb128 .LVU173
 3555 0122 00       		.uleb128 .LVU186
 3556 0123 00       		.uleb128 .LVU186
 3557 0124 00       		.uleb128 .LVU189
 3558 0125 00       		.uleb128 .LVU189
 3559 0126 00       		.uleb128 .LVU192
 3560 0127 00       		.uleb128 .LVU192
 3561 0128 00       		.uleb128 .LVU194
 3562 0129 00       		.uleb128 .LVU194
 3563 012a 00       		.uleb128 .LVU195
 3564              	.LLST15:
 3565 012b 10010000 		.4byte	.LVL29-.Ltext0
 3566 012f 16010000 		.4byte	.LVL30-.Ltext0
 3567 0133 0100     		.2byte	0x1
 3568 0135 50       		.byte	0x50
 3569 0136 16010000 		.4byte	.LVL30-.Ltext0
ARM GAS  /tmp/cckfSVYB.s 			page 75


 3570 013a 33010000 		.4byte	.LVL31-1-.Ltext0
 3571 013e 0300     		.2byte	0x3
 3572 0140 70       		.byte	0x70
 3573 0141 78       		.sleb128 -8
 3574 0142 9F       		.byte	0x9f
 3575 0143 33010000 		.4byte	.LVL31-1-.Ltext0
 3576 0147 3E010000 		.4byte	.LVL32-.Ltext0
 3577 014b 0300     		.2byte	0x3
 3578 014d 74       		.byte	0x74
 3579 014e 78       		.sleb128 -8
 3580 014f 9F       		.byte	0x9f
 3581 0150 3E010000 		.4byte	.LVL32-.Ltext0
 3582 0154 45010000 		.4byte	.LVL33-1-.Ltext0
 3583 0158 0100     		.2byte	0x1
 3584 015a 50       		.byte	0x50
 3585 015b 45010000 		.4byte	.LVL33-1-.Ltext0
 3586 015f 4A010000 		.4byte	.LVL34-.Ltext0
 3587 0163 0300     		.2byte	0x3
 3588 0165 74       		.byte	0x74
 3589 0166 78       		.sleb128 -8
 3590 0167 9F       		.byte	0x9f
 3591 0168 4A010000 		.4byte	.LVL34-.Ltext0
 3592 016c 4E010000 		.4byte	.LVL35-.Ltext0
 3593 0170 0600     		.2byte	0x6
 3594 0172 F3       		.byte	0xf3
 3595 0173 01       		.uleb128 0x1
 3596 0174 50       		.byte	0x50
 3597 0175 38       		.byte	0x38
 3598 0176 1C       		.byte	0x1c
 3599 0177 9F       		.byte	0x9f
 3600 0178 00000000 		.4byte	0
 3601 017c 00000000 		.4byte	0
 3602              	.LVUS16:
 3603 0180 02       		.uleb128 .LVU174
 3604 0181 00       		.uleb128 .LVU186
 3605 0182 00       		.uleb128 .LVU186
 3606 0183 00       		.uleb128 .LVU189
 3607 0184 00       		.uleb128 .LVU189
 3608 0185 00       		.uleb128 .LVU192
 3609 0186 00       		.uleb128 .LVU192
 3610 0187 00       		.uleb128 .LVU194
 3611 0188 00       		.uleb128 .LVU194
 3612 0189 00       		.uleb128 .LVU195
 3613              	.LLST16:
 3614 018a 16010000 		.4byte	.LVL30-.Ltext0
 3615 018e 33010000 		.4byte	.LVL31-1-.Ltext0
 3616 0192 0300     		.2byte	0x3
 3617 0194 70       		.byte	0x70
 3618 0195 78       		.sleb128 -8
 3619 0196 9F       		.byte	0x9f
 3620 0197 33010000 		.4byte	.LVL31-1-.Ltext0
 3621 019b 3E010000 		.4byte	.LVL32-.Ltext0
 3622 019f 0300     		.2byte	0x3
 3623 01a1 74       		.byte	0x74
 3624 01a2 78       		.sleb128 -8
 3625 01a3 9F       		.byte	0x9f
 3626 01a4 3E010000 		.4byte	.LVL32-.Ltext0
ARM GAS  /tmp/cckfSVYB.s 			page 76


 3627 01a8 45010000 		.4byte	.LVL33-1-.Ltext0
 3628 01ac 0100     		.2byte	0x1
 3629 01ae 50       		.byte	0x50
 3630 01af 45010000 		.4byte	.LVL33-1-.Ltext0
 3631 01b3 4A010000 		.4byte	.LVL34-.Ltext0
 3632 01b7 0300     		.2byte	0x3
 3633 01b9 74       		.byte	0x74
 3634 01ba 78       		.sleb128 -8
 3635 01bb 9F       		.byte	0x9f
 3636 01bc 4A010000 		.4byte	.LVL34-.Ltext0
 3637 01c0 4E010000 		.4byte	.LVL35-.Ltext0
 3638 01c4 0600     		.2byte	0x6
 3639 01c6 F3       		.byte	0xf3
 3640 01c7 01       		.uleb128 0x1
 3641 01c8 50       		.byte	0x50
 3642 01c9 38       		.byte	0x38
 3643 01ca 1C       		.byte	0x1c
 3644 01cb 9F       		.byte	0x9f
 3645 01cc 00000000 		.4byte	0
 3646 01d0 00000000 		.4byte	0
 3647              	.LLST4:
 3648 01d4 44000000 		.4byte	.LFB5-.Ltext0
 3649 01d8 48000000 		.4byte	.LCFI1-.Ltext0
 3650 01dc 0200     		.2byte	0x2
 3651 01de 7D       		.byte	0x7d
 3652 01df 00       		.sleb128 0
 3653 01e0 48000000 		.4byte	.LCFI1-.Ltext0
 3654 01e4 10010000 		.4byte	.LFE5-.Ltext0
 3655 01e8 0200     		.2byte	0x2
 3656 01ea 7D       		.byte	0x7d
 3657 01eb 18       		.sleb128 24
 3658 01ec 00000000 		.4byte	0
 3659 01f0 00000000 		.4byte	0
 3660              	.LVUS5:
 3661 01f4 00       		.uleb128 0
 3662 01f5 00       		.uleb128 .LVU48
 3663 01f6 00       		.uleb128 .LVU48
 3664 01f7 00       		.uleb128 .LVU98
 3665 01f8 00       		.uleb128 .LVU98
 3666 01f9 00       		.uleb128 .LVU102
 3667 01fa 00       		.uleb128 .LVU102
 3668 01fb 00       		.uleb128 .LVU103
 3669 01fc 00       		.uleb128 .LVU103
 3670 01fd 00       		.uleb128 .LVU139
 3671 01fe 00       		.uleb128 .LVU139
 3672 01ff 00       		.uleb128 .LVU156
 3673 0200 00       		.uleb128 .LVU163
 3674 0201 00       		.uleb128 .LVU165
 3675              	.LLST5:
 3676 0202 44000000 		.4byte	.LVL6-.Ltext0
 3677 0206 4F000000 		.4byte	.LVL7-1-.Ltext0
 3678 020a 0100     		.2byte	0x1
 3679 020c 50       		.byte	0x50
 3680 020d 4F000000 		.4byte	.LVL7-1-.Ltext0
 3681 0211 96000000 		.4byte	.LVL15-.Ltext0
 3682 0215 0100     		.2byte	0x1
 3683 0217 54       		.byte	0x54
ARM GAS  /tmp/cckfSVYB.s 			page 77


 3684 0218 96000000 		.4byte	.LVL15-.Ltext0
 3685 021c 9E000000 		.4byte	.LVL16-.Ltext0
 3686 0220 0100     		.2byte	0x1
 3687 0222 53       		.byte	0x53
 3688 0223 9E000000 		.4byte	.LVL16-.Ltext0
 3689 0227 A0000000 		.4byte	.LVL17-.Ltext0
 3690 022b 0300     		.2byte	0x3
 3691 022d 74       		.byte	0x74
 3692 022e 08       		.sleb128 8
 3693 022f 9F       		.byte	0x9f
 3694 0230 A0000000 		.4byte	.LVL17-.Ltext0
 3695 0234 D5000000 		.4byte	.LVL23-1-.Ltext0
 3696 0238 0100     		.2byte	0x1
 3697 023a 53       		.byte	0x53
 3698 023b D5000000 		.4byte	.LVL23-1-.Ltext0
 3699 023f EE000000 		.4byte	.LVL24-.Ltext0
 3700 0243 4100     		.2byte	0x41
 3701 0245 F3       		.byte	0xf3
 3702 0246 01       		.uleb128 0x1
 3703 0247 50       		.byte	0x50
 3704 0248 23       		.byte	0x23
 3705 0249 08       		.uleb128 0x8
 3706 024a 09       		.byte	0x9
 3707 024b F8       		.byte	0xf8
 3708 024c 1A       		.byte	0x1a
 3709 024d F3       		.byte	0xf3
 3710 024e 01       		.uleb128 0x1
 3711 024f 50       		.byte	0x50
 3712 0250 23       		.byte	0x23
 3713 0251 08       		.uleb128 0x8
 3714 0252 F3       		.byte	0xf3
 3715 0253 01       		.uleb128 0x1
 3716 0254 50       		.byte	0x50
 3717 0255 4D       		.byte	0x4d
 3718 0256 24       		.byte	0x24
 3719 0257 30       		.byte	0x30
 3720 0258 2E       		.byte	0x2e
 3721 0259 28       		.byte	0x28
 3722 025a 0100     		.2byte	0x1
 3723 025c 16       		.byte	0x16
 3724 025d 13       		.byte	0x13
 3725 025e 23       		.byte	0x23
 3726 025f 08       		.uleb128 0x8
 3727 0260 F3       		.byte	0xf3
 3728 0261 01       		.uleb128 0x1
 3729 0262 50       		.byte	0x50
 3730 0263 23       		.byte	0x23
 3731 0264 08       		.uleb128 0x8
 3732 0265 09       		.byte	0x9
 3733 0266 F8       		.byte	0xf8
 3734 0267 1A       		.byte	0x1a
 3735 0268 F3       		.byte	0xf3
 3736 0269 01       		.uleb128 0x1
 3737 026a 50       		.byte	0x50
 3738 026b 23       		.byte	0x23
 3739 026c 08       		.uleb128 0x8
 3740 026d F3       		.byte	0xf3
ARM GAS  /tmp/cckfSVYB.s 			page 78


 3741 026e 01       		.uleb128 0x1
 3742 026f 50       		.byte	0x50
 3743 0270 4D       		.byte	0x4d
 3744 0271 24       		.byte	0x24
 3745 0272 30       		.byte	0x30
 3746 0273 2E       		.byte	0x2e
 3747 0274 28       		.byte	0x28
 3748 0275 0100     		.2byte	0x1
 3749 0277 16       		.byte	0x16
 3750 0278 13       		.byte	0x13
 3751 0279 F3       		.byte	0xf3
 3752 027a 01       		.uleb128 0x1
 3753 027b 50       		.byte	0x50
 3754 027c 4D       		.byte	0x4d
 3755 027d 24       		.byte	0x24
 3756 027e 30       		.byte	0x30
 3757 027f 2E       		.byte	0x2e
 3758 0280 28       		.byte	0x28
 3759 0281 0100     		.2byte	0x1
 3760 0283 16       		.byte	0x16
 3761 0284 13       		.byte	0x13
 3762 0285 9F       		.byte	0x9f
 3763 0286 F8000000 		.4byte	.LVL26-.Ltext0
 3764 028a FE000000 		.4byte	.LVL28-.Ltext0
 3765 028e 0100     		.2byte	0x1
 3766 0290 53       		.byte	0x53
 3767 0291 00000000 		.4byte	0
 3768 0295 00000000 		.4byte	0
 3769              	.LVUS6:
 3770 0299 00       		.uleb128 .LVU112
 3771 029a 00       		.uleb128 .LVU156
 3772 029b 00       		.uleb128 .LVU163
 3773 029c 00       		.uleb128 .LVU164
 3774 029d 00       		.uleb128 .LVU164
 3775 029e 00       		.uleb128 .LVU165
 3776              	.LLST6:
 3777 029f AA000000 		.4byte	.LVL19-.Ltext0
 3778 02a3 EE000000 		.4byte	.LVL24-.Ltext0
 3779 02a7 0100     		.2byte	0x1
 3780 02a9 56       		.byte	0x56
 3781 02aa F8000000 		.4byte	.LVL26-.Ltext0
 3782 02ae FC000000 		.4byte	.LVL27-.Ltext0
 3783 02b2 0100     		.2byte	0x1
 3784 02b4 56       		.byte	0x56
 3785 02b5 FC000000 		.4byte	.LVL27-.Ltext0
 3786 02b9 FE000000 		.4byte	.LVL28-.Ltext0
 3787 02bd 0100     		.2byte	0x1
 3788 02bf 50       		.byte	0x50
 3789 02c0 00000000 		.4byte	0
 3790 02c4 00000000 		.4byte	0
 3791              	.LVUS7:
 3792 02c8 01       		.uleb128 .LVU110
 3793 02c9 00       		.uleb128 .LVU114
 3794              	.LLST7:
 3795 02ca A8000000 		.4byte	.LVL18-.Ltext0
 3796 02ce AC000000 		.4byte	.LVL20-.Ltext0
 3797 02d2 0600     		.2byte	0x6
ARM GAS  /tmp/cckfSVYB.s 			page 79


 3798 02d4 03       		.byte	0x3
 3799 02d5 00000000 		.4byte	xStart
 3800 02d9 9F       		.byte	0x9f
 3801 02da 00000000 		.4byte	0
 3802 02de 00000000 		.4byte	0
 3803              	.LVUS8:
 3804 02e2 00       		.uleb128 .LVU133
 3805 02e3 00       		.uleb128 .LVU139
 3806 02e4 00       		.uleb128 .LVU139
 3807 02e5 00       		.uleb128 .LVU139
 3808              	.LLST8:
 3809 02e6 CE000000 		.4byte	.LVL22-.Ltext0
 3810 02ea D5000000 		.4byte	.LVL23-1-.Ltext0
 3811 02ee 0100     		.2byte	0x1
 3812 02f0 50       		.byte	0x50
 3813 02f1 D5000000 		.4byte	.LVL23-1-.Ltext0
 3814 02f5 D6000000 		.4byte	.LVL23-.Ltext0
 3815 02f9 4400     		.2byte	0x44
 3816 02fb F3       		.byte	0xf3
 3817 02fc 01       		.uleb128 0x1
 3818 02fd 50       		.byte	0x50
 3819 02fe 23       		.byte	0x23
 3820 02ff 08       		.uleb128 0x8
 3821 0300 09       		.byte	0x9
 3822 0301 F8       		.byte	0xf8
 3823 0302 1A       		.byte	0x1a
 3824 0303 F3       		.byte	0xf3
 3825 0304 01       		.uleb128 0x1
 3826 0305 50       		.byte	0x50
 3827 0306 23       		.byte	0x23
 3828 0307 08       		.uleb128 0x8
 3829 0308 F3       		.byte	0xf3
 3830 0309 01       		.uleb128 0x1
 3831 030a 50       		.byte	0x50
 3832 030b 4D       		.byte	0x4d
 3833 030c 24       		.byte	0x24
 3834 030d 30       		.byte	0x30
 3835 030e 2E       		.byte	0x2e
 3836 030f 28       		.byte	0x28
 3837 0310 0100     		.2byte	0x1
 3838 0312 16       		.byte	0x16
 3839 0313 13       		.byte	0x13
 3840 0314 23       		.byte	0x23
 3841 0315 08       		.uleb128 0x8
 3842 0316 F3       		.byte	0xf3
 3843 0317 01       		.uleb128 0x1
 3844 0318 50       		.byte	0x50
 3845 0319 23       		.byte	0x23
 3846 031a 08       		.uleb128 0x8
 3847 031b 09       		.byte	0x9
 3848 031c F8       		.byte	0xf8
 3849 031d 1A       		.byte	0x1a
 3850 031e F3       		.byte	0xf3
 3851 031f 01       		.uleb128 0x1
 3852 0320 50       		.byte	0x50
 3853 0321 23       		.byte	0x23
 3854 0322 08       		.uleb128 0x8
ARM GAS  /tmp/cckfSVYB.s 			page 80


 3855 0323 F3       		.byte	0xf3
 3856 0324 01       		.uleb128 0x1
 3857 0325 50       		.byte	0x50
 3858 0326 4D       		.byte	0x4d
 3859 0327 24       		.byte	0x24
 3860 0328 30       		.byte	0x30
 3861 0329 2E       		.byte	0x2e
 3862 032a 28       		.byte	0x28
 3863 032b 0100     		.2byte	0x1
 3864 032d 16       		.byte	0x16
 3865 032e 13       		.byte	0x13
 3866 032f F3       		.byte	0xf3
 3867 0330 01       		.uleb128 0x1
 3868 0331 50       		.byte	0x50
 3869 0332 4D       		.byte	0x4d
 3870 0333 24       		.byte	0x24
 3871 0334 30       		.byte	0x30
 3872 0335 2E       		.byte	0x2e
 3873 0336 28       		.byte	0x28
 3874 0337 0100     		.2byte	0x1
 3875 0339 16       		.byte	0x16
 3876 033a 13       		.byte	0x13
 3877 033b 76       		.byte	0x76
 3878 033c 00       		.sleb128 0
 3879 033d 22       		.byte	0x22
 3880 033e 9F       		.byte	0x9f
 3881 033f 00000000 		.4byte	0
 3882 0343 00000000 		.4byte	0
 3883              	.LVUS9:
 3884 0347 03       		.uleb128 .LVU43
 3885 0348 00       		.uleb128 .LVU127
 3886 0349 00       		.uleb128 .LVU127
 3887 034a 00       		.uleb128 .LVU163
 3888 034b 00       		.uleb128 .LVU163
 3889 034c 00       		.uleb128 0
 3890              	.LLST9:
 3891 034d 44000000 		.4byte	.LVL6-.Ltext0
 3892 0351 C8000000 		.4byte	.LVL21-.Ltext0
 3893 0355 0200     		.2byte	0x2
 3894 0357 30       		.byte	0x30
 3895 0358 9F       		.byte	0x9f
 3896 0359 C8000000 		.4byte	.LVL21-.Ltext0
 3897 035d F8000000 		.4byte	.LVL26-.Ltext0
 3898 0361 0100     		.2byte	0x1
 3899 0363 54       		.byte	0x54
 3900 0364 F8000000 		.4byte	.LVL26-.Ltext0
 3901 0368 10010000 		.4byte	.LFE5-.Ltext0
 3902 036c 0200     		.2byte	0x2
 3903 036e 30       		.byte	0x30
 3904 036f 9F       		.byte	0x9f
 3905 0370 00000000 		.4byte	0
 3906 0374 00000000 		.4byte	0
 3907              	.LVUS10:
 3908 0378 02       		.uleb128 .LVU68
 3909 0379 00       		.uleb128 .LVU81
 3910              	.LLST10:
 3911 037a 66000000 		.4byte	.LVL11-.Ltext0
ARM GAS  /tmp/cckfSVYB.s 			page 81


 3912 037e 7C000000 		.4byte	.LVL13-.Ltext0
 3913 0382 0100     		.2byte	0x1
 3914 0384 53       		.byte	0x53
 3915 0385 00000000 		.4byte	0
 3916 0389 00000000 		.4byte	0
 3917              	.LVUS11:
 3918 038d 00       		.uleb128 .LVU58
 3919 038e 00       		.uleb128 .LVU64
 3920 038f 00       		.uleb128 .LVU64
 3921 0390 01       		.uleb128 .LVU74
 3922 0391 03       		.uleb128 .LVU76
 3923 0392 00       		.uleb128 .LVU89
 3924              	.LLST11:
 3925 0393 56000000 		.4byte	.LVL9-.Ltext0
 3926 0397 62000000 		.4byte	.LVL10-.Ltext0
 3927 039b 0600     		.2byte	0x6
 3928 039d 03       		.byte	0x3
 3929 039e 18000000 		.4byte	ucHeap
 3930 03a2 9F       		.byte	0x9f
 3931 03a3 62000000 		.4byte	.LVL10-.Ltext0
 3932 03a7 6E000000 		.4byte	.LVL12-.Ltext0
 3933 03ab 0100     		.2byte	0x1
 3934 03ad 53       		.byte	0x53
 3935 03ae 6E000000 		.4byte	.LVL12-.Ltext0
 3936 03b2 84000000 		.4byte	.LVL14-.Ltext0
 3937 03b6 0100     		.2byte	0x1
 3938 03b8 52       		.byte	0x52
 3939 03b9 00000000 		.4byte	0
 3940 03bd 00000000 		.4byte	0
 3941              	.LVUS12:
 3942 03c1 06       		.uleb128 .LVU56
 3943 03c2 01       		.uleb128 .LVU67
 3944              	.LLST12:
 3945 03c3 54000000 		.4byte	.LVL8-.Ltext0
 3946 03c7 66000000 		.4byte	.LVL11-.Ltext0
 3947 03cb 0400     		.2byte	0x4
 3948 03cd 0A       		.byte	0xa
 3949 03ce 0048     		.2byte	0x4800
 3950 03d0 9F       		.byte	0x9f
 3951 03d1 00000000 		.4byte	0
 3952 03d5 00000000 		.4byte	0
 3953              		.section	.debug_aranges,"",%progbits
 3954 0000 1C000000 		.4byte	0x1c
 3955 0004 0200     		.2byte	0x2
 3956 0006 00000000 		.4byte	.Ldebug_info0
 3957 000a 04       		.byte	0x4
 3958 000b 00       		.byte	0
 3959 000c 0000     		.2byte	0
 3960 000e 0000     		.2byte	0
 3961 0010 00000000 		.4byte	.Ltext0
 3962 0014 6E010000 		.4byte	.Letext0-.Ltext0
 3963 0018 00000000 		.4byte	0
 3964 001c 00000000 		.4byte	0
 3965              		.section	.debug_line,"",%progbits
 3966              	.Ldebug_line0:
 3967 0000 0B040000 		.section	.debug_str,"MS",%progbits,1
 3967      0300F800 
ARM GAS  /tmp/cckfSVYB.s 			page 82


 3967      00000201 
 3967      FB0E0D00 
 3967      01010101 
 3968              	.LASF39:
 3969 0000 5F64736F 		.ascii	"_dso_handle\000"
 3969      5F68616E 
 3969      646C6500 
 3970              	.LASF47:
 3971 000c 5F73697A 		.ascii	"_size\000"
 3971      6500
 3972              	.LASF3:
 3973 0012 73697A65 		.ascii	"size_t\000"
 3973      5F7400
 3974              	.LASF92:
 3975 0019 5F72616E 		.ascii	"_rand48\000"
 3975      64343800 
 3976              	.LASF71:
 3977 0021 5F656D65 		.ascii	"_emergency\000"
 3977      7267656E 
 3977      637900
 3978              	.LASF80:
 3979 002c 5F637674 		.ascii	"_cvtlen\000"
 3979      6C656E00 
 3980              	.LASF144:
 3981 0034 70785072 		.ascii	"pxPreviousBlock\000"
 3981      6576696F 
 3981      7573426C 
 3981      6F636B00 
 3982              	.LASF137:
 3983 0044 78546F74 		.ascii	"xTotalHeapSize\000"
 3983      616C4865 
 3983      61705369 
 3983      7A6500
 3984              	.LASF61:
 3985 0053 5F646174 		.ascii	"_data\000"
 3985      6100
 3986              	.LASF112:
 3987 0059 5F776372 		.ascii	"_wcrtomb_state\000"
 3987      746F6D62 
 3987      5F737461 
 3987      746500
 3988              	.LASF113:
 3989 0068 5F776373 		.ascii	"_wcsrtombs_state\000"
 3989      72746F6D 
 3989      62735F73 
 3989      74617465 
 3989      00
 3990              	.LASF141:
 3991 0079 70784C69 		.ascii	"pxLink\000"
 3991      6E6B00
 3992              	.LASF11:
 3993 0080 6C6F6E67 		.ascii	"long long unsigned int\000"
 3993      206C6F6E 
 3993      6720756E 
 3993      7369676E 
 3993      65642069 
 3994              	.LASF127:
ARM GAS  /tmp/cckfSVYB.s 			page 83


 3995 0097 78486561 		.ascii	"xHeapStructSize\000"
 3995      70537472 
 3995      75637453 
 3995      697A6500 
 3996              	.LASF51:
 3997 00a7 5F6C6266 		.ascii	"_lbfsize\000"
 3997      73697A65 
 3997      00
 3998              	.LASF152:
 3999 00b0 5F5F6C6F 		.ascii	"__locale_t\000"
 3999      63616C65 
 3999      5F7400
 4000              	.LASF124:
 4001 00bb 78426C6F 		.ascii	"xBlockSize\000"
 4001      636B5369 
 4001      7A6500
 4002              	.LASF110:
 4003 00c6 5F6D6272 		.ascii	"_mbrtowc_state\000"
 4003      746F7763 
 4003      5F737461 
 4003      746500
 4004              	.LASF105:
 4005 00d5 5F776374 		.ascii	"_wctomb_state\000"
 4005      6F6D625F 
 4005      73746174 
 4005      6500
 4006              	.LASF149:
 4007 00e3 474E5520 		.ascii	"GNU C17 9.2.1 20191025 (release) [ARM/arm-9-branch "
 4007      43313720 
 4007      392E322E 
 4007      31203230 
 4007      31393130 
 4008 0116 72657669 		.ascii	"revision 277599] -mcpu=cortex-m3 -mthumb -mfloat-ab"
 4008      73696F6E 
 4008      20323737 
 4008      3539395D 
 4008      202D6D63 
 4009 0149 693D736F 		.ascii	"i=soft -march=armv7-m -g -gdwarf-2 -Os -fomit-frame"
 4009      6674202D 
 4009      6D617263 
 4009      683D6172 
 4009      6D76372D 
 4010 017c 2D706F69 		.ascii	"-pointer\000"
 4010      6E746572 
 4010      00
 4011              	.LASF123:
 4012 0185 70784E65 		.ascii	"pxNextFreeBlock\000"
 4012      78744672 
 4012      6565426C 
 4012      6F636B00 
 4013              	.LASF1:
 4014 0195 6C6F6E67 		.ascii	"long long int\000"
 4014      206C6F6E 
 4014      6720696E 
 4014      7400
 4015              	.LASF5:
 4016 01a3 7369676E 		.ascii	"signed char\000"
ARM GAS  /tmp/cckfSVYB.s 			page 84


 4016      65642063 
 4016      68617200 
 4017              	.LASF143:
 4018 01af 7078426C 		.ascii	"pxBlock\000"
 4018      6F636B00 
 4019              	.LASF57:
 4020 01b7 5F756275 		.ascii	"_ubuf\000"
 4020      6600
 4021              	.LASF46:
 4022 01bd 5F626173 		.ascii	"_base\000"
 4022      6500
 4023              	.LASF30:
 4024 01c3 5F5F746D 		.ascii	"__tm_hour\000"
 4024      5F686F75 
 4024      7200
 4025              	.LASF86:
 4026 01cd 5F5F7366 		.ascii	"__sf\000"
 4026      00
 4027              	.LASF37:
 4028 01d2 5F6F6E5F 		.ascii	"_on_exit_args\000"
 4028      65786974 
 4028      5F617267 
 4028      7300
 4029              	.LASF52:
 4030 01e0 5F636F6F 		.ascii	"_cookie\000"
 4030      6B696500 
 4031              	.LASF85:
 4032 01e8 5F5F7367 		.ascii	"__sglue\000"
 4032      6C756500 
 4033              	.LASF9:
 4034 01f0 6C6F6E67 		.ascii	"long int\000"
 4034      20696E74 
 4034      00
 4035              	.LASF128:
 4036 01f9 78537461 		.ascii	"xStart\000"
 4036      727400
 4037              	.LASF49:
 4038 0200 5F666C61 		.ascii	"_flags\000"
 4038      677300
 4039              	.LASF41:
 4040 0207 5F69735F 		.ascii	"_is_cxa\000"
 4040      63786100 
 4041              	.LASF67:
 4042 020f 5F737464 		.ascii	"_stdin\000"
 4042      696E00
 4043              	.LASF59:
 4044 0216 5F626C6B 		.ascii	"_blksize\000"
 4044      73697A65 
 4044      00
 4045              	.LASF136:
 4046 021f 75784164 		.ascii	"uxAddress\000"
 4046      64726573 
 4046      7300
 4047              	.LASF81:
 4048 0229 5F637674 		.ascii	"_cvtbuf\000"
 4048      62756600 
 4049              	.LASF60:
ARM GAS  /tmp/cckfSVYB.s 			page 85


 4050 0231 5F6F6666 		.ascii	"_offset\000"
 4050      73657400 
 4051              	.LASF148:
 4052 0239 78546173 		.ascii	"xTaskResumeAll\000"
 4052      6B526573 
 4052      756D6541 
 4052      6C6C00
 4053              	.LASF111:
 4054 0248 5F6D6273 		.ascii	"_mbsrtowcs_state\000"
 4054      72746F77 
 4054      63735F73 
 4054      74617465 
 4054      00
 4055              	.LASF109:
 4056 0259 5F6D6272 		.ascii	"_mbrlen_state\000"
 4056      6C656E5F 
 4056      73746174 
 4056      6500
 4057              	.LASF38:
 4058 0267 5F666E61 		.ascii	"_fnargs\000"
 4058      72677300 
 4059              	.LASF44:
 4060 026f 5F666E73 		.ascii	"_fns\000"
 4060      00
 4061              	.LASF24:
 4062 0274 5F736967 		.ascii	"_sign\000"
 4062      6E00
 4063              	.LASF157:
 4064 027a 7076506F 		.ascii	"pvPortMalloc\000"
 4064      72744D61 
 4064      6C6C6F63 
 4064      00
 4065              	.LASF154:
 4066 0287 70727648 		.ascii	"prvHeapInit\000"
 4066      65617049 
 4066      6E697400 
 4067              	.LASF21:
 4068 0293 5F666C6F 		.ascii	"_flock_t\000"
 4068      636B5F74 
 4068      00
 4069              	.LASF69:
 4070 029c 5F737464 		.ascii	"_stderr\000"
 4070      65727200 
 4071              	.LASF26:
 4072 02a4 5F426967 		.ascii	"_Bigint\000"
 4072      696E7400 
 4073              	.LASF100:
 4074 02ac 5F67616D 		.ascii	"_gamma_signgam\000"
 4074      6D615F73 
 4074      69676E67 
 4074      616D00
 4075              	.LASF53:
 4076 02bb 5F726561 		.ascii	"_read\000"
 4076      6400
 4077              	.LASF77:
 4078 02c1 5F726573 		.ascii	"_result_k\000"
 4078      756C745F 
ARM GAS  /tmp/cckfSVYB.s 			page 86


 4078      6B00
 4079              	.LASF27:
 4080 02cb 5F5F746D 		.ascii	"__tm\000"
 4080      00
 4081              	.LASF0:
 4082 02d0 756E7369 		.ascii	"unsigned int\000"
 4082      676E6564 
 4082      20696E74 
 4082      00
 4083              	.LASF15:
 4084 02dd 5F5F7763 		.ascii	"__wchb\000"
 4084      686200
 4085              	.LASF68:
 4086 02e4 5F737464 		.ascii	"_stdout\000"
 4086      6F757400 
 4087              	.LASF150:
 4088 02ec 6C69622F 		.ascii	"lib/freertos/portable/MemMang/heap_4.c\000"
 4088      66726565 
 4088      72746F73 
 4088      2F706F72 
 4088      7461626C 
 4089              	.LASF10:
 4090 0313 6C6F6E67 		.ascii	"long unsigned int\000"
 4090      20756E73 
 4090      69676E65 
 4090      6420696E 
 4090      7400
 4091              	.LASF50:
 4092 0325 5F66696C 		.ascii	"_file\000"
 4092      6500
 4093              	.LASF142:
 4094 032b 7857616E 		.ascii	"xWantedSize\000"
 4094      74656453 
 4094      697A6500 
 4095              	.LASF90:
 4096 0337 5F6E696F 		.ascii	"_niobs\000"
 4096      627300
 4097              	.LASF8:
 4098 033e 73686F72 		.ascii	"short unsigned int\000"
 4098      7420756E 
 4098      7369676E 
 4098      65642069 
 4098      6E7400
 4099              	.LASF83:
 4100 0351 5F617465 		.ascii	"_atexit0\000"
 4100      78697430 
 4100      00
 4101              	.LASF107:
 4102 035a 5F736967 		.ascii	"_signal_buf\000"
 4102      6E616C5F 
 4102      62756600 
 4103              	.LASF98:
 4104 0366 5F617363 		.ascii	"_asctime_buf\000"
 4104      74696D65 
 4104      5F627566 
 4104      00
 4105              	.LASF76:
ARM GAS  /tmp/cckfSVYB.s 			page 87


 4106 0373 5F726573 		.ascii	"_result\000"
 4106      756C7400 
 4107              	.LASF14:
 4108 037b 5F5F7763 		.ascii	"__wch\000"
 4108      6800
 4109              	.LASF4:
 4110 0381 77696E74 		.ascii	"wint_t\000"
 4110      5F7400
 4111              	.LASF62:
 4112 0388 5F6C6F63 		.ascii	"_lock\000"
 4112      6B00
 4113              	.LASF64:
 4114 038e 5F666C61 		.ascii	"_flags2\000"
 4114      67733200 
 4115              	.LASF54:
 4116 0396 5F777269 		.ascii	"_write\000"
 4116      746500
 4117              	.LASF33:
 4118 039d 5F5F746D 		.ascii	"__tm_year\000"
 4118      5F796561 
 4118      7200
 4119              	.LASF2:
 4120 03a7 6C6F6E67 		.ascii	"long double\000"
 4120      20646F75 
 4120      626C6500 
 4121              	.LASF130:
 4122 03b3 78467265 		.ascii	"xFreeBytesRemaining\000"
 4122      65427974 
 4122      65735265 
 4122      6D61696E 
 4122      696E6700 
 4123              	.LASF132:
 4124 03c7 78426C6F 		.ascii	"xBlockAllocatedBit\000"
 4124      636B416C 
 4124      6C6F6361 
 4124      74656442 
 4124      697400
 4125              	.LASF115:
 4126 03da 5F6E6578 		.ascii	"_nextf\000"
 4126      746600
 4127              	.LASF135:
 4128 03e1 70756341 		.ascii	"pucAlignedHeap\000"
 4128      6C69676E 
 4128      65644865 
 4128      617000
 4129              	.LASF32:
 4130 03f0 5F5F746D 		.ascii	"__tm_mon\000"
 4130      5F6D6F6E 
 4130      00
 4131              	.LASF126:
 4132 03f9 75634865 		.ascii	"ucHeap\000"
 4132      617000
 4133              	.LASF42:
 4134 0400 5F617465 		.ascii	"_atexit\000"
 4134      78697400 
 4135              	.LASF120:
 4136 0408 7375626F 		.ascii	"suboptarg\000"
ARM GAS  /tmp/cckfSVYB.s 			page 88


 4136      70746172 
 4136      6700
 4137              	.LASF74:
 4138 0412 5F5F7364 		.ascii	"__sdidinit\000"
 4138      6964696E 
 4138      697400
 4139              	.LASF12:
 4140 041d 5F6F6666 		.ascii	"_off_t\000"
 4140      5F7400
 4141              	.LASF134:
 4142 0424 70784669 		.ascii	"pxFirstFreeBlock\000"
 4142      72737446 
 4142      72656542 
 4142      6C6F636B 
 4142      00
 4143              	.LASF145:
 4144 0435 70784E65 		.ascii	"pxNewBlockLink\000"
 4144      77426C6F 
 4144      636B4C69 
 4144      6E6B00
 4145              	.LASF79:
 4146 0444 5F667265 		.ascii	"_freelist\000"
 4146      656C6973 
 4146      7400
 4147              	.LASF146:
 4148 044e 70765265 		.ascii	"pvReturn\000"
 4148      7475726E 
 4148      00
 4149              	.LASF138:
 4150 0457 78506F72 		.ascii	"xPortGetMinimumEverFreeHeapSize\000"
 4150      74476574 
 4150      4D696E69 
 4150      6D756D45 
 4150      76657246 
 4151              	.LASF20:
 4152 0477 5F4C4F43 		.ascii	"_LOCK_RECURSIVE_T\000"
 4152      4B5F5245 
 4152      43555253 
 4152      4956455F 
 4152      5400
 4153              	.LASF147:
 4154 0489 76546173 		.ascii	"vTaskSuspendAll\000"
 4154      6B537573 
 4154      70656E64 
 4154      416C6C00 
 4155              	.LASF122:
 4156 0499 415F424C 		.ascii	"A_BLOCK_LINK\000"
 4156      4F434B5F 
 4156      4C494E4B 
 4156      00
 4157              	.LASF6:
 4158 04a6 756E7369 		.ascii	"unsigned char\000"
 4158      676E6564 
 4158      20636861 
 4158      7200
 4159              	.LASF139:
 4160 04b4 78506F72 		.ascii	"xPortGetFreeHeapSize\000"
ARM GAS  /tmp/cckfSVYB.s 			page 89


 4160      74476574 
 4160      46726565 
 4160      48656170 
 4160      53697A65 
 4161              	.LASF82:
 4162 04c9 5F6E6577 		.ascii	"_new\000"
 4162      00
 4163              	.LASF114:
 4164 04ce 5F685F65 		.ascii	"_h_errno\000"
 4164      72726E6F 
 4164      00
 4165              	.LASF7:
 4166 04d7 73686F72 		.ascii	"short int\000"
 4166      7420696E 
 4166      7400
 4167              	.LASF35:
 4168 04e1 5F5F746D 		.ascii	"__tm_yday\000"
 4168      5F796461 
 4168      7900
 4169              	.LASF45:
 4170 04eb 5F5F7362 		.ascii	"__sbuf\000"
 4170      756600
 4171              	.LASF153:
 4172 04f2 70727649 		.ascii	"prvInsertBlockIntoFreeList\000"
 4172      6E736572 
 4172      74426C6F 
 4172      636B496E 
 4172      746F4672 
 4173              	.LASF91:
 4174 050d 5F696F62 		.ascii	"_iobs\000"
 4174      7300
 4175              	.LASF88:
 4176 0513 5F5F4649 		.ascii	"__FILE\000"
 4176      4C4500
 4177              	.LASF18:
 4178 051a 5F6D6273 		.ascii	"_mbstate_t\000"
 4178      74617465 
 4178      5F7400
 4179              	.LASF48:
 4180 0525 5F5F7346 		.ascii	"__sFILE\000"
 4180      494C4500 
 4181              	.LASF63:
 4182 052d 5F6D6273 		.ascii	"_mbstate\000"
 4182      74617465 
 4182      00
 4183              	.LASF101:
 4184 0536 5F72616E 		.ascii	"_rand_next\000"
 4184      645F6E65 
 4184      787400
 4185              	.LASF155:
 4186 0541 76506F72 		.ascii	"vPortInitialiseBlocks\000"
 4186      74496E69 
 4186      7469616C 
 4186      69736542 
 4186      6C6F636B 
 4187              	.LASF103:
 4188 0557 5F6D626C 		.ascii	"_mblen_state\000"
ARM GAS  /tmp/cckfSVYB.s 			page 90


 4188      656E5F73 
 4188      74617465 
 4188      00
 4189              	.LASF70:
 4190 0564 5F696E63 		.ascii	"_inc\000"
 4190      00
 4191              	.LASF43:
 4192 0569 5F696E64 		.ascii	"_ind\000"
 4192      00
 4193              	.LASF131:
 4194 056e 784D696E 		.ascii	"xMinimumEverFreeBytesRemaining\000"
 4194      696D756D 
 4194      45766572 
 4194      46726565 
 4194      42797465 
 4195              	.LASF73:
 4196 058d 5F6C6F63 		.ascii	"_locale\000"
 4196      616C6500 
 4197              	.LASF75:
 4198 0595 5F5F636C 		.ascii	"__cleanup\000"
 4198      65616E75 
 4198      7000
 4199              	.LASF72:
 4200 059f 5F756E73 		.ascii	"_unspecified_locale_info\000"
 4200      70656369 
 4200      66696564 
 4200      5F6C6F63 
 4200      616C655F 
 4201              	.LASF156:
 4202 05b8 76506F72 		.ascii	"vPortFree\000"
 4202      74467265 
 4202      6500
 4203              	.LASF23:
 4204 05c2 5F6D6178 		.ascii	"_maxwds\000"
 4204      77647300 
 4205              	.LASF65:
 4206 05ca 5F726565 		.ascii	"_reent\000"
 4206      6E7400
 4207              	.LASF93:
 4208 05d1 5F736565 		.ascii	"_seed\000"
 4208      6400
 4209              	.LASF16:
 4210 05d7 5F5F636F 		.ascii	"__count\000"
 4210      756E7400 
 4211              	.LASF17:
 4212 05df 5F5F7661 		.ascii	"__value\000"
 4212      6C756500 
 4213              	.LASF55:
 4214 05e7 5F736565 		.ascii	"_seek\000"
 4214      6B00
 4215              	.LASF118:
 4216 05ed 5F696D70 		.ascii	"_impure_ptr\000"
 4216      7572655F 
 4216      70747200 
 4217              	.LASF13:
 4218 05f9 5F66706F 		.ascii	"_fpos_t\000"
 4218      735F7400 
ARM GAS  /tmp/cckfSVYB.s 			page 91


 4219              	.LASF66:
 4220 0601 5F657272 		.ascii	"_errno\000"
 4220      6E6F00
 4221              	.LASF87:
 4222 0608 63686172 		.ascii	"char\000"
 4222      00
 4223              	.LASF29:
 4224 060d 5F5F746D 		.ascii	"__tm_min\000"
 4224      5F6D696E 
 4224      00
 4225              	.LASF121:
 4226 0616 75696E74 		.ascii	"uint8_t\000"
 4226      385F7400 
 4227              	.LASF94:
 4228 061e 5F6D756C 		.ascii	"_mult\000"
 4228      7400
 4229              	.LASF22:
 4230 0624 5F6E6578 		.ascii	"_next\000"
 4230      7400
 4231              	.LASF97:
 4232 062a 5F737472 		.ascii	"_strtok_last\000"
 4232      746F6B5F 
 4232      6C617374 
 4232      00
 4233              	.LASF151:
 4234 0637 2F686F6D 		.ascii	"/home/noah/WorkPlace/FlightController\000"
 4234      652F6E6F 
 4234      61682F57 
 4234      6F726B50 
 4234      6C616365 
 4235              	.LASF40:
 4236 065d 5F666E74 		.ascii	"_fntypes\000"
 4236      79706573 
 4236      00
 4237              	.LASF129:
 4238 0666 7078456E 		.ascii	"pxEnd\000"
 4238      6400
 4239              	.LASF95:
 4240 066c 5F616464 		.ascii	"_add\000"
 4240      00
 4241              	.LASF133:
 4242 0671 70784974 		.ascii	"pxIterator\000"
 4242      65726174 
 4242      6F7200
 4243              	.LASF19:
 4244 067c 5F5F554C 		.ascii	"__ULong\000"
 4244      6F6E6700 
 4245              	.LASF108:
 4246 0684 5F676574 		.ascii	"_getdate_err\000"
 4246      64617465 
 4246      5F657272 
 4246      00
 4247              	.LASF119:
 4248 0691 5F676C6F 		.ascii	"_global_impure_ptr\000"
 4248      62616C5F 
 4248      696D7075 
 4248      72655F70 
ARM GAS  /tmp/cckfSVYB.s 			page 92


 4248      747200
 4249              	.LASF125:
 4250 06a4 426C6F63 		.ascii	"BlockLink_t\000"
 4250      6B4C696E 
 4250      6B5F7400 
 4251              	.LASF96:
 4252 06b0 5F756E75 		.ascii	"_unused_rand\000"
 4252      7365645F 
 4252      72616E64 
 4252      00
 4253              	.LASF28:
 4254 06bd 5F5F746D 		.ascii	"__tm_sec\000"
 4254      5F736563 
 4254      00
 4255              	.LASF25:
 4256 06c6 5F776473 		.ascii	"_wds\000"
 4256      00
 4257              	.LASF34:
 4258 06cb 5F5F746D 		.ascii	"__tm_wday\000"
 4258      5F776461 
 4258      7900
 4259              	.LASF89:
 4260 06d5 5F676C75 		.ascii	"_glue\000"
 4260      6500
 4261              	.LASF116:
 4262 06db 5F6E6D61 		.ascii	"_nmalloc\000"
 4262      6C6C6F63 
 4262      00
 4263              	.LASF106:
 4264 06e4 5F6C3634 		.ascii	"_l64a_buf\000"
 4264      615F6275 
 4264      6600
 4265              	.LASF140:
 4266 06ee 7078426C 		.ascii	"pxBlockToInsert\000"
 4266      6F636B54 
 4266      6F496E73 
 4266      65727400 
 4267              	.LASF84:
 4268 06fe 5F736967 		.ascii	"_sig_func\000"
 4268      5F66756E 
 4268      6300
 4269              	.LASF58:
 4270 0708 5F6E6275 		.ascii	"_nbuf\000"
 4270      6600
 4271              	.LASF117:
 4272 070e 5F756E75 		.ascii	"_unused\000"
 4272      73656400 
 4273              	.LASF36:
 4274 0716 5F5F746D 		.ascii	"__tm_isdst\000"
 4274      5F697364 
 4274      737400
 4275              	.LASF99:
 4276 0721 5F6C6F63 		.ascii	"_localtime_buf\000"
 4276      616C7469 
 4276      6D655F62 
 4276      756600
 4277              	.LASF56:
ARM GAS  /tmp/cckfSVYB.s 			page 93


 4278 0730 5F636C6F 		.ascii	"_close\000"
 4278      736500
 4279              	.LASF102:
 4280 0737 5F723438 		.ascii	"_r48\000"
 4280      00
 4281              	.LASF104:
 4282 073c 5F6D6274 		.ascii	"_mbtowc_state\000"
 4282      6F77635F 
 4282      73746174 
 4282      6500
 4283              	.LASF78:
 4284 074a 5F703573 		.ascii	"_p5s\000"
 4284      00
 4285              	.LASF31:
 4286 074f 5F5F746D 		.ascii	"__tm_mday\000"
 4286      5F6D6461 
 4286      7900
 4287              		.ident	"GCC: (15:9-2019-q4-0ubuntu1) 9.2.1 20191025 (release) [ARM/arm-9-branch revision 277599]"
ARM GAS  /tmp/cckfSVYB.s 			page 94


DEFINED SYMBOLS
                            *ABS*:0000000000000000 heap_4.c
     /tmp/cckfSVYB.s:69     .text:0000000000000000 $t
     /tmp/cckfSVYB.s:76     .text:0000000000000000 prvInsertBlockIntoFreeList
     /tmp/cckfSVYB.s:189    .text:0000000000000040 $d
     /tmp/cckfSVYB.s:193    .text:0000000000000044 $t
     /tmp/cckfSVYB.s:200    .text:0000000000000044 pvPortMalloc
     /tmp/cckfSVYB.s:514    .text:0000000000000104 $d
     /tmp/cckfSVYB.s:726    .bss:0000000000000018 ucHeap
     /tmp/cckfSVYB.s:520    .text:0000000000000110 $t
     /tmp/cckfSVYB.s:527    .text:0000000000000110 vPortFree
     /tmp/cckfSVYB.s:624    .text:0000000000000150 $d
     /tmp/cckfSVYB.s:628    .text:0000000000000154 $t
     /tmp/cckfSVYB.s:635    .text:0000000000000154 xPortGetFreeHeapSize
     /tmp/cckfSVYB.s:651    .text:000000000000015c $d
     /tmp/cckfSVYB.s:655    .text:0000000000000160 $t
     /tmp/cckfSVYB.s:662    .text:0000000000000160 xPortGetMinimumEverFreeHeapSize
     /tmp/cckfSVYB.s:678    .text:0000000000000168 $d
     /tmp/cckfSVYB.s:682    .text:000000000000016c $t
     /tmp/cckfSVYB.s:689    .text:000000000000016c vPortInitialiseBlocks
     /tmp/cckfSVYB.s:702    .bss:0000000000000000 $d
     /tmp/cckfSVYB.s:706    .bss:0000000000000000 xStart
     /tmp/cckfSVYB.s:710    .bss:0000000000000008 pxEnd
     /tmp/cckfSVYB.s:714    .bss:000000000000000c xMinimumEverFreeBytesRemaining
     /tmp/cckfSVYB.s:718    .bss:0000000000000010 xFreeBytesRemaining
     /tmp/cckfSVYB.s:722    .bss:0000000000000014 xBlockAllocatedBit

UNDEFINED SYMBOLS
vTaskSuspendAll
xTaskResumeAll
