ARM GAS  /tmp/ccJFApzV.s 			page 1


   1              		.cpu cortex-m3
   2              		.eabi_attribute 20, 1	@ Tag_ABI_FP_denormal
   3              		.eabi_attribute 21, 1	@ Tag_ABI_FP_exceptions
   4              		.eabi_attribute 23, 3	@ Tag_ABI_FP_number_model
   5              		.eabi_attribute 24, 1	@ Tag_ABI_align8_needed
   6              		.eabi_attribute 25, 1	@ Tag_ABI_align8_preserved
   7              		.eabi_attribute 26, 1	@ Tag_ABI_enum_size
   8              		.eabi_attribute 30, 4	@ Tag_ABI_optimization_goals
   9              		.eabi_attribute 34, 1	@ Tag_CPU_unaligned_access
  10              		.eabi_attribute 18, 4	@ Tag_ABI_PCS_wchar_t
  11              		.file	"port.c"
  12              	@ GNU C17 (15:9-2019-q4-0ubuntu1) version 9.2.1 20191025 (release) [ARM/arm-9-branch revision 27759
  13              	@	compiled by GNU C version 9.2.1 20200306, GMP version 6.2.0, MPFR version 4.0.2, MPC version 1.1.
  14              	
  15              	@ GGC heuristics: --param ggc-min-expand=100 --param ggc-min-heapsize=131072
  16              	@ options passed:  -I . -I ./src -I ./lib/freertos/include
  17              	@ -I ./lib/freertos/portable/GCC/ARM_CM3 -imultilib thumb/v7-m/nofp
  18              	@ -D__USES_INITFINI__ -D RUN_FROM_FLASH=1
  19              	@ lib/freertos/portable/GCC/ARM_CM3/port.c -mcpu=cortex-m3 -mthumb
  20              	@ -mfloat-abi=soft -march=armv7-m
  21              	@ -auxbase-strip lib/freertos/portable/GCC/ARM_CM3/port.o -g -gdwarf-2 -Os
  22              	@ -Wall -fomit-frame-pointer -fverbose-asm
  23              	@ options enabled:  -faggressive-loop-optimizations -fassume-phsa
  24              	@ -fauto-inc-dec -fbranch-count-reg -fcaller-saves -fcode-hoisting
  25              	@ -fcombine-stack-adjustments -fcommon -fcompare-elim -fcprop-registers
  26              	@ -fcrossjumping -fcse-follow-jumps -fdefer-pop
  27              	@ -fdelete-null-pointer-checks -fdevirtualize -fdevirtualize-speculatively
  28              	@ -fdwarf2-cfi-asm -fearly-inlining -feliminate-unused-debug-types
  29              	@ -fexpensive-optimizations -fforward-propagate -ffp-int-builtin-inexact
  30              	@ -ffunction-cse -fgcse -fgcse-lm -fgnu-runtime -fgnu-unique
  31              	@ -fguess-branch-probability -fhoist-adjacent-loads -fident -fif-conversion
  32              	@ -fif-conversion2 -findirect-inlining -finline -finline-atomics
  33              	@ -finline-functions -finline-functions-called-once
  34              	@ -finline-small-functions -fipa-bit-cp -fipa-cp -fipa-icf
  35              	@ -fipa-icf-functions -fipa-icf-variables -fipa-profile -fipa-pure-const
  36              	@ -fipa-ra -fipa-reference -fipa-reference-addressable -fipa-sra
  37              	@ -fipa-stack-alignment -fipa-vrp -fira-hoist-pressure
  38              	@ -fira-share-save-slots -fira-share-spill-slots
  39              	@ -fisolate-erroneous-paths-dereference -fivopts -fkeep-static-consts
  40              	@ -fleading-underscore -flifetime-dse -flra-remat -flto-odr-type-merging
  41              	@ -fmath-errno -fmerge-constants -fmerge-debug-strings
  42              	@ -fmove-loop-invariants -fomit-frame-pointer -foptimize-sibling-calls
  43              	@ -fpartial-inlining -fpeephole -fpeephole2 -fplt -fprefetch-loop-arrays
  44              	@ -freg-struct-return -freorder-blocks -freorder-functions
  45              	@ -frerun-cse-after-loop -fsched-critical-path-heuristic
  46              	@ -fsched-dep-count-heuristic -fsched-group-heuristic -fsched-interblock
  47              	@ -fsched-last-insn-heuristic -fsched-pressure -fsched-rank-heuristic
  48              	@ -fsched-spec -fsched-spec-insn-heuristic -fsched-stalled-insns-dep
  49              	@ -fschedule-insns2 -fsection-anchors -fsemantic-interposition
  50              	@ -fshow-column -fshrink-wrap-separate -fsigned-zeros
  51              	@ -fsplit-ivs-in-unroller -fsplit-wide-types -fssa-backprop -fssa-phiopt
  52              	@ -fstdarg-opt -fstore-merging -fstrict-aliasing
  53              	@ -fstrict-volatile-bitfields -fsync-libcalls -fthread-jumps
  54              	@ -ftoplevel-reorder -ftrapping-math -ftree-bit-ccp -ftree-builtin-call-dce
  55              	@ -ftree-ccp -ftree-ch -ftree-coalesce-vars -ftree-copy-prop -ftree-cselim
  56              	@ -ftree-dce -ftree-dominator-opts -ftree-dse -ftree-forwprop -ftree-fre
  57              	@ -ftree-loop-if-convert -ftree-loop-im -ftree-loop-ivcanon
ARM GAS  /tmp/ccJFApzV.s 			page 2


  58              	@ -ftree-loop-optimize -ftree-parallelize-loops= -ftree-phiprop -ftree-pre
  59              	@ -ftree-pta -ftree-reassoc -ftree-scev-cprop -ftree-sink -ftree-slsr
  60              	@ -ftree-sra -ftree-switch-conversion -ftree-tail-merge -ftree-ter
  61              	@ -ftree-vrp -funit-at-a-time -fvar-tracking -fvar-tracking-assignments
  62              	@ -fverbose-asm -fzero-initialized-in-bss -masm-syntax-unified -mbe32
  63              	@ -mfix-cortex-m3-ldrd -mlittle-endian -mpic-data-is-text-relative
  64              	@ -msched-prolog -mthumb -munaligned-access -mvectorize-with-neon-quad
  65              	
  66              		.text
  67              	.Ltext0:
  68              		.cfi_sections	.debug_frame
  69              		.align	1
  70              		.arch armv7-m
  71              		.syntax unified
  72              		.thumb
  73              		.thumb_func
  74              		.fpu softvfp
  75              		.type	prvTaskExitError, %function
  76              	prvTaskExitError:
  77              	.LFB6:
  78              		.file 1 "lib/freertos/portable/GCC/ARM_CM3/port.c"
   1:lib/freertos/portable/GCC/ARM_CM3/port.c **** /*
   2:lib/freertos/portable/GCC/ARM_CM3/port.c ****     FreeRTOS V9.0.0 - Copyright (C) 2016 Real Time Engineers Ltd.
   3:lib/freertos/portable/GCC/ARM_CM3/port.c ****     All rights reserved
   4:lib/freertos/portable/GCC/ARM_CM3/port.c **** 
   5:lib/freertos/portable/GCC/ARM_CM3/port.c ****     VISIT http://www.FreeRTOS.org TO ENSURE YOU ARE USING THE LATEST VERSION.
   6:lib/freertos/portable/GCC/ARM_CM3/port.c **** 
   7:lib/freertos/portable/GCC/ARM_CM3/port.c ****     This file is part of the FreeRTOS distribution.
   8:lib/freertos/portable/GCC/ARM_CM3/port.c **** 
   9:lib/freertos/portable/GCC/ARM_CM3/port.c ****     FreeRTOS is free software; you can redistribute it and/or modify it under
  10:lib/freertos/portable/GCC/ARM_CM3/port.c ****     the terms of the GNU General Public License (version 2) as published by the
  11:lib/freertos/portable/GCC/ARM_CM3/port.c ****     Free Software Foundation >>>> AND MODIFIED BY <<<< the FreeRTOS exception.
  12:lib/freertos/portable/GCC/ARM_CM3/port.c **** 
  13:lib/freertos/portable/GCC/ARM_CM3/port.c ****     ***************************************************************************
  14:lib/freertos/portable/GCC/ARM_CM3/port.c ****     >>!   NOTE: The modification to the GPL is included to allow you to     !<<
  15:lib/freertos/portable/GCC/ARM_CM3/port.c ****     >>!   distribute a combined work that includes FreeRTOS without being   !<<
  16:lib/freertos/portable/GCC/ARM_CM3/port.c ****     >>!   obliged to provide the source code for proprietary components     !<<
  17:lib/freertos/portable/GCC/ARM_CM3/port.c ****     >>!   outside of the FreeRTOS kernel.                                   !<<
  18:lib/freertos/portable/GCC/ARM_CM3/port.c ****     ***************************************************************************
  19:lib/freertos/portable/GCC/ARM_CM3/port.c **** 
  20:lib/freertos/portable/GCC/ARM_CM3/port.c ****     FreeRTOS is distributed in the hope that it will be useful, but WITHOUT ANY
  21:lib/freertos/portable/GCC/ARM_CM3/port.c ****     WARRANTY; without even the implied warranty of MERCHANTABILITY or FITNESS
  22:lib/freertos/portable/GCC/ARM_CM3/port.c ****     FOR A PARTICULAR PURPOSE.  Full license text is available on the following
  23:lib/freertos/portable/GCC/ARM_CM3/port.c ****     link: http://www.freertos.org/a00114.html
  24:lib/freertos/portable/GCC/ARM_CM3/port.c **** 
  25:lib/freertos/portable/GCC/ARM_CM3/port.c ****     ***************************************************************************
  26:lib/freertos/portable/GCC/ARM_CM3/port.c ****      *                                                                       *
  27:lib/freertos/portable/GCC/ARM_CM3/port.c ****      *    FreeRTOS provides completely free yet professionally developed,    *
  28:lib/freertos/portable/GCC/ARM_CM3/port.c ****      *    robust, strictly quality controlled, supported, and cross          *
  29:lib/freertos/portable/GCC/ARM_CM3/port.c ****      *    platform software that is more than just the market leader, it     *
  30:lib/freertos/portable/GCC/ARM_CM3/port.c ****      *    is the industry's de facto standard.                               *
  31:lib/freertos/portable/GCC/ARM_CM3/port.c ****      *                                                                       *
  32:lib/freertos/portable/GCC/ARM_CM3/port.c ****      *    Help yourself get started quickly while simultaneously helping     *
  33:lib/freertos/portable/GCC/ARM_CM3/port.c ****      *    to support the FreeRTOS project by purchasing a FreeRTOS           *
  34:lib/freertos/portable/GCC/ARM_CM3/port.c ****      *    tutorial book, reference manual, or both:                          *
  35:lib/freertos/portable/GCC/ARM_CM3/port.c ****      *    http://www.FreeRTOS.org/Documentation                              *
  36:lib/freertos/portable/GCC/ARM_CM3/port.c ****      *                                                                       *
ARM GAS  /tmp/ccJFApzV.s 			page 3


  37:lib/freertos/portable/GCC/ARM_CM3/port.c ****     ***************************************************************************
  38:lib/freertos/portable/GCC/ARM_CM3/port.c **** 
  39:lib/freertos/portable/GCC/ARM_CM3/port.c ****     http://www.FreeRTOS.org/FAQHelp.html - Having a problem?  Start by reading
  40:lib/freertos/portable/GCC/ARM_CM3/port.c ****     the FAQ page "My application does not run, what could be wrong?".  Have you
  41:lib/freertos/portable/GCC/ARM_CM3/port.c ****     defined configASSERT()?
  42:lib/freertos/portable/GCC/ARM_CM3/port.c **** 
  43:lib/freertos/portable/GCC/ARM_CM3/port.c ****     http://www.FreeRTOS.org/support - In return for receiving this top quality
  44:lib/freertos/portable/GCC/ARM_CM3/port.c ****     embedded software for free we request you assist our global community by
  45:lib/freertos/portable/GCC/ARM_CM3/port.c ****     participating in the support forum.
  46:lib/freertos/portable/GCC/ARM_CM3/port.c **** 
  47:lib/freertos/portable/GCC/ARM_CM3/port.c ****     http://www.FreeRTOS.org/training - Investing in training allows your team to
  48:lib/freertos/portable/GCC/ARM_CM3/port.c ****     be as productive as possible as early as possible.  Now you can receive
  49:lib/freertos/portable/GCC/ARM_CM3/port.c ****     FreeRTOS training directly from Richard Barry, CEO of Real Time Engineers
  50:lib/freertos/portable/GCC/ARM_CM3/port.c ****     Ltd, and the world's leading authority on the world's leading RTOS.
  51:lib/freertos/portable/GCC/ARM_CM3/port.c **** 
  52:lib/freertos/portable/GCC/ARM_CM3/port.c ****     http://www.FreeRTOS.org/plus - A selection of FreeRTOS ecosystem products,
  53:lib/freertos/portable/GCC/ARM_CM3/port.c ****     including FreeRTOS+Trace - an indispensable productivity tool, a DOS
  54:lib/freertos/portable/GCC/ARM_CM3/port.c ****     compatible FAT file system, and our tiny thread aware UDP/IP stack.
  55:lib/freertos/portable/GCC/ARM_CM3/port.c **** 
  56:lib/freertos/portable/GCC/ARM_CM3/port.c ****     http://www.FreeRTOS.org/labs - Where new FreeRTOS products go to incubate.
  57:lib/freertos/portable/GCC/ARM_CM3/port.c ****     Come and try FreeRTOS+TCP, our new open source TCP/IP stack for FreeRTOS.
  58:lib/freertos/portable/GCC/ARM_CM3/port.c **** 
  59:lib/freertos/portable/GCC/ARM_CM3/port.c ****     http://www.OpenRTOS.com - Real Time Engineers ltd. license FreeRTOS to High
  60:lib/freertos/portable/GCC/ARM_CM3/port.c ****     Integrity Systems ltd. to sell under the OpenRTOS brand.  Low cost OpenRTOS
  61:lib/freertos/portable/GCC/ARM_CM3/port.c ****     licenses offer ticketed support, indemnification and commercial middleware.
  62:lib/freertos/portable/GCC/ARM_CM3/port.c **** 
  63:lib/freertos/portable/GCC/ARM_CM3/port.c ****     http://www.SafeRTOS.com - High Integrity Systems also provide a safety
  64:lib/freertos/portable/GCC/ARM_CM3/port.c ****     engineered and independently SIL3 certified version for use in safety and
  65:lib/freertos/portable/GCC/ARM_CM3/port.c ****     mission critical applications that require provable dependability.
  66:lib/freertos/portable/GCC/ARM_CM3/port.c **** 
  67:lib/freertos/portable/GCC/ARM_CM3/port.c ****     1 tab == 4 spaces!
  68:lib/freertos/portable/GCC/ARM_CM3/port.c **** */
  69:lib/freertos/portable/GCC/ARM_CM3/port.c **** 
  70:lib/freertos/portable/GCC/ARM_CM3/port.c **** /*-----------------------------------------------------------
  71:lib/freertos/portable/GCC/ARM_CM3/port.c ****  * Implementation of functions defined in portable.h for the ARM CM3 port.
  72:lib/freertos/portable/GCC/ARM_CM3/port.c ****  *----------------------------------------------------------*/
  73:lib/freertos/portable/GCC/ARM_CM3/port.c **** 
  74:lib/freertos/portable/GCC/ARM_CM3/port.c **** /* Scheduler includes. */
  75:lib/freertos/portable/GCC/ARM_CM3/port.c **** #include "FreeRTOS.h"
  76:lib/freertos/portable/GCC/ARM_CM3/port.c **** #include "task.h"
  77:lib/freertos/portable/GCC/ARM_CM3/port.c **** 
  78:lib/freertos/portable/GCC/ARM_CM3/port.c **** /* For backward compatibility, ensure configKERNEL_INTERRUPT_PRIORITY is
  79:lib/freertos/portable/GCC/ARM_CM3/port.c **** defined.  The value should also ensure backward compatibility.
  80:lib/freertos/portable/GCC/ARM_CM3/port.c **** FreeRTOS.org versions prior to V4.4.0 did not include this definition. */
  81:lib/freertos/portable/GCC/ARM_CM3/port.c **** #ifndef configKERNEL_INTERRUPT_PRIORITY
  82:lib/freertos/portable/GCC/ARM_CM3/port.c **** 	#define configKERNEL_INTERRUPT_PRIORITY 255
  83:lib/freertos/portable/GCC/ARM_CM3/port.c **** #endif
  84:lib/freertos/portable/GCC/ARM_CM3/port.c **** 
  85:lib/freertos/portable/GCC/ARM_CM3/port.c **** #ifndef configSYSTICK_CLOCK_HZ
  86:lib/freertos/portable/GCC/ARM_CM3/port.c **** 	#define configSYSTICK_CLOCK_HZ configCPU_CLOCK_HZ
  87:lib/freertos/portable/GCC/ARM_CM3/port.c **** 	/* Ensure the SysTick is clocked at the same frequency as the core. */
  88:lib/freertos/portable/GCC/ARM_CM3/port.c **** 	#define portNVIC_SYSTICK_CLK_BIT	( 1UL << 2UL )
  89:lib/freertos/portable/GCC/ARM_CM3/port.c **** #else
  90:lib/freertos/portable/GCC/ARM_CM3/port.c **** 	/* The way the SysTick is clocked is not modified in case it is not the same
  91:lib/freertos/portable/GCC/ARM_CM3/port.c **** 	as the core. */
  92:lib/freertos/portable/GCC/ARM_CM3/port.c **** 	#define portNVIC_SYSTICK_CLK_BIT	( 0 )
  93:lib/freertos/portable/GCC/ARM_CM3/port.c **** #endif
ARM GAS  /tmp/ccJFApzV.s 			page 4


  94:lib/freertos/portable/GCC/ARM_CM3/port.c **** 
  95:lib/freertos/portable/GCC/ARM_CM3/port.c **** /* Constants required to manipulate the core.  Registers first... */
  96:lib/freertos/portable/GCC/ARM_CM3/port.c **** #define portNVIC_SYSTICK_CTRL_REG			( * ( ( volatile uint32_t * ) 0xe000e010 ) )
  97:lib/freertos/portable/GCC/ARM_CM3/port.c **** #define portNVIC_SYSTICK_LOAD_REG			( * ( ( volatile uint32_t * ) 0xe000e014 ) )
  98:lib/freertos/portable/GCC/ARM_CM3/port.c **** #define portNVIC_SYSTICK_CURRENT_VALUE_REG	( * ( ( volatile uint32_t * ) 0xe000e018 ) )
  99:lib/freertos/portable/GCC/ARM_CM3/port.c **** #define portNVIC_SYSPRI2_REG				( * ( ( volatile uint32_t * ) 0xe000ed20 ) )
 100:lib/freertos/portable/GCC/ARM_CM3/port.c **** /* ...then bits in the registers. */
 101:lib/freertos/portable/GCC/ARM_CM3/port.c **** #define portNVIC_SYSTICK_INT_BIT			( 1UL << 1UL )
 102:lib/freertos/portable/GCC/ARM_CM3/port.c **** #define portNVIC_SYSTICK_ENABLE_BIT			( 1UL << 0UL )
 103:lib/freertos/portable/GCC/ARM_CM3/port.c **** #define portNVIC_SYSTICK_COUNT_FLAG_BIT		( 1UL << 16UL )
 104:lib/freertos/portable/GCC/ARM_CM3/port.c **** #define portNVIC_PENDSVCLEAR_BIT 			( 1UL << 27UL )
 105:lib/freertos/portable/GCC/ARM_CM3/port.c **** #define portNVIC_PEND_SYSTICK_CLEAR_BIT		( 1UL << 25UL )
 106:lib/freertos/portable/GCC/ARM_CM3/port.c **** 
 107:lib/freertos/portable/GCC/ARM_CM3/port.c **** #define portNVIC_PENDSV_PRI					( ( ( uint32_t ) configKERNEL_INTERRUPT_PRIORITY ) << 16UL )
 108:lib/freertos/portable/GCC/ARM_CM3/port.c **** #define portNVIC_SYSTICK_PRI				( ( ( uint32_t ) configKERNEL_INTERRUPT_PRIORITY ) << 24UL )
 109:lib/freertos/portable/GCC/ARM_CM3/port.c **** 
 110:lib/freertos/portable/GCC/ARM_CM3/port.c **** /* Constants required to check the validity of an interrupt priority. */
 111:lib/freertos/portable/GCC/ARM_CM3/port.c **** #define portFIRST_USER_INTERRUPT_NUMBER		( 16 )
 112:lib/freertos/portable/GCC/ARM_CM3/port.c **** #define portNVIC_IP_REGISTERS_OFFSET_16 	( 0xE000E3F0 )
 113:lib/freertos/portable/GCC/ARM_CM3/port.c **** #define portAIRCR_REG						( * ( ( volatile uint32_t * ) 0xE000ED0C ) )
 114:lib/freertos/portable/GCC/ARM_CM3/port.c **** #define portMAX_8_BIT_VALUE					( ( uint8_t ) 0xff )
 115:lib/freertos/portable/GCC/ARM_CM3/port.c **** #define portTOP_BIT_OF_BYTE					( ( uint8_t ) 0x80 )
 116:lib/freertos/portable/GCC/ARM_CM3/port.c **** #define portMAX_PRIGROUP_BITS				( ( uint8_t ) 7 )
 117:lib/freertos/portable/GCC/ARM_CM3/port.c **** #define portPRIORITY_GROUP_MASK				( 0x07UL << 8UL )
 118:lib/freertos/portable/GCC/ARM_CM3/port.c **** #define portPRIGROUP_SHIFT					( 8UL )
 119:lib/freertos/portable/GCC/ARM_CM3/port.c **** 
 120:lib/freertos/portable/GCC/ARM_CM3/port.c **** /* Masks off all bits but the VECTACTIVE bits in the ICSR register. */
 121:lib/freertos/portable/GCC/ARM_CM3/port.c **** #define portVECTACTIVE_MASK					( 0xFFUL )
 122:lib/freertos/portable/GCC/ARM_CM3/port.c **** 
 123:lib/freertos/portable/GCC/ARM_CM3/port.c **** /* Constants required to set up the initial stack. */
 124:lib/freertos/portable/GCC/ARM_CM3/port.c **** #define portINITIAL_XPSR					( 0x01000000UL )
 125:lib/freertos/portable/GCC/ARM_CM3/port.c **** 
 126:lib/freertos/portable/GCC/ARM_CM3/port.c **** /* The systick is a 24-bit counter. */
 127:lib/freertos/portable/GCC/ARM_CM3/port.c **** #define portMAX_24_BIT_NUMBER				( 0xffffffUL )
 128:lib/freertos/portable/GCC/ARM_CM3/port.c **** 
 129:lib/freertos/portable/GCC/ARM_CM3/port.c **** /* A fiddle factor to estimate the number of SysTick counts that would have
 130:lib/freertos/portable/GCC/ARM_CM3/port.c **** occurred while the SysTick counter is stopped during tickless idle
 131:lib/freertos/portable/GCC/ARM_CM3/port.c **** calculations. */
 132:lib/freertos/portable/GCC/ARM_CM3/port.c **** #define portMISSED_COUNTS_FACTOR			( 45UL )
 133:lib/freertos/portable/GCC/ARM_CM3/port.c **** 
 134:lib/freertos/portable/GCC/ARM_CM3/port.c **** /* For strict compliance with the Cortex-M spec the task start address should
 135:lib/freertos/portable/GCC/ARM_CM3/port.c **** have bit-0 clear, as it is loaded into the PC on exit from an ISR. */
 136:lib/freertos/portable/GCC/ARM_CM3/port.c **** #define portSTART_ADDRESS_MASK				( ( StackType_t ) 0xfffffffeUL )
 137:lib/freertos/portable/GCC/ARM_CM3/port.c **** 
 138:lib/freertos/portable/GCC/ARM_CM3/port.c **** /* Let the user override the pre-loading of the initial LR with the address of
 139:lib/freertos/portable/GCC/ARM_CM3/port.c **** prvTaskExitError() in case it messes up unwinding of the stack in the
 140:lib/freertos/portable/GCC/ARM_CM3/port.c **** debugger. */
 141:lib/freertos/portable/GCC/ARM_CM3/port.c **** #ifdef configTASK_RETURN_ADDRESS
 142:lib/freertos/portable/GCC/ARM_CM3/port.c **** 	#define portTASK_RETURN_ADDRESS	configTASK_RETURN_ADDRESS
 143:lib/freertos/portable/GCC/ARM_CM3/port.c **** #else
 144:lib/freertos/portable/GCC/ARM_CM3/port.c **** 	#define portTASK_RETURN_ADDRESS	prvTaskExitError
 145:lib/freertos/portable/GCC/ARM_CM3/port.c **** #endif
 146:lib/freertos/portable/GCC/ARM_CM3/port.c **** 
 147:lib/freertos/portable/GCC/ARM_CM3/port.c **** /* Each task maintains its own interrupt status in the critical nesting
 148:lib/freertos/portable/GCC/ARM_CM3/port.c **** variable. */
 149:lib/freertos/portable/GCC/ARM_CM3/port.c **** static UBaseType_t uxCriticalNesting = 0xaaaaaaaa;
 150:lib/freertos/portable/GCC/ARM_CM3/port.c **** 
ARM GAS  /tmp/ccJFApzV.s 			page 5


 151:lib/freertos/portable/GCC/ARM_CM3/port.c **** /*
 152:lib/freertos/portable/GCC/ARM_CM3/port.c ****  * Setup the timer to generate the tick interrupts.  The implementation in this
 153:lib/freertos/portable/GCC/ARM_CM3/port.c ****  * file is weak to allow application writers to change the timer used to
 154:lib/freertos/portable/GCC/ARM_CM3/port.c ****  * generate the tick interrupt.
 155:lib/freertos/portable/GCC/ARM_CM3/port.c ****  */
 156:lib/freertos/portable/GCC/ARM_CM3/port.c **** void vPortSetupTimerInterrupt( void );
 157:lib/freertos/portable/GCC/ARM_CM3/port.c **** 
 158:lib/freertos/portable/GCC/ARM_CM3/port.c **** /*
 159:lib/freertos/portable/GCC/ARM_CM3/port.c ****  * Exception handlers.
 160:lib/freertos/portable/GCC/ARM_CM3/port.c ****  */
 161:lib/freertos/portable/GCC/ARM_CM3/port.c **** void xPortPendSVHandler( void ) __attribute__ (( naked ));
 162:lib/freertos/portable/GCC/ARM_CM3/port.c **** void xPortSysTickHandler( void );
 163:lib/freertos/portable/GCC/ARM_CM3/port.c **** void vPortSVCHandler( void ) __attribute__ (( naked ));
 164:lib/freertos/portable/GCC/ARM_CM3/port.c **** 
 165:lib/freertos/portable/GCC/ARM_CM3/port.c **** /*
 166:lib/freertos/portable/GCC/ARM_CM3/port.c ****  * Start first task is a separate function so it can be tested in isolation.
 167:lib/freertos/portable/GCC/ARM_CM3/port.c ****  */
 168:lib/freertos/portable/GCC/ARM_CM3/port.c **** static void prvPortStartFirstTask( void ) __attribute__ (( naked ));
 169:lib/freertos/portable/GCC/ARM_CM3/port.c **** 
 170:lib/freertos/portable/GCC/ARM_CM3/port.c **** /*
 171:lib/freertos/portable/GCC/ARM_CM3/port.c ****  * Used to catch tasks that attempt to return from their implementing function.
 172:lib/freertos/portable/GCC/ARM_CM3/port.c ****  */
 173:lib/freertos/portable/GCC/ARM_CM3/port.c **** static void prvTaskExitError( void );
 174:lib/freertos/portable/GCC/ARM_CM3/port.c **** 
 175:lib/freertos/portable/GCC/ARM_CM3/port.c **** /*-----------------------------------------------------------*/
 176:lib/freertos/portable/GCC/ARM_CM3/port.c **** 
 177:lib/freertos/portable/GCC/ARM_CM3/port.c **** /*
 178:lib/freertos/portable/GCC/ARM_CM3/port.c ****  * The number of SysTick increments that make up one tick period.
 179:lib/freertos/portable/GCC/ARM_CM3/port.c ****  */
 180:lib/freertos/portable/GCC/ARM_CM3/port.c **** #if configUSE_TICKLESS_IDLE == 1
 181:lib/freertos/portable/GCC/ARM_CM3/port.c **** 	static uint32_t ulTimerCountsForOneTick = 0;
 182:lib/freertos/portable/GCC/ARM_CM3/port.c **** #endif /* configUSE_TICKLESS_IDLE */
 183:lib/freertos/portable/GCC/ARM_CM3/port.c **** 
 184:lib/freertos/portable/GCC/ARM_CM3/port.c **** /*
 185:lib/freertos/portable/GCC/ARM_CM3/port.c ****  * The maximum number of tick periods that can be suppressed is limited by the
 186:lib/freertos/portable/GCC/ARM_CM3/port.c ****  * 24 bit resolution of the SysTick timer.
 187:lib/freertos/portable/GCC/ARM_CM3/port.c ****  */
 188:lib/freertos/portable/GCC/ARM_CM3/port.c **** #if configUSE_TICKLESS_IDLE == 1
 189:lib/freertos/portable/GCC/ARM_CM3/port.c **** 	static uint32_t xMaximumPossibleSuppressedTicks = 0;
 190:lib/freertos/portable/GCC/ARM_CM3/port.c **** #endif /* configUSE_TICKLESS_IDLE */
 191:lib/freertos/portable/GCC/ARM_CM3/port.c **** 
 192:lib/freertos/portable/GCC/ARM_CM3/port.c **** /*
 193:lib/freertos/portable/GCC/ARM_CM3/port.c ****  * Compensate for the CPU cycles that pass while the SysTick is stopped (low
 194:lib/freertos/portable/GCC/ARM_CM3/port.c ****  * power functionality only.
 195:lib/freertos/portable/GCC/ARM_CM3/port.c ****  */
 196:lib/freertos/portable/GCC/ARM_CM3/port.c **** #if configUSE_TICKLESS_IDLE == 1
 197:lib/freertos/portable/GCC/ARM_CM3/port.c **** 	static uint32_t ulStoppedTimerCompensation = 0;
 198:lib/freertos/portable/GCC/ARM_CM3/port.c **** #endif /* configUSE_TICKLESS_IDLE */
 199:lib/freertos/portable/GCC/ARM_CM3/port.c **** 
 200:lib/freertos/portable/GCC/ARM_CM3/port.c **** /*
 201:lib/freertos/portable/GCC/ARM_CM3/port.c ****  * Used by the portASSERT_IF_INTERRUPT_PRIORITY_INVALID() macro to ensure
 202:lib/freertos/portable/GCC/ARM_CM3/port.c ****  * FreeRTOS API functions are not called from interrupts that have been assigned
 203:lib/freertos/portable/GCC/ARM_CM3/port.c ****  * a priority above configMAX_SYSCALL_INTERRUPT_PRIORITY.
 204:lib/freertos/portable/GCC/ARM_CM3/port.c ****  */
 205:lib/freertos/portable/GCC/ARM_CM3/port.c **** #if ( configASSERT_DEFINED == 1 )
 206:lib/freertos/portable/GCC/ARM_CM3/port.c **** 	 static uint8_t ucMaxSysCallPriority = 0;
 207:lib/freertos/portable/GCC/ARM_CM3/port.c **** 	 static uint32_t ulMaxPRIGROUPValue = 0;
ARM GAS  /tmp/ccJFApzV.s 			page 6


 208:lib/freertos/portable/GCC/ARM_CM3/port.c **** 	 static const volatile uint8_t * const pcInterruptPriorityRegisters = ( const volatile uint8_t * c
 209:lib/freertos/portable/GCC/ARM_CM3/port.c **** #endif /* configASSERT_DEFINED */
 210:lib/freertos/portable/GCC/ARM_CM3/port.c **** 
 211:lib/freertos/portable/GCC/ARM_CM3/port.c **** /*-----------------------------------------------------------*/
 212:lib/freertos/portable/GCC/ARM_CM3/port.c **** 
 213:lib/freertos/portable/GCC/ARM_CM3/port.c **** /*
 214:lib/freertos/portable/GCC/ARM_CM3/port.c ****  * See header file for description.
 215:lib/freertos/portable/GCC/ARM_CM3/port.c ****  */
 216:lib/freertos/portable/GCC/ARM_CM3/port.c **** StackType_t *pxPortInitialiseStack( StackType_t *pxTopOfStack, TaskFunction_t pxCode, void *pvParam
 217:lib/freertos/portable/GCC/ARM_CM3/port.c **** {
 218:lib/freertos/portable/GCC/ARM_CM3/port.c **** 	/* Simulate the stack frame as it would be created by a context switch
 219:lib/freertos/portable/GCC/ARM_CM3/port.c **** 	interrupt. */
 220:lib/freertos/portable/GCC/ARM_CM3/port.c **** 	pxTopOfStack--; /* Offset added to account for the way the MCU uses the stack on entry/exit of int
 221:lib/freertos/portable/GCC/ARM_CM3/port.c **** 	*pxTopOfStack = portINITIAL_XPSR;	/* xPSR */
 222:lib/freertos/portable/GCC/ARM_CM3/port.c **** 	pxTopOfStack--;
 223:lib/freertos/portable/GCC/ARM_CM3/port.c **** 	*pxTopOfStack = ( ( StackType_t ) pxCode ) & portSTART_ADDRESS_MASK;	/* PC */
 224:lib/freertos/portable/GCC/ARM_CM3/port.c **** 	pxTopOfStack--;
 225:lib/freertos/portable/GCC/ARM_CM3/port.c **** 	*pxTopOfStack = ( StackType_t ) portTASK_RETURN_ADDRESS;	/* LR */
 226:lib/freertos/portable/GCC/ARM_CM3/port.c **** 	pxTopOfStack -= 5;	/* R12, R3, R2 and R1. */
 227:lib/freertos/portable/GCC/ARM_CM3/port.c **** 	*pxTopOfStack = ( StackType_t ) pvParameters;	/* R0 */
 228:lib/freertos/portable/GCC/ARM_CM3/port.c **** 	pxTopOfStack -= 8;	/* R11, R10, R9, R8, R7, R6, R5 and R4. */
 229:lib/freertos/portable/GCC/ARM_CM3/port.c **** 
 230:lib/freertos/portable/GCC/ARM_CM3/port.c **** 	return pxTopOfStack;
 231:lib/freertos/portable/GCC/ARM_CM3/port.c **** }
 232:lib/freertos/portable/GCC/ARM_CM3/port.c **** /*-----------------------------------------------------------*/
 233:lib/freertos/portable/GCC/ARM_CM3/port.c **** 
 234:lib/freertos/portable/GCC/ARM_CM3/port.c **** static void prvTaskExitError( void )
 235:lib/freertos/portable/GCC/ARM_CM3/port.c **** {
  79              		.loc 1 235 1 view -0
  80              		.cfi_startproc
  81              		@ Volatile: function does not return.
  82              		@ args = 0, pretend = 0, frame = 0
  83              		@ frame_needed = 0, uses_anonymous_args = 0
  84              		@ link register save eliminated.
 236:lib/freertos/portable/GCC/ARM_CM3/port.c **** 	/* A function that implements a task must not exit or attempt to return to
 237:lib/freertos/portable/GCC/ARM_CM3/port.c **** 	its caller as there is nothing to return to.  If a task wants to exit it
 238:lib/freertos/portable/GCC/ARM_CM3/port.c **** 	should instead call vTaskDelete( NULL ).
 239:lib/freertos/portable/GCC/ARM_CM3/port.c **** 
 240:lib/freertos/portable/GCC/ARM_CM3/port.c **** 	Artificially force an assert() to be triggered if configASSERT() is
 241:lib/freertos/portable/GCC/ARM_CM3/port.c **** 	defined, then stop here so application writers can catch the error. */
 242:lib/freertos/portable/GCC/ARM_CM3/port.c **** 	configASSERT( uxCriticalNesting == ~0UL );
  85              		.loc 1 242 43 view .LVU1
 243:lib/freertos/portable/GCC/ARM_CM3/port.c **** 	portDISABLE_INTERRUPTS();
  86              		.loc 1 243 2 view .LVU2
  87              	.LBB12:
  88              	.LBI12:
  89              		.file 2 "./lib/freertos/portable/GCC/ARM_CM3/portmacro.h"
   1:./lib/freertos/portable/GCC/ARM_CM3/portmacro.h **** /*
   2:./lib/freertos/portable/GCC/ARM_CM3/portmacro.h ****     FreeRTOS V9.0.0 - Copyright (C) 2016 Real Time Engineers Ltd.
   3:./lib/freertos/portable/GCC/ARM_CM3/portmacro.h ****     All rights reserved
   4:./lib/freertos/portable/GCC/ARM_CM3/portmacro.h **** 
   5:./lib/freertos/portable/GCC/ARM_CM3/portmacro.h ****     VISIT http://www.FreeRTOS.org TO ENSURE YOU ARE USING THE LATEST VERSION.
   6:./lib/freertos/portable/GCC/ARM_CM3/portmacro.h **** 
   7:./lib/freertos/portable/GCC/ARM_CM3/portmacro.h ****     This file is part of the FreeRTOS distribution.
   8:./lib/freertos/portable/GCC/ARM_CM3/portmacro.h **** 
   9:./lib/freertos/portable/GCC/ARM_CM3/portmacro.h ****     FreeRTOS is free software; you can redistribute it and/or modify it under
  10:./lib/freertos/portable/GCC/ARM_CM3/portmacro.h ****     the terms of the GNU General Public License (version 2) as published by the
ARM GAS  /tmp/ccJFApzV.s 			page 7


  11:./lib/freertos/portable/GCC/ARM_CM3/portmacro.h ****     Free Software Foundation >>>> AND MODIFIED BY <<<< the FreeRTOS exception.
  12:./lib/freertos/portable/GCC/ARM_CM3/portmacro.h **** 
  13:./lib/freertos/portable/GCC/ARM_CM3/portmacro.h ****     ***************************************************************************
  14:./lib/freertos/portable/GCC/ARM_CM3/portmacro.h ****     >>!   NOTE: The modification to the GPL is included to allow you to     !<<
  15:./lib/freertos/portable/GCC/ARM_CM3/portmacro.h ****     >>!   distribute a combined work that includes FreeRTOS without being   !<<
  16:./lib/freertos/portable/GCC/ARM_CM3/portmacro.h ****     >>!   obliged to provide the source code for proprietary components     !<<
  17:./lib/freertos/portable/GCC/ARM_CM3/portmacro.h ****     >>!   outside of the FreeRTOS kernel.                                   !<<
  18:./lib/freertos/portable/GCC/ARM_CM3/portmacro.h ****     ***************************************************************************
  19:./lib/freertos/portable/GCC/ARM_CM3/portmacro.h **** 
  20:./lib/freertos/portable/GCC/ARM_CM3/portmacro.h ****     FreeRTOS is distributed in the hope that it will be useful, but WITHOUT ANY
  21:./lib/freertos/portable/GCC/ARM_CM3/portmacro.h ****     WARRANTY; without even the implied warranty of MERCHANTABILITY or FITNESS
  22:./lib/freertos/portable/GCC/ARM_CM3/portmacro.h ****     FOR A PARTICULAR PURPOSE.  Full license text is available on the following
  23:./lib/freertos/portable/GCC/ARM_CM3/portmacro.h ****     link: http://www.freertos.org/a00114.html
  24:./lib/freertos/portable/GCC/ARM_CM3/portmacro.h **** 
  25:./lib/freertos/portable/GCC/ARM_CM3/portmacro.h ****     ***************************************************************************
  26:./lib/freertos/portable/GCC/ARM_CM3/portmacro.h ****      *                                                                       *
  27:./lib/freertos/portable/GCC/ARM_CM3/portmacro.h ****      *    FreeRTOS provides completely free yet professionally developed,    *
  28:./lib/freertos/portable/GCC/ARM_CM3/portmacro.h ****      *    robust, strictly quality controlled, supported, and cross          *
  29:./lib/freertos/portable/GCC/ARM_CM3/portmacro.h ****      *    platform software that is more than just the market leader, it     *
  30:./lib/freertos/portable/GCC/ARM_CM3/portmacro.h ****      *    is the industry's de facto standard.                               *
  31:./lib/freertos/portable/GCC/ARM_CM3/portmacro.h ****      *                                                                       *
  32:./lib/freertos/portable/GCC/ARM_CM3/portmacro.h ****      *    Help yourself get started quickly while simultaneously helping     *
  33:./lib/freertos/portable/GCC/ARM_CM3/portmacro.h ****      *    to support the FreeRTOS project by purchasing a FreeRTOS           *
  34:./lib/freertos/portable/GCC/ARM_CM3/portmacro.h ****      *    tutorial book, reference manual, or both:                          *
  35:./lib/freertos/portable/GCC/ARM_CM3/portmacro.h ****      *    http://www.FreeRTOS.org/Documentation                              *
  36:./lib/freertos/portable/GCC/ARM_CM3/portmacro.h ****      *                                                                       *
  37:./lib/freertos/portable/GCC/ARM_CM3/portmacro.h ****     ***************************************************************************
  38:./lib/freertos/portable/GCC/ARM_CM3/portmacro.h **** 
  39:./lib/freertos/portable/GCC/ARM_CM3/portmacro.h ****     http://www.FreeRTOS.org/FAQHelp.html - Having a problem?  Start by reading
  40:./lib/freertos/portable/GCC/ARM_CM3/portmacro.h ****     the FAQ page "My application does not run, what could be wrong?".  Have you
  41:./lib/freertos/portable/GCC/ARM_CM3/portmacro.h ****     defined configASSERT()?
  42:./lib/freertos/portable/GCC/ARM_CM3/portmacro.h **** 
  43:./lib/freertos/portable/GCC/ARM_CM3/portmacro.h ****     http://www.FreeRTOS.org/support - In return for receiving this top quality
  44:./lib/freertos/portable/GCC/ARM_CM3/portmacro.h ****     embedded software for free we request you assist our global community by
  45:./lib/freertos/portable/GCC/ARM_CM3/portmacro.h ****     participating in the support forum.
  46:./lib/freertos/portable/GCC/ARM_CM3/portmacro.h **** 
  47:./lib/freertos/portable/GCC/ARM_CM3/portmacro.h ****     http://www.FreeRTOS.org/training - Investing in training allows your team to
  48:./lib/freertos/portable/GCC/ARM_CM3/portmacro.h ****     be as productive as possible as early as possible.  Now you can receive
  49:./lib/freertos/portable/GCC/ARM_CM3/portmacro.h ****     FreeRTOS training directly from Richard Barry, CEO of Real Time Engineers
  50:./lib/freertos/portable/GCC/ARM_CM3/portmacro.h ****     Ltd, and the world's leading authority on the world's leading RTOS.
  51:./lib/freertos/portable/GCC/ARM_CM3/portmacro.h **** 
  52:./lib/freertos/portable/GCC/ARM_CM3/portmacro.h ****     http://www.FreeRTOS.org/plus - A selection of FreeRTOS ecosystem products,
  53:./lib/freertos/portable/GCC/ARM_CM3/portmacro.h ****     including FreeRTOS+Trace - an indispensable productivity tool, a DOS
  54:./lib/freertos/portable/GCC/ARM_CM3/portmacro.h ****     compatible FAT file system, and our tiny thread aware UDP/IP stack.
  55:./lib/freertos/portable/GCC/ARM_CM3/portmacro.h **** 
  56:./lib/freertos/portable/GCC/ARM_CM3/portmacro.h ****     http://www.FreeRTOS.org/labs - Where new FreeRTOS products go to incubate.
  57:./lib/freertos/portable/GCC/ARM_CM3/portmacro.h ****     Come and try FreeRTOS+TCP, our new open source TCP/IP stack for FreeRTOS.
  58:./lib/freertos/portable/GCC/ARM_CM3/portmacro.h **** 
  59:./lib/freertos/portable/GCC/ARM_CM3/portmacro.h ****     http://www.OpenRTOS.com - Real Time Engineers ltd. license FreeRTOS to High
  60:./lib/freertos/portable/GCC/ARM_CM3/portmacro.h ****     Integrity Systems ltd. to sell under the OpenRTOS brand.  Low cost OpenRTOS
  61:./lib/freertos/portable/GCC/ARM_CM3/portmacro.h ****     licenses offer ticketed support, indemnification and commercial middleware.
  62:./lib/freertos/portable/GCC/ARM_CM3/portmacro.h **** 
  63:./lib/freertos/portable/GCC/ARM_CM3/portmacro.h ****     http://www.SafeRTOS.com - High Integrity Systems also provide a safety
  64:./lib/freertos/portable/GCC/ARM_CM3/portmacro.h ****     engineered and independently SIL3 certified version for use in safety and
  65:./lib/freertos/portable/GCC/ARM_CM3/portmacro.h ****     mission critical applications that require provable dependability.
  66:./lib/freertos/portable/GCC/ARM_CM3/portmacro.h **** 
  67:./lib/freertos/portable/GCC/ARM_CM3/portmacro.h ****     1 tab == 4 spaces!
ARM GAS  /tmp/ccJFApzV.s 			page 8


  68:./lib/freertos/portable/GCC/ARM_CM3/portmacro.h **** */
  69:./lib/freertos/portable/GCC/ARM_CM3/portmacro.h **** 
  70:./lib/freertos/portable/GCC/ARM_CM3/portmacro.h **** 
  71:./lib/freertos/portable/GCC/ARM_CM3/portmacro.h **** #ifndef PORTMACRO_H
  72:./lib/freertos/portable/GCC/ARM_CM3/portmacro.h **** #define PORTMACRO_H
  73:./lib/freertos/portable/GCC/ARM_CM3/portmacro.h **** 
  74:./lib/freertos/portable/GCC/ARM_CM3/portmacro.h **** #ifdef __cplusplus
  75:./lib/freertos/portable/GCC/ARM_CM3/portmacro.h **** extern "C" {
  76:./lib/freertos/portable/GCC/ARM_CM3/portmacro.h **** #endif
  77:./lib/freertos/portable/GCC/ARM_CM3/portmacro.h **** 
  78:./lib/freertos/portable/GCC/ARM_CM3/portmacro.h **** /*-----------------------------------------------------------
  79:./lib/freertos/portable/GCC/ARM_CM3/portmacro.h ****  * Port specific definitions.
  80:./lib/freertos/portable/GCC/ARM_CM3/portmacro.h ****  *
  81:./lib/freertos/portable/GCC/ARM_CM3/portmacro.h ****  * The settings in this file configure FreeRTOS correctly for the
  82:./lib/freertos/portable/GCC/ARM_CM3/portmacro.h ****  * given hardware and compiler.
  83:./lib/freertos/portable/GCC/ARM_CM3/portmacro.h ****  *
  84:./lib/freertos/portable/GCC/ARM_CM3/portmacro.h ****  * These settings should not be altered.
  85:./lib/freertos/portable/GCC/ARM_CM3/portmacro.h ****  *-----------------------------------------------------------
  86:./lib/freertos/portable/GCC/ARM_CM3/portmacro.h ****  */
  87:./lib/freertos/portable/GCC/ARM_CM3/portmacro.h **** 
  88:./lib/freertos/portable/GCC/ARM_CM3/portmacro.h **** /* Type definitions. */
  89:./lib/freertos/portable/GCC/ARM_CM3/portmacro.h **** #define portCHAR		char
  90:./lib/freertos/portable/GCC/ARM_CM3/portmacro.h **** #define portFLOAT		float
  91:./lib/freertos/portable/GCC/ARM_CM3/portmacro.h **** #define portDOUBLE		double
  92:./lib/freertos/portable/GCC/ARM_CM3/portmacro.h **** #define portLONG		long
  93:./lib/freertos/portable/GCC/ARM_CM3/portmacro.h **** #define portSHORT		short
  94:./lib/freertos/portable/GCC/ARM_CM3/portmacro.h **** #define portSTACK_TYPE	uint32_t
  95:./lib/freertos/portable/GCC/ARM_CM3/portmacro.h **** #define portBASE_TYPE	long
  96:./lib/freertos/portable/GCC/ARM_CM3/portmacro.h **** 
  97:./lib/freertos/portable/GCC/ARM_CM3/portmacro.h **** typedef portSTACK_TYPE StackType_t;
  98:./lib/freertos/portable/GCC/ARM_CM3/portmacro.h **** typedef long BaseType_t;
  99:./lib/freertos/portable/GCC/ARM_CM3/portmacro.h **** typedef unsigned long UBaseType_t;
 100:./lib/freertos/portable/GCC/ARM_CM3/portmacro.h **** 
 101:./lib/freertos/portable/GCC/ARM_CM3/portmacro.h **** #if( configUSE_16_BIT_TICKS == 1 )
 102:./lib/freertos/portable/GCC/ARM_CM3/portmacro.h **** 	typedef uint16_t TickType_t;
 103:./lib/freertos/portable/GCC/ARM_CM3/portmacro.h **** 	#define portMAX_DELAY ( TickType_t ) 0xffff
 104:./lib/freertos/portable/GCC/ARM_CM3/portmacro.h **** #else
 105:./lib/freertos/portable/GCC/ARM_CM3/portmacro.h **** 	typedef uint32_t TickType_t;
 106:./lib/freertos/portable/GCC/ARM_CM3/portmacro.h **** 	#define portMAX_DELAY ( TickType_t ) 0xffffffffUL
 107:./lib/freertos/portable/GCC/ARM_CM3/portmacro.h **** 
 108:./lib/freertos/portable/GCC/ARM_CM3/portmacro.h **** 	/* 32-bit tick type on a 32-bit architecture, so reads of the tick count do
 109:./lib/freertos/portable/GCC/ARM_CM3/portmacro.h **** 	not need to be guarded with a critical section. */
 110:./lib/freertos/portable/GCC/ARM_CM3/portmacro.h **** 	#define portTICK_TYPE_IS_ATOMIC 1
 111:./lib/freertos/portable/GCC/ARM_CM3/portmacro.h **** #endif
 112:./lib/freertos/portable/GCC/ARM_CM3/portmacro.h **** /*-----------------------------------------------------------*/
 113:./lib/freertos/portable/GCC/ARM_CM3/portmacro.h **** 
 114:./lib/freertos/portable/GCC/ARM_CM3/portmacro.h **** /* Architecture specifics. */
 115:./lib/freertos/portable/GCC/ARM_CM3/portmacro.h **** #define portSTACK_GROWTH			( -1 )
 116:./lib/freertos/portable/GCC/ARM_CM3/portmacro.h **** #define portTICK_PERIOD_MS			( ( TickType_t ) 1000 / configTICK_RATE_HZ )
 117:./lib/freertos/portable/GCC/ARM_CM3/portmacro.h **** #define portBYTE_ALIGNMENT			8
 118:./lib/freertos/portable/GCC/ARM_CM3/portmacro.h **** /*-----------------------------------------------------------*/
 119:./lib/freertos/portable/GCC/ARM_CM3/portmacro.h **** 
 120:./lib/freertos/portable/GCC/ARM_CM3/portmacro.h **** /* Scheduler utilities. */
 121:./lib/freertos/portable/GCC/ARM_CM3/portmacro.h **** #define portYIELD() 															\
 122:./lib/freertos/portable/GCC/ARM_CM3/portmacro.h **** {																				\
 123:./lib/freertos/portable/GCC/ARM_CM3/portmacro.h **** 	/* Set a PendSV to request a context switch. */								\
 124:./lib/freertos/portable/GCC/ARM_CM3/portmacro.h **** 	portNVIC_INT_CTRL_REG = portNVIC_PENDSVSET_BIT;								\
ARM GAS  /tmp/ccJFApzV.s 			page 9


 125:./lib/freertos/portable/GCC/ARM_CM3/portmacro.h **** 																				\
 126:./lib/freertos/portable/GCC/ARM_CM3/portmacro.h **** 	/* Barriers are normally not required but do ensure the code is completely	\
 127:./lib/freertos/portable/GCC/ARM_CM3/portmacro.h **** 	within the specified behaviour for the architecture. */						\
 128:./lib/freertos/portable/GCC/ARM_CM3/portmacro.h **** 	__asm volatile( "dsb" );													\
 129:./lib/freertos/portable/GCC/ARM_CM3/portmacro.h **** 	__asm volatile( "isb" );													\
 130:./lib/freertos/portable/GCC/ARM_CM3/portmacro.h **** }
 131:./lib/freertos/portable/GCC/ARM_CM3/portmacro.h **** 
 132:./lib/freertos/portable/GCC/ARM_CM3/portmacro.h **** #define portNVIC_INT_CTRL_REG		( * ( ( volatile uint32_t * ) 0xe000ed04 ) )
 133:./lib/freertos/portable/GCC/ARM_CM3/portmacro.h **** #define portNVIC_PENDSVSET_BIT		( 1UL << 28UL )
 134:./lib/freertos/portable/GCC/ARM_CM3/portmacro.h **** #define portEND_SWITCHING_ISR( xSwitchRequired ) if( xSwitchRequired != pdFALSE ) portYIELD()
 135:./lib/freertos/portable/GCC/ARM_CM3/portmacro.h **** #define portYIELD_FROM_ISR( x ) portEND_SWITCHING_ISR( x )
 136:./lib/freertos/portable/GCC/ARM_CM3/portmacro.h **** /*-----------------------------------------------------------*/
 137:./lib/freertos/portable/GCC/ARM_CM3/portmacro.h **** 
 138:./lib/freertos/portable/GCC/ARM_CM3/portmacro.h **** /* Critical section management. */
 139:./lib/freertos/portable/GCC/ARM_CM3/portmacro.h **** extern void vPortEnterCritical( void );
 140:./lib/freertos/portable/GCC/ARM_CM3/portmacro.h **** extern void vPortExitCritical( void );
 141:./lib/freertos/portable/GCC/ARM_CM3/portmacro.h **** #define portSET_INTERRUPT_MASK_FROM_ISR()		ulPortRaiseBASEPRI()
 142:./lib/freertos/portable/GCC/ARM_CM3/portmacro.h **** #define portCLEAR_INTERRUPT_MASK_FROM_ISR(x)	vPortSetBASEPRI(x)
 143:./lib/freertos/portable/GCC/ARM_CM3/portmacro.h **** #define portDISABLE_INTERRUPTS()				vPortRaiseBASEPRI()
 144:./lib/freertos/portable/GCC/ARM_CM3/portmacro.h **** #define portENABLE_INTERRUPTS()					vPortSetBASEPRI(0)
 145:./lib/freertos/portable/GCC/ARM_CM3/portmacro.h **** #define portENTER_CRITICAL()					vPortEnterCritical()
 146:./lib/freertos/portable/GCC/ARM_CM3/portmacro.h **** #define portEXIT_CRITICAL()						vPortExitCritical()
 147:./lib/freertos/portable/GCC/ARM_CM3/portmacro.h **** 
 148:./lib/freertos/portable/GCC/ARM_CM3/portmacro.h **** /*-----------------------------------------------------------*/
 149:./lib/freertos/portable/GCC/ARM_CM3/portmacro.h **** 
 150:./lib/freertos/portable/GCC/ARM_CM3/portmacro.h **** /* Task function macros as described on the FreeRTOS.org WEB site.  These are
 151:./lib/freertos/portable/GCC/ARM_CM3/portmacro.h **** not necessary for to use this port.  They are defined so the common demo files
 152:./lib/freertos/portable/GCC/ARM_CM3/portmacro.h **** (which build with all the ports) will build. */
 153:./lib/freertos/portable/GCC/ARM_CM3/portmacro.h **** #define portTASK_FUNCTION_PROTO( vFunction, pvParameters ) void vFunction( void *pvParameters )
 154:./lib/freertos/portable/GCC/ARM_CM3/portmacro.h **** #define portTASK_FUNCTION( vFunction, pvParameters ) void vFunction( void *pvParameters )
 155:./lib/freertos/portable/GCC/ARM_CM3/portmacro.h **** /*-----------------------------------------------------------*/
 156:./lib/freertos/portable/GCC/ARM_CM3/portmacro.h **** 
 157:./lib/freertos/portable/GCC/ARM_CM3/portmacro.h **** /* Tickless idle/low power functionality. */
 158:./lib/freertos/portable/GCC/ARM_CM3/portmacro.h **** #ifndef portSUPPRESS_TICKS_AND_SLEEP
 159:./lib/freertos/portable/GCC/ARM_CM3/portmacro.h **** 	extern void vPortSuppressTicksAndSleep( TickType_t xExpectedIdleTime );
 160:./lib/freertos/portable/GCC/ARM_CM3/portmacro.h **** 	#define portSUPPRESS_TICKS_AND_SLEEP( xExpectedIdleTime ) vPortSuppressTicksAndSleep( xExpectedIdl
 161:./lib/freertos/portable/GCC/ARM_CM3/portmacro.h **** #endif
 162:./lib/freertos/portable/GCC/ARM_CM3/portmacro.h **** /*-----------------------------------------------------------*/
 163:./lib/freertos/portable/GCC/ARM_CM3/portmacro.h **** 
 164:./lib/freertos/portable/GCC/ARM_CM3/portmacro.h **** /* Architecture specific optimisations. */
 165:./lib/freertos/portable/GCC/ARM_CM3/portmacro.h **** #ifndef configUSE_PORT_OPTIMISED_TASK_SELECTION
 166:./lib/freertos/portable/GCC/ARM_CM3/portmacro.h **** 	#define configUSE_PORT_OPTIMISED_TASK_SELECTION 1
 167:./lib/freertos/portable/GCC/ARM_CM3/portmacro.h **** #endif
 168:./lib/freertos/portable/GCC/ARM_CM3/portmacro.h **** 
 169:./lib/freertos/portable/GCC/ARM_CM3/portmacro.h **** #if configUSE_PORT_OPTIMISED_TASK_SELECTION == 1
 170:./lib/freertos/portable/GCC/ARM_CM3/portmacro.h **** 
 171:./lib/freertos/portable/GCC/ARM_CM3/portmacro.h **** 	/* Generic helper function. */
 172:./lib/freertos/portable/GCC/ARM_CM3/portmacro.h **** 	__attribute__( ( always_inline ) ) static inline uint8_t ucPortCountLeadingZeros( uint32_t ulBitma
 173:./lib/freertos/portable/GCC/ARM_CM3/portmacro.h **** 	{
 174:./lib/freertos/portable/GCC/ARM_CM3/portmacro.h **** 	uint8_t ucReturn;
 175:./lib/freertos/portable/GCC/ARM_CM3/portmacro.h **** 
 176:./lib/freertos/portable/GCC/ARM_CM3/portmacro.h **** 		__asm volatile ( "clz %0, %1" : "=r" ( ucReturn ) : "r" ( ulBitmap ) );
 177:./lib/freertos/portable/GCC/ARM_CM3/portmacro.h **** 		return ucReturn;
 178:./lib/freertos/portable/GCC/ARM_CM3/portmacro.h **** 	}
 179:./lib/freertos/portable/GCC/ARM_CM3/portmacro.h **** 
 180:./lib/freertos/portable/GCC/ARM_CM3/portmacro.h **** 	/* Check the configuration. */
 181:./lib/freertos/portable/GCC/ARM_CM3/portmacro.h **** 	#if( configMAX_PRIORITIES > 32 )
ARM GAS  /tmp/ccJFApzV.s 			page 10


 182:./lib/freertos/portable/GCC/ARM_CM3/portmacro.h **** 		#error configUSE_PORT_OPTIMISED_TASK_SELECTION can only be set to 1 when configMAX_PRIORITIES is 
 183:./lib/freertos/portable/GCC/ARM_CM3/portmacro.h **** 	#endif
 184:./lib/freertos/portable/GCC/ARM_CM3/portmacro.h **** 
 185:./lib/freertos/portable/GCC/ARM_CM3/portmacro.h **** 	/* Store/clear the ready priorities in a bit map. */
 186:./lib/freertos/portable/GCC/ARM_CM3/portmacro.h **** 	#define portRECORD_READY_PRIORITY( uxPriority, uxReadyPriorities ) ( uxReadyPriorities ) |= ( 1UL 
 187:./lib/freertos/portable/GCC/ARM_CM3/portmacro.h **** 	#define portRESET_READY_PRIORITY( uxPriority, uxReadyPriorities ) ( uxReadyPriorities ) &= ~( 1UL 
 188:./lib/freertos/portable/GCC/ARM_CM3/portmacro.h **** 
 189:./lib/freertos/portable/GCC/ARM_CM3/portmacro.h **** 	/*-----------------------------------------------------------*/
 190:./lib/freertos/portable/GCC/ARM_CM3/portmacro.h **** 
 191:./lib/freertos/portable/GCC/ARM_CM3/portmacro.h **** 	#define portGET_HIGHEST_PRIORITY( uxTopPriority, uxReadyPriorities ) uxTopPriority = ( 31UL - ( ui
 192:./lib/freertos/portable/GCC/ARM_CM3/portmacro.h **** 
 193:./lib/freertos/portable/GCC/ARM_CM3/portmacro.h **** #endif /* configUSE_PORT_OPTIMISED_TASK_SELECTION */
 194:./lib/freertos/portable/GCC/ARM_CM3/portmacro.h **** 
 195:./lib/freertos/portable/GCC/ARM_CM3/portmacro.h **** /*-----------------------------------------------------------*/
 196:./lib/freertos/portable/GCC/ARM_CM3/portmacro.h **** 
 197:./lib/freertos/portable/GCC/ARM_CM3/portmacro.h **** #ifdef configASSERT
 198:./lib/freertos/portable/GCC/ARM_CM3/portmacro.h **** 	void vPortValidateInterruptPriority( void );
 199:./lib/freertos/portable/GCC/ARM_CM3/portmacro.h **** 	#define portASSERT_IF_INTERRUPT_PRIORITY_INVALID() 	vPortValidateInterruptPriority()
 200:./lib/freertos/portable/GCC/ARM_CM3/portmacro.h **** #endif
 201:./lib/freertos/portable/GCC/ARM_CM3/portmacro.h **** 
 202:./lib/freertos/portable/GCC/ARM_CM3/portmacro.h **** /* portNOP() is not required by this port. */
 203:./lib/freertos/portable/GCC/ARM_CM3/portmacro.h **** #define portNOP()
 204:./lib/freertos/portable/GCC/ARM_CM3/portmacro.h **** 
 205:./lib/freertos/portable/GCC/ARM_CM3/portmacro.h **** #define portINLINE	__inline
 206:./lib/freertos/portable/GCC/ARM_CM3/portmacro.h **** 
 207:./lib/freertos/portable/GCC/ARM_CM3/portmacro.h **** #ifndef portFORCE_INLINE
 208:./lib/freertos/portable/GCC/ARM_CM3/portmacro.h **** 	#define portFORCE_INLINE inline __attribute__(( always_inline))
 209:./lib/freertos/portable/GCC/ARM_CM3/portmacro.h **** #endif
 210:./lib/freertos/portable/GCC/ARM_CM3/portmacro.h **** 
 211:./lib/freertos/portable/GCC/ARM_CM3/portmacro.h **** portFORCE_INLINE static BaseType_t xPortIsInsideInterrupt( void )
 212:./lib/freertos/portable/GCC/ARM_CM3/portmacro.h **** {
 213:./lib/freertos/portable/GCC/ARM_CM3/portmacro.h **** uint32_t ulCurrentInterrupt;
 214:./lib/freertos/portable/GCC/ARM_CM3/portmacro.h **** BaseType_t xReturn;
 215:./lib/freertos/portable/GCC/ARM_CM3/portmacro.h **** 
 216:./lib/freertos/portable/GCC/ARM_CM3/portmacro.h **** 	/* Obtain the number of the currently executing interrupt. */
 217:./lib/freertos/portable/GCC/ARM_CM3/portmacro.h **** 	__asm volatile( "mrs %0, ipsr" : "=r"( ulCurrentInterrupt ) );
 218:./lib/freertos/portable/GCC/ARM_CM3/portmacro.h **** 
 219:./lib/freertos/portable/GCC/ARM_CM3/portmacro.h **** 	if( ulCurrentInterrupt == 0 )
 220:./lib/freertos/portable/GCC/ARM_CM3/portmacro.h **** 	{
 221:./lib/freertos/portable/GCC/ARM_CM3/portmacro.h **** 		xReturn = pdFALSE;
 222:./lib/freertos/portable/GCC/ARM_CM3/portmacro.h **** 	}
 223:./lib/freertos/portable/GCC/ARM_CM3/portmacro.h **** 	else
 224:./lib/freertos/portable/GCC/ARM_CM3/portmacro.h **** 	{
 225:./lib/freertos/portable/GCC/ARM_CM3/portmacro.h **** 		xReturn = pdTRUE;
 226:./lib/freertos/portable/GCC/ARM_CM3/portmacro.h **** 	}
 227:./lib/freertos/portable/GCC/ARM_CM3/portmacro.h **** 
 228:./lib/freertos/portable/GCC/ARM_CM3/portmacro.h **** 	return xReturn;
 229:./lib/freertos/portable/GCC/ARM_CM3/portmacro.h **** }
 230:./lib/freertos/portable/GCC/ARM_CM3/portmacro.h **** 
 231:./lib/freertos/portable/GCC/ARM_CM3/portmacro.h **** /*-----------------------------------------------------------*/
 232:./lib/freertos/portable/GCC/ARM_CM3/portmacro.h **** 
 233:./lib/freertos/portable/GCC/ARM_CM3/portmacro.h **** portFORCE_INLINE static void vPortRaiseBASEPRI( void )
  90              		.loc 2 233 30 view .LVU3
  91              	.LBB13:
 234:./lib/freertos/portable/GCC/ARM_CM3/portmacro.h **** {
 235:./lib/freertos/portable/GCC/ARM_CM3/portmacro.h **** uint32_t ulNewBASEPRI;
  92              		.loc 2 235 1 view .LVU4
ARM GAS  /tmp/ccJFApzV.s 			page 11


 236:./lib/freertos/portable/GCC/ARM_CM3/portmacro.h **** 
 237:./lib/freertos/portable/GCC/ARM_CM3/portmacro.h **** 	__asm volatile
  93              		.loc 2 237 2 view .LVU5
  94              		.syntax unified
  95              	@ 237 "./lib/freertos/portable/GCC/ARM_CM3/portmacro.h" 1
  96 0000 4FF01003 			mov r3, #16													@ ulNewBASEPRI,
  97 0004 83F31188 		msr basepri, r3												@ ulNewBASEPRI
  98 0008 BFF36F8F 		isb														
  99 000c BFF34F8F 		dsb														
 100              	
 101              	@ 0 "" 2
 102              	.LVL0:
 103              		.thumb
 104              		.syntax unified
 105              	.L2:
 106              		.loc 2 237 2 is_stmt 0 view .LVU6
 107              	.LBE13:
 108              	.LBE12:
 244:lib/freertos/portable/GCC/ARM_CM3/port.c **** 	for( ;; );
 109              		.loc 1 244 2 is_stmt 1 discriminator 1 view .LVU7
 110              		.loc 1 244 11 discriminator 1 view .LVU8
 111              		.loc 1 244 8 discriminator 1 view .LVU9
 112 0010 FEE7     		b	.L2		@
 113              		.cfi_endproc
 114              	.LFE6:
 115              		.size	prvTaskExitError, .-prvTaskExitError
 116              		.align	1
 117              		.syntax unified
 118              		.thumb
 119              		.thumb_func
 120              		.fpu softvfp
 121              		.type	prvPortStartFirstTask, %function
 122              	prvPortStartFirstTask:
 123              	.LFB8:
 245:lib/freertos/portable/GCC/ARM_CM3/port.c **** }
 246:lib/freertos/portable/GCC/ARM_CM3/port.c **** /*-----------------------------------------------------------*/
 247:lib/freertos/portable/GCC/ARM_CM3/port.c **** 
 248:lib/freertos/portable/GCC/ARM_CM3/port.c **** void vPortSVCHandler( void )
 249:lib/freertos/portable/GCC/ARM_CM3/port.c **** {
 250:lib/freertos/portable/GCC/ARM_CM3/port.c **** 	__asm volatile (
 251:lib/freertos/portable/GCC/ARM_CM3/port.c **** 					"	ldr	r3, pxCurrentTCBConst2		\n" /* Restore the context. */
 252:lib/freertos/portable/GCC/ARM_CM3/port.c **** 					"	ldr r1, [r3]					\n" /* Use pxCurrentTCBConst to get the pxCurrentTCB address. */
 253:lib/freertos/portable/GCC/ARM_CM3/port.c **** 					"	ldr r0, [r1]					\n" /* The first item in pxCurrentTCB is the task top of stack. */
 254:lib/freertos/portable/GCC/ARM_CM3/port.c **** 					"	ldmia r0!, {r4-r11}				\n" /* Pop the registers that are not automatically saved on exceptio
 255:lib/freertos/portable/GCC/ARM_CM3/port.c **** 					"	msr psp, r0						\n" /* Restore the task stack pointer. */
 256:lib/freertos/portable/GCC/ARM_CM3/port.c **** 					"	isb								\n"
 257:lib/freertos/portable/GCC/ARM_CM3/port.c **** 					"	mov r0, #0 						\n"
 258:lib/freertos/portable/GCC/ARM_CM3/port.c **** 					"	msr	basepri, r0					\n"
 259:lib/freertos/portable/GCC/ARM_CM3/port.c **** 					"	orr r14, #0xd					\n"
 260:lib/freertos/portable/GCC/ARM_CM3/port.c **** 					"	bx r14							\n"
 261:lib/freertos/portable/GCC/ARM_CM3/port.c **** 					"									\n"
 262:lib/freertos/portable/GCC/ARM_CM3/port.c **** 					"	.align 4						\n"
 263:lib/freertos/portable/GCC/ARM_CM3/port.c **** 					"pxCurrentTCBConst2: .word pxCurrentTCB				\n"
 264:lib/freertos/portable/GCC/ARM_CM3/port.c **** 				);
 265:lib/freertos/portable/GCC/ARM_CM3/port.c **** }
 266:lib/freertos/portable/GCC/ARM_CM3/port.c **** /*-----------------------------------------------------------*/
 267:lib/freertos/portable/GCC/ARM_CM3/port.c **** 
ARM GAS  /tmp/ccJFApzV.s 			page 12


 268:lib/freertos/portable/GCC/ARM_CM3/port.c **** static void prvPortStartFirstTask( void )
 269:lib/freertos/portable/GCC/ARM_CM3/port.c **** {
 124              		.loc 1 269 1 view -0
 125              		.cfi_startproc
 126              		@ Naked Function: prologue and epilogue provided by programmer.
 127              		@ args = 0, pretend = 0, frame = 0
 128              		@ frame_needed = 0, uses_anonymous_args = 0
 270:lib/freertos/portable/GCC/ARM_CM3/port.c **** 	__asm volatile(
 129              		.loc 1 270 2 view .LVU11
 130              		.syntax unified
 131              	@ 270 "lib/freertos/portable/GCC/ARM_CM3/port.c" 1
 132 0012 5548     		 ldr r0, =0xE000ED08 	
 133 0014 0068     	 ldr r0, [r0] 			
 134 0016 0068     	 ldr r0, [r0] 			
 135 0018 80F30888 	 msr msp, r0			
 136 001c 62B6     	 cpsie i				
 137 001e 61B6     	 cpsie f				
 138 0020 BFF34F8F 	 dsb					
 139 0024 BFF36F8F 	 isb					
 140 0028 00DF     	 svc 0					
 141 002a 00BF     	 nop					
 142              	
 143              	@ 0 "" 2
 144              	@ lib/freertos/portable/GCC/ARM_CM3/port.c:282: }
 271:lib/freertos/portable/GCC/ARM_CM3/port.c **** 					" ldr r0, =0xE000ED08 	\n" /* Use the NVIC offset register to locate the stack. */
 272:lib/freertos/portable/GCC/ARM_CM3/port.c **** 					" ldr r0, [r0] 			\n"
 273:lib/freertos/portable/GCC/ARM_CM3/port.c **** 					" ldr r0, [r0] 			\n"
 274:lib/freertos/portable/GCC/ARM_CM3/port.c **** 					" msr msp, r0			\n" /* Set the msp back to the start of the stack. */
 275:lib/freertos/portable/GCC/ARM_CM3/port.c **** 					" cpsie i				\n" /* Globally enable interrupts. */
 276:lib/freertos/portable/GCC/ARM_CM3/port.c **** 					" cpsie f				\n"
 277:lib/freertos/portable/GCC/ARM_CM3/port.c **** 					" dsb					\n"
 278:lib/freertos/portable/GCC/ARM_CM3/port.c **** 					" isb					\n"
 279:lib/freertos/portable/GCC/ARM_CM3/port.c **** 					" svc 0					\n" /* System call to start first task. */
 280:lib/freertos/portable/GCC/ARM_CM3/port.c **** 					" nop					\n"
 281:lib/freertos/portable/GCC/ARM_CM3/port.c **** 				);
 282:lib/freertos/portable/GCC/ARM_CM3/port.c **** }
 145              		.loc 1 282 1 is_stmt 0 view .LVU12
 146              		.thumb
 147              		.syntax unified
 148              		.cfi_endproc
 149              	.LFE8:
 150              		.size	prvPortStartFirstTask, .-prvPortStartFirstTask
 151              		.align	1
 152              		.global	pxPortInitialiseStack
 153              		.syntax unified
 154              		.thumb
 155              		.thumb_func
 156              		.fpu softvfp
 157              		.type	pxPortInitialiseStack, %function
 158              	pxPortInitialiseStack:
 159              	.LVL1:
 160              	.LFB5:
 217:lib/freertos/portable/GCC/ARM_CM3/port.c **** 	/* Simulate the stack frame as it would be created by a context switch
 161              		.loc 1 217 1 is_stmt 1 view -0
 162              		.cfi_startproc
 163              		@ args = 0, pretend = 0, frame = 0
 164              		@ frame_needed = 0, uses_anonymous_args = 0
ARM GAS  /tmp/ccJFApzV.s 			page 13


 165              		@ link register save eliminated.
 220:lib/freertos/portable/GCC/ARM_CM3/port.c **** 	*pxTopOfStack = portINITIAL_XPSR;	/* xPSR */
 166              		.loc 1 220 2 view .LVU14
 221:lib/freertos/portable/GCC/ARM_CM3/port.c **** 	pxTopOfStack--;
 167              		.loc 1 221 2 view .LVU15
 168              	@ lib/freertos/portable/GCC/ARM_CM3/port.c:221: 	*pxTopOfStack = portINITIAL_XPSR;	/* xPSR */
 221:lib/freertos/portable/GCC/ARM_CM3/port.c **** 	pxTopOfStack--;
 169              		.loc 1 221 16 is_stmt 0 view .LVU16
 170 002c 4FF08073 		mov	r3, #16777216	@ tmp118,
 171 0030 40F8043C 		str	r3, [r0, #-4]	@ tmp118, MEM[(StackType_t *)pxTopOfStack_5(D) + 4294967292B]
 222:lib/freertos/portable/GCC/ARM_CM3/port.c **** 	*pxTopOfStack = ( ( StackType_t ) pxCode ) & portSTART_ADDRESS_MASK;	/* PC */
 172              		.loc 1 222 2 is_stmt 1 view .LVU17
 173              	.LVL2:
 223:lib/freertos/portable/GCC/ARM_CM3/port.c **** 	pxTopOfStack--;
 174              		.loc 1 223 2 view .LVU18
 175              	@ lib/freertos/portable/GCC/ARM_CM3/port.c:225: 	*pxTopOfStack = ( StackType_t ) portTASK_RETURN_AD
 225:lib/freertos/portable/GCC/ARM_CM3/port.c **** 	pxTopOfStack -= 5;	/* R12, R3, R2 and R1. */
 176              		.loc 1 225 16 is_stmt 0 view .LVU19
 177 0034 054B     		ldr	r3, .L5	@ tmp120,
 178              	@ lib/freertos/portable/GCC/ARM_CM3/port.c:223: 	*pxTopOfStack = ( ( StackType_t ) pxCode ) & portS
 223:lib/freertos/portable/GCC/ARM_CM3/port.c **** 	pxTopOfStack--;
 179              		.loc 1 223 45 view .LVU20
 180 0036 21F00101 		bic	r1, r1, #1	@ tmp119, tmp123,
 181              	.LVL3:
 182              	@ lib/freertos/portable/GCC/ARM_CM3/port.c:223: 	*pxTopOfStack = ( ( StackType_t ) pxCode ) & portS
 223:lib/freertos/portable/GCC/ARM_CM3/port.c **** 	pxTopOfStack--;
 183              		.loc 1 223 16 view .LVU21
 184 003a 40F8081C 		str	r1, [r0, #-8]	@ tmp119, MEM[(StackType_t *)pxTopOfStack_5(D) + 4294967288B]
 224:lib/freertos/portable/GCC/ARM_CM3/port.c **** 	*pxTopOfStack = ( StackType_t ) portTASK_RETURN_ADDRESS;	/* LR */
 185              		.loc 1 224 2 is_stmt 1 view .LVU22
 186              	.LVL4:
 225:lib/freertos/portable/GCC/ARM_CM3/port.c **** 	pxTopOfStack -= 5;	/* R12, R3, R2 and R1. */
 187              		.loc 1 225 2 view .LVU23
 188              	@ lib/freertos/portable/GCC/ARM_CM3/port.c:225: 	*pxTopOfStack = ( StackType_t ) portTASK_RETURN_AD
 225:lib/freertos/portable/GCC/ARM_CM3/port.c **** 	pxTopOfStack -= 5;	/* R12, R3, R2 and R1. */
 189              		.loc 1 225 16 is_stmt 0 view .LVU24
 190 003e 40F80C3C 		str	r3, [r0, #-12]	@ tmp120, MEM[(StackType_t *)pxTopOfStack_5(D) + 4294967284B]
 226:lib/freertos/portable/GCC/ARM_CM3/port.c **** 	*pxTopOfStack = ( StackType_t ) pvParameters;	/* R0 */
 191              		.loc 1 226 2 is_stmt 1 view .LVU25
 192              	.LVL5:
 227:lib/freertos/portable/GCC/ARM_CM3/port.c **** 	pxTopOfStack -= 8;	/* R11, R10, R9, R8, R7, R6, R5 and R4. */
 193              		.loc 1 227 2 view .LVU26
 194              	@ lib/freertos/portable/GCC/ARM_CM3/port.c:227: 	*pxTopOfStack = ( StackType_t ) pvParameters;	/* R
 227:lib/freertos/portable/GCC/ARM_CM3/port.c **** 	pxTopOfStack -= 8;	/* R11, R10, R9, R8, R7, R6, R5 and R4. */
 195              		.loc 1 227 16 is_stmt 0 view .LVU27
 196 0042 40F8202C 		str	r2, [r0, #-32]	@ tmp124, MEM[(StackType_t *)pxTopOfStack_5(D) + 4294967264B]
 228:lib/freertos/portable/GCC/ARM_CM3/port.c **** 
 197              		.loc 1 228 2 is_stmt 1 view .LVU28
 198              	.LVL6:
 230:lib/freertos/portable/GCC/ARM_CM3/port.c **** }
 199              		.loc 1 230 2 view .LVU29
 200              	@ lib/freertos/portable/GCC/ARM_CM3/port.c:231: }
 231:lib/freertos/portable/GCC/ARM_CM3/port.c **** /*-----------------------------------------------------------*/
 201              		.loc 1 231 1 is_stmt 0 view .LVU30
 202 0046 4038     		subs	r0, r0, #64	@, pxTopOfStack,
 203              	.LVL7:
 231:lib/freertos/portable/GCC/ARM_CM3/port.c **** /*-----------------------------------------------------------*/
ARM GAS  /tmp/ccJFApzV.s 			page 14


 204              		.loc 1 231 1 view .LVU31
 205 0048 7047     		bx	lr	@
 206              	.L6:
 207 004a 00BF     		.align	2
 208              	.L5:
 209 004c 00000000 		.word	prvTaskExitError
 210              		.cfi_endproc
 211              	.LFE5:
 212              		.size	pxPortInitialiseStack, .-pxPortInitialiseStack
 213              		.align	1
 214              		.global	SVC_Handler
 215              		.syntax unified
 216              		.thumb
 217              		.thumb_func
 218              		.fpu softvfp
 219              		.type	SVC_Handler, %function
 220              	SVC_Handler:
 221              	.LFB7:
 249:lib/freertos/portable/GCC/ARM_CM3/port.c **** 	__asm volatile (
 222              		.loc 1 249 1 is_stmt 1 view -0
 223              		.cfi_startproc
 224              		@ Naked Function: prologue and epilogue provided by programmer.
 225              		@ args = 0, pretend = 0, frame = 0
 226              		@ frame_needed = 0, uses_anonymous_args = 0
 250:lib/freertos/portable/GCC/ARM_CM3/port.c **** 					"	ldr	r3, pxCurrentTCBConst2		\n" /* Restore the context. */
 227              		.loc 1 250 2 view .LVU33
 228              		.syntax unified
 229              	@ 250 "lib/freertos/portable/GCC/ARM_CM3/port.c" 1
 230 0050 074B     			ldr	r3, pxCurrentTCBConst2		
 231 0052 1968     		ldr r1, [r3]					
 232 0054 0868     		ldr r0, [r1]					
 233 0056 B0E8F00F 		ldmia r0!, {r4-r11}				
 234 005a 80F30988 		msr psp, r0						
 235 005e BFF36F8F 		isb								
 236 0062 4FF00000 		mov r0, #0 						
 237 0066 80F31188 		msr	basepri, r0					
 238 006a 4EF00D0E 		orr r14, #0xd					
 239 006e 7047     		bx r14							
 240              										
 241              		.align 4						
 242 0070 00000000 	pxCurrentTCBConst2: .word pxCurrentTCB				
 243              	
 244              	@ 0 "" 2
 245              	@ lib/freertos/portable/GCC/ARM_CM3/port.c:265: }
 265:lib/freertos/portable/GCC/ARM_CM3/port.c **** /*-----------------------------------------------------------*/
 246              		.loc 1 265 1 is_stmt 0 view .LVU34
 247              		.thumb
 248              		.syntax unified
 249              		.cfi_endproc
 250              	.LFE7:
 251              		.size	SVC_Handler, .-SVC_Handler
 252              		.align	1
 253              		.global	vPortEndScheduler
 254              		.syntax unified
 255              		.thumb
 256              		.thumb_func
 257              		.fpu softvfp
ARM GAS  /tmp/ccJFApzV.s 			page 15


 258              		.type	vPortEndScheduler, %function
 259              	vPortEndScheduler:
 260              	.LFB10:
 283:lib/freertos/portable/GCC/ARM_CM3/port.c **** /*-----------------------------------------------------------*/
 284:lib/freertos/portable/GCC/ARM_CM3/port.c **** 
 285:lib/freertos/portable/GCC/ARM_CM3/port.c **** /*
 286:lib/freertos/portable/GCC/ARM_CM3/port.c ****  * See header file for description.
 287:lib/freertos/portable/GCC/ARM_CM3/port.c ****  */
 288:lib/freertos/portable/GCC/ARM_CM3/port.c **** BaseType_t xPortStartScheduler( void )
 289:lib/freertos/portable/GCC/ARM_CM3/port.c **** {
 290:lib/freertos/portable/GCC/ARM_CM3/port.c **** 	/* configMAX_SYSCALL_INTERRUPT_PRIORITY must not be set to 0.
 291:lib/freertos/portable/GCC/ARM_CM3/port.c **** 	See http://www.FreeRTOS.org/RTOS-Cortex-M3-M4.html */
 292:lib/freertos/portable/GCC/ARM_CM3/port.c **** 	configASSERT( configMAX_SYSCALL_INTERRUPT_PRIORITY );
 293:lib/freertos/portable/GCC/ARM_CM3/port.c **** 
 294:lib/freertos/portable/GCC/ARM_CM3/port.c **** 	#if( configASSERT_DEFINED == 1 )
 295:lib/freertos/portable/GCC/ARM_CM3/port.c **** 	{
 296:lib/freertos/portable/GCC/ARM_CM3/port.c **** 		volatile uint32_t ulOriginalPriority;
 297:lib/freertos/portable/GCC/ARM_CM3/port.c **** 		volatile uint8_t * const pucFirstUserPriorityRegister = ( volatile uint8_t * const ) ( portNVIC_I
 298:lib/freertos/portable/GCC/ARM_CM3/port.c **** 		volatile uint8_t ucMaxPriorityValue;
 299:lib/freertos/portable/GCC/ARM_CM3/port.c **** 
 300:lib/freertos/portable/GCC/ARM_CM3/port.c **** 		/* Determine the maximum priority from which ISR safe FreeRTOS API
 301:lib/freertos/portable/GCC/ARM_CM3/port.c **** 		functions can be called.  ISR safe functions are those that end in
 302:lib/freertos/portable/GCC/ARM_CM3/port.c **** 		"FromISR".  FreeRTOS maintains separate thread and ISR API functions to
 303:lib/freertos/portable/GCC/ARM_CM3/port.c **** 		ensure interrupt entry is as fast and simple as possible.
 304:lib/freertos/portable/GCC/ARM_CM3/port.c **** 
 305:lib/freertos/portable/GCC/ARM_CM3/port.c **** 		Save the interrupt priority value that is about to be clobbered. */
 306:lib/freertos/portable/GCC/ARM_CM3/port.c **** 		ulOriginalPriority = *pucFirstUserPriorityRegister;
 307:lib/freertos/portable/GCC/ARM_CM3/port.c **** 
 308:lib/freertos/portable/GCC/ARM_CM3/port.c **** 		/* Determine the number of priority bits available.  First write to all
 309:lib/freertos/portable/GCC/ARM_CM3/port.c **** 		possible bits. */
 310:lib/freertos/portable/GCC/ARM_CM3/port.c **** 		*pucFirstUserPriorityRegister = portMAX_8_BIT_VALUE;
 311:lib/freertos/portable/GCC/ARM_CM3/port.c **** 
 312:lib/freertos/portable/GCC/ARM_CM3/port.c **** 		/* Read the value back to see how many bits stuck. */
 313:lib/freertos/portable/GCC/ARM_CM3/port.c **** 		ucMaxPriorityValue = *pucFirstUserPriorityRegister;
 314:lib/freertos/portable/GCC/ARM_CM3/port.c **** 
 315:lib/freertos/portable/GCC/ARM_CM3/port.c **** 		/* Use the same mask on the maximum system call priority. */
 316:lib/freertos/portable/GCC/ARM_CM3/port.c **** 		ucMaxSysCallPriority = configMAX_SYSCALL_INTERRUPT_PRIORITY & ucMaxPriorityValue;
 317:lib/freertos/portable/GCC/ARM_CM3/port.c **** 
 318:lib/freertos/portable/GCC/ARM_CM3/port.c **** 		/* Calculate the maximum acceptable priority group value for the number
 319:lib/freertos/portable/GCC/ARM_CM3/port.c **** 		of bits read back. */
 320:lib/freertos/portable/GCC/ARM_CM3/port.c **** 		ulMaxPRIGROUPValue = portMAX_PRIGROUP_BITS;
 321:lib/freertos/portable/GCC/ARM_CM3/port.c **** 		while( ( ucMaxPriorityValue & portTOP_BIT_OF_BYTE ) == portTOP_BIT_OF_BYTE )
 322:lib/freertos/portable/GCC/ARM_CM3/port.c **** 		{
 323:lib/freertos/portable/GCC/ARM_CM3/port.c **** 			ulMaxPRIGROUPValue--;
 324:lib/freertos/portable/GCC/ARM_CM3/port.c **** 			ucMaxPriorityValue <<= ( uint8_t ) 0x01;
 325:lib/freertos/portable/GCC/ARM_CM3/port.c **** 		}
 326:lib/freertos/portable/GCC/ARM_CM3/port.c **** 
 327:lib/freertos/portable/GCC/ARM_CM3/port.c **** 		/* Shift the priority group value back to its position within the AIRCR
 328:lib/freertos/portable/GCC/ARM_CM3/port.c **** 		register. */
 329:lib/freertos/portable/GCC/ARM_CM3/port.c **** 		ulMaxPRIGROUPValue <<= portPRIGROUP_SHIFT;
 330:lib/freertos/portable/GCC/ARM_CM3/port.c **** 		ulMaxPRIGROUPValue &= portPRIORITY_GROUP_MASK;
 331:lib/freertos/portable/GCC/ARM_CM3/port.c **** 
 332:lib/freertos/portable/GCC/ARM_CM3/port.c **** 		/* Restore the clobbered interrupt priority register to its original
 333:lib/freertos/portable/GCC/ARM_CM3/port.c **** 		value. */
 334:lib/freertos/portable/GCC/ARM_CM3/port.c **** 		*pucFirstUserPriorityRegister = ulOriginalPriority;
 335:lib/freertos/portable/GCC/ARM_CM3/port.c **** 	}
 336:lib/freertos/portable/GCC/ARM_CM3/port.c **** 	#endif /* conifgASSERT_DEFINED */
ARM GAS  /tmp/ccJFApzV.s 			page 16


 337:lib/freertos/portable/GCC/ARM_CM3/port.c **** 
 338:lib/freertos/portable/GCC/ARM_CM3/port.c **** 	/* Make PendSV and SysTick the lowest priority interrupts. */
 339:lib/freertos/portable/GCC/ARM_CM3/port.c **** 	portNVIC_SYSPRI2_REG |= portNVIC_PENDSV_PRI;
 340:lib/freertos/portable/GCC/ARM_CM3/port.c **** 	portNVIC_SYSPRI2_REG |= portNVIC_SYSTICK_PRI;
 341:lib/freertos/portable/GCC/ARM_CM3/port.c **** 
 342:lib/freertos/portable/GCC/ARM_CM3/port.c **** 	/* Start the timer that generates the tick ISR.  Interrupts are disabled
 343:lib/freertos/portable/GCC/ARM_CM3/port.c **** 	here already. */
 344:lib/freertos/portable/GCC/ARM_CM3/port.c **** 	vPortSetupTimerInterrupt();
 345:lib/freertos/portable/GCC/ARM_CM3/port.c **** 
 346:lib/freertos/portable/GCC/ARM_CM3/port.c **** 	/* Initialise the critical nesting count ready for the first task. */
 347:lib/freertos/portable/GCC/ARM_CM3/port.c **** 	uxCriticalNesting = 0;
 348:lib/freertos/portable/GCC/ARM_CM3/port.c **** 
 349:lib/freertos/portable/GCC/ARM_CM3/port.c **** 	/* Start the first task. */
 350:lib/freertos/portable/GCC/ARM_CM3/port.c **** 	prvPortStartFirstTask();
 351:lib/freertos/portable/GCC/ARM_CM3/port.c **** 
 352:lib/freertos/portable/GCC/ARM_CM3/port.c **** 	/* Should never get here as the tasks will now be executing!  Call the task
 353:lib/freertos/portable/GCC/ARM_CM3/port.c **** 	exit error function to prevent compiler warnings about a static function
 354:lib/freertos/portable/GCC/ARM_CM3/port.c **** 	not being called in the case that the application writer overrides this
 355:lib/freertos/portable/GCC/ARM_CM3/port.c **** 	functionality by defining configTASK_RETURN_ADDRESS. */
 356:lib/freertos/portable/GCC/ARM_CM3/port.c **** 	prvTaskExitError();
 357:lib/freertos/portable/GCC/ARM_CM3/port.c **** 
 358:lib/freertos/portable/GCC/ARM_CM3/port.c **** 	/* Should not get here! */
 359:lib/freertos/portable/GCC/ARM_CM3/port.c **** 	return 0;
 360:lib/freertos/portable/GCC/ARM_CM3/port.c **** }
 361:lib/freertos/portable/GCC/ARM_CM3/port.c **** /*-----------------------------------------------------------*/
 362:lib/freertos/portable/GCC/ARM_CM3/port.c **** 
 363:lib/freertos/portable/GCC/ARM_CM3/port.c **** void vPortEndScheduler( void )
 364:lib/freertos/portable/GCC/ARM_CM3/port.c **** {
 261              		.loc 1 364 1 is_stmt 1 view -0
 262              		.cfi_startproc
 263              		@ args = 0, pretend = 0, frame = 0
 264              		@ frame_needed = 0, uses_anonymous_args = 0
 265              		@ link register save eliminated.
 365:lib/freertos/portable/GCC/ARM_CM3/port.c **** 	/* Not implemented in ports where there is nothing to return to.
 366:lib/freertos/portable/GCC/ARM_CM3/port.c **** 	Artificially force an assert. */
 367:lib/freertos/portable/GCC/ARM_CM3/port.c **** 	configASSERT( uxCriticalNesting == 1000UL );
 266              		.loc 1 367 45 view .LVU36
 267              	@ lib/freertos/portable/GCC/ARM_CM3/port.c:368: }
 368:lib/freertos/portable/GCC/ARM_CM3/port.c **** }
 268              		.loc 1 368 1 is_stmt 0 view .LVU37
 269 0074 7047     		bx	lr	@
 270              		.cfi_endproc
 271              	.LFE10:
 272              		.size	vPortEndScheduler, .-vPortEndScheduler
 273              		.align	1
 274              		.global	vPortEnterCritical
 275              		.syntax unified
 276              		.thumb
 277              		.thumb_func
 278              		.fpu softvfp
 279              		.type	vPortEnterCritical, %function
 280              	vPortEnterCritical:
 281              	.LFB11:
 369:lib/freertos/portable/GCC/ARM_CM3/port.c **** /*-----------------------------------------------------------*/
 370:lib/freertos/portable/GCC/ARM_CM3/port.c **** 
 371:lib/freertos/portable/GCC/ARM_CM3/port.c **** void vPortEnterCritical( void )
 372:lib/freertos/portable/GCC/ARM_CM3/port.c **** {
ARM GAS  /tmp/ccJFApzV.s 			page 17


 282              		.loc 1 372 1 is_stmt 1 view -0
 283              		.cfi_startproc
 284              		@ args = 0, pretend = 0, frame = 0
 285              		@ frame_needed = 0, uses_anonymous_args = 0
 286              		@ link register save eliminated.
 373:lib/freertos/portable/GCC/ARM_CM3/port.c **** 	portDISABLE_INTERRUPTS();
 287              		.loc 1 373 2 view .LVU39
 288              	.LBB14:
 289              	.LBI14:
 233:./lib/freertos/portable/GCC/ARM_CM3/portmacro.h **** {
 290              		.loc 2 233 30 view .LVU40
 291              	.LBB15:
 235:./lib/freertos/portable/GCC/ARM_CM3/portmacro.h **** 
 292              		.loc 2 235 1 view .LVU41
 293              		.loc 2 237 2 view .LVU42
 294              		.syntax unified
 295              	@ 237 "./lib/freertos/portable/GCC/ARM_CM3/portmacro.h" 1
 296 0076 4FF01003 			mov r3, #16													@ ulNewBASEPRI,
 297 007a 83F31188 		msr basepri, r3												@ ulNewBASEPRI
 298 007e BFF36F8F 		isb														
 299 0082 BFF34F8F 		dsb														
 300              	
 301              	@ 0 "" 2
 302              		.thumb
 303              		.syntax unified
 304              	.LBE15:
 305              	.LBE14:
 374:lib/freertos/portable/GCC/ARM_CM3/port.c **** 	uxCriticalNesting++;
 306              		.loc 1 374 2 view .LVU43
 307              	@ lib/freertos/portable/GCC/ARM_CM3/port.c:374: 	uxCriticalNesting++;
 308              		.loc 1 374 19 is_stmt 0 view .LVU44
 309 0086 024A     		ldr	r2, .L10	@ tmp114,
 310 0088 1368     		ldr	r3, [r2]	@ uxCriticalNesting, uxCriticalNesting
 311 008a 0133     		adds	r3, r3, #1	@ tmp116, uxCriticalNesting,
 312 008c 1360     		str	r3, [r2]	@ tmp116, uxCriticalNesting
 375:lib/freertos/portable/GCC/ARM_CM3/port.c **** 
 376:lib/freertos/portable/GCC/ARM_CM3/port.c **** 	/* This is not the interrupt safe version of the enter critical function so
 377:lib/freertos/portable/GCC/ARM_CM3/port.c **** 	assert() if it is being called from an interrupt context.  Only API
 378:lib/freertos/portable/GCC/ARM_CM3/port.c **** 	functions that end in "FromISR" can be used in an interrupt.  Only assert if
 379:lib/freertos/portable/GCC/ARM_CM3/port.c **** 	the critical nesting count is 1 to protect against recursive calls if the
 380:lib/freertos/portable/GCC/ARM_CM3/port.c **** 	assert function also uses a critical section. */
 381:lib/freertos/portable/GCC/ARM_CM3/port.c **** 	if( uxCriticalNesting == 1 )
 313              		.loc 1 381 2 is_stmt 1 view .LVU45
 382:lib/freertos/portable/GCC/ARM_CM3/port.c **** 	{
 383:lib/freertos/portable/GCC/ARM_CM3/port.c **** 		configASSERT( ( portNVIC_INT_CTRL_REG & portVECTACTIVE_MASK ) == 0 );
 314              		.loc 1 383 71 view .LVU46
 315              	@ lib/freertos/portable/GCC/ARM_CM3/port.c:385: }
 384:lib/freertos/portable/GCC/ARM_CM3/port.c **** 	}
 385:lib/freertos/portable/GCC/ARM_CM3/port.c **** }
 316              		.loc 1 385 1 is_stmt 0 view .LVU47
 317 008e 7047     		bx	lr	@
 318              	.L11:
 319              		.align	2
 320              	.L10:
 321 0090 00000000 		.word	.LANCHOR0
 322              		.cfi_endproc
 323              	.LFE11:
ARM GAS  /tmp/ccJFApzV.s 			page 18


 324              		.size	vPortEnterCritical, .-vPortEnterCritical
 325              		.align	1
 326              		.global	vPortExitCritical
 327              		.syntax unified
 328              		.thumb
 329              		.thumb_func
 330              		.fpu softvfp
 331              		.type	vPortExitCritical, %function
 332              	vPortExitCritical:
 333              	.LFB12:
 386:lib/freertos/portable/GCC/ARM_CM3/port.c **** /*-----------------------------------------------------------*/
 387:lib/freertos/portable/GCC/ARM_CM3/port.c **** 
 388:lib/freertos/portable/GCC/ARM_CM3/port.c **** void vPortExitCritical( void )
 389:lib/freertos/portable/GCC/ARM_CM3/port.c **** {
 334              		.loc 1 389 1 is_stmt 1 view -0
 335              		.cfi_startproc
 336              		@ args = 0, pretend = 0, frame = 0
 337              		@ frame_needed = 0, uses_anonymous_args = 0
 338              		@ link register save eliminated.
 390:lib/freertos/portable/GCC/ARM_CM3/port.c **** 	configASSERT( uxCriticalNesting );
 339              		.loc 1 390 35 view .LVU49
 391:lib/freertos/portable/GCC/ARM_CM3/port.c **** 	uxCriticalNesting--;
 340              		.loc 1 391 2 view .LVU50
 341              	@ lib/freertos/portable/GCC/ARM_CM3/port.c:391: 	uxCriticalNesting--;
 342              		.loc 1 391 19 is_stmt 0 view .LVU51
 343 0094 034A     		ldr	r2, .L14	@ tmp112,
 344 0096 1368     		ldr	r3, [r2]	@ uxCriticalNesting, uxCriticalNesting
 345 0098 013B     		subs	r3, r3, #1	@ _2, uxCriticalNesting,
 346 009a 1360     		str	r3, [r2]	@ _2, uxCriticalNesting
 392:lib/freertos/portable/GCC/ARM_CM3/port.c **** 	if( uxCriticalNesting == 0 )
 347              		.loc 1 392 2 is_stmt 1 view .LVU52
 348              	@ lib/freertos/portable/GCC/ARM_CM3/port.c:392: 	if( uxCriticalNesting == 0 )
 349              		.loc 1 392 4 is_stmt 0 view .LVU53
 350 009c 0BB9     		cbnz	r3, .L12	@ _2,
 393:lib/freertos/portable/GCC/ARM_CM3/port.c **** 	{
 394:lib/freertos/portable/GCC/ARM_CM3/port.c **** 		portENABLE_INTERRUPTS();
 351              		.loc 1 394 3 is_stmt 1 view .LVU54
 352              	.LVL8:
 353              	.LBB16:
 354              	.LBI16:
 238:./lib/freertos/portable/GCC/ARM_CM3/portmacro.h **** 	(
 239:./lib/freertos/portable/GCC/ARM_CM3/portmacro.h **** 		"	mov %0, %1												\n"	\
 240:./lib/freertos/portable/GCC/ARM_CM3/portmacro.h **** 		"	msr basepri, %0											\n" \
 241:./lib/freertos/portable/GCC/ARM_CM3/portmacro.h **** 		"	isb														\n" \
 242:./lib/freertos/portable/GCC/ARM_CM3/portmacro.h **** 		"	dsb														\n" \
 243:./lib/freertos/portable/GCC/ARM_CM3/portmacro.h **** 		:"=r" (ulNewBASEPRI) : "i" ( configMAX_SYSCALL_INTERRUPT_PRIORITY )
 244:./lib/freertos/portable/GCC/ARM_CM3/portmacro.h **** 	);
 245:./lib/freertos/portable/GCC/ARM_CM3/portmacro.h **** }
 246:./lib/freertos/portable/GCC/ARM_CM3/portmacro.h **** 
 247:./lib/freertos/portable/GCC/ARM_CM3/portmacro.h **** /*-----------------------------------------------------------*/
 248:./lib/freertos/portable/GCC/ARM_CM3/portmacro.h **** 
 249:./lib/freertos/portable/GCC/ARM_CM3/portmacro.h **** portFORCE_INLINE static uint32_t ulPortRaiseBASEPRI( void )
 250:./lib/freertos/portable/GCC/ARM_CM3/portmacro.h **** {
 251:./lib/freertos/portable/GCC/ARM_CM3/portmacro.h **** uint32_t ulOriginalBASEPRI, ulNewBASEPRI;
 252:./lib/freertos/portable/GCC/ARM_CM3/portmacro.h **** 
 253:./lib/freertos/portable/GCC/ARM_CM3/portmacro.h **** 	__asm volatile
 254:./lib/freertos/portable/GCC/ARM_CM3/portmacro.h **** 	(
ARM GAS  /tmp/ccJFApzV.s 			page 19


 255:./lib/freertos/portable/GCC/ARM_CM3/portmacro.h **** 		"	mrs %0, basepri											\n" \
 256:./lib/freertos/portable/GCC/ARM_CM3/portmacro.h **** 		"	mov %1, %2												\n"	\
 257:./lib/freertos/portable/GCC/ARM_CM3/portmacro.h **** 		"	msr basepri, %1											\n" \
 258:./lib/freertos/portable/GCC/ARM_CM3/portmacro.h **** 		"	isb														\n" \
 259:./lib/freertos/portable/GCC/ARM_CM3/portmacro.h **** 		"	dsb														\n" \
 260:./lib/freertos/portable/GCC/ARM_CM3/portmacro.h **** 		:"=r" (ulOriginalBASEPRI), "=r" (ulNewBASEPRI) : "i" ( configMAX_SYSCALL_INTERRUPT_PRIORITY )
 261:./lib/freertos/portable/GCC/ARM_CM3/portmacro.h **** 	);
 262:./lib/freertos/portable/GCC/ARM_CM3/portmacro.h **** 
 263:./lib/freertos/portable/GCC/ARM_CM3/portmacro.h **** 	/* This return will not be reached but is necessary to prevent compiler
 264:./lib/freertos/portable/GCC/ARM_CM3/portmacro.h **** 	warnings. */
 265:./lib/freertos/portable/GCC/ARM_CM3/portmacro.h **** 	return ulOriginalBASEPRI;
 266:./lib/freertos/portable/GCC/ARM_CM3/portmacro.h **** }
 267:./lib/freertos/portable/GCC/ARM_CM3/portmacro.h **** /*-----------------------------------------------------------*/
 268:./lib/freertos/portable/GCC/ARM_CM3/portmacro.h **** 
 269:./lib/freertos/portable/GCC/ARM_CM3/portmacro.h **** portFORCE_INLINE static void vPortSetBASEPRI( uint32_t ulNewMaskValue )
 355              		.loc 2 269 30 view .LVU55
 356              	.LBB17:
 270:./lib/freertos/portable/GCC/ARM_CM3/portmacro.h **** {
 271:./lib/freertos/portable/GCC/ARM_CM3/portmacro.h **** 	__asm volatile
 357              		.loc 2 271 2 view .LVU56
 358              		.syntax unified
 359              	@ 271 "./lib/freertos/portable/GCC/ARM_CM3/portmacro.h" 1
 360 009e 83F31188 			msr basepri, r3		@ _2
 361              	@ 0 "" 2
 362              	.LVL9:
 363              		.thumb
 364              		.syntax unified
 365              	.L12:
 366              		.loc 2 271 2 is_stmt 0 view .LVU57
 367              	.LBE17:
 368              	.LBE16:
 369              	@ lib/freertos/portable/GCC/ARM_CM3/port.c:396: }
 395:lib/freertos/portable/GCC/ARM_CM3/port.c **** 	}
 396:lib/freertos/portable/GCC/ARM_CM3/port.c **** }
 370              		.loc 1 396 1 view .LVU58
 371 00a2 7047     		bx	lr	@
 372              	.L15:
 373              		.align	2
 374              	.L14:
 375 00a4 00000000 		.word	.LANCHOR0
 376              		.cfi_endproc
 377              	.LFE12:
 378              		.size	vPortExitCritical, .-vPortExitCritical
 379              		.align	1
 380              		.global	PendSV_Handler
 381              		.syntax unified
 382              		.thumb
 383              		.thumb_func
 384              		.fpu softvfp
 385              		.type	PendSV_Handler, %function
 386              	PendSV_Handler:
 387              	.LFB13:
 397:lib/freertos/portable/GCC/ARM_CM3/port.c **** /*-----------------------------------------------------------*/
 398:lib/freertos/portable/GCC/ARM_CM3/port.c **** 
 399:lib/freertos/portable/GCC/ARM_CM3/port.c **** void xPortPendSVHandler( void )
 400:lib/freertos/portable/GCC/ARM_CM3/port.c **** {
 388              		.loc 1 400 1 is_stmt 1 view -0
ARM GAS  /tmp/ccJFApzV.s 			page 20


 389              		.cfi_startproc
 390              		@ Naked Function: prologue and epilogue provided by programmer.
 391              		@ args = 0, pretend = 0, frame = 0
 392              		@ frame_needed = 0, uses_anonymous_args = 0
 401:lib/freertos/portable/GCC/ARM_CM3/port.c **** 	/* This is a naked function. */
 402:lib/freertos/portable/GCC/ARM_CM3/port.c **** 
 403:lib/freertos/portable/GCC/ARM_CM3/port.c **** 	__asm volatile
 393              		.loc 1 403 2 view .LVU60
 394              		.syntax unified
 395              	@ 403 "lib/freertos/portable/GCC/ARM_CM3/port.c" 1
 396 00a8 EFF30980 			mrs r0, psp							
 397 00ac BFF36F8F 		isb									
 398              											
 399 00b0 0F4B     		ldr	r3, pxCurrentTCBConst			
 400 00b2 1A68     		ldr	r2, [r3]						
 401              											
 402 00b4 20E9F00F 		stmdb r0!, {r4-r11}					
 403 00b8 1060     		str r0, [r2]						
 404              											
 405 00ba 2DE90840 		stmdb sp!, {r3, r14}				
 406 00be 4FF01000 		mov r0, #16								@
 407 00c2 80F31188 		msr basepri, r0						
 408 00c6 FFF7FEFF 		bl vTaskSwitchContext				
 409 00ca 4FF00000 		mov r0, #0							
 410 00ce 80F31188 		msr basepri, r0						
 411 00d2 BDE80840 		ldmia sp!, {r3, r14}				
 412              											
 413 00d6 1968     		ldr r1, [r3]						
 414 00d8 0868     		ldr r0, [r1]						
 415 00da B0E8F00F 		ldmia r0!, {r4-r11}					
 416 00de 80F30988 		msr psp, r0							
 417 00e2 BFF36F8F 		isb									
 418 00e6 7047     		bx r14								
 419              											
 420 00e8 AFF30080 		.align 4							
 420      AFF30080 
 421 00f0 00000000 	pxCurrentTCBConst: .word pxCurrentTCB	
 422              	
 423              	@ 0 "" 2
 424              	@ lib/freertos/portable/GCC/ARM_CM3/port.c:433: }
 404:lib/freertos/portable/GCC/ARM_CM3/port.c **** 	(
 405:lib/freertos/portable/GCC/ARM_CM3/port.c **** 	"	mrs r0, psp							\n"
 406:lib/freertos/portable/GCC/ARM_CM3/port.c **** 	"	isb									\n"
 407:lib/freertos/portable/GCC/ARM_CM3/port.c **** 	"										\n"
 408:lib/freertos/portable/GCC/ARM_CM3/port.c **** 	"	ldr	r3, pxCurrentTCBConst			\n" /* Get the location of the current TCB. */
 409:lib/freertos/portable/GCC/ARM_CM3/port.c **** 	"	ldr	r2, [r3]						\n"
 410:lib/freertos/portable/GCC/ARM_CM3/port.c **** 	"										\n"
 411:lib/freertos/portable/GCC/ARM_CM3/port.c **** 	"	stmdb r0!, {r4-r11}					\n" /* Save the remaining registers. */
 412:lib/freertos/portable/GCC/ARM_CM3/port.c **** 	"	str r0, [r2]						\n" /* Save the new top of stack into the first member of the TCB. */
 413:lib/freertos/portable/GCC/ARM_CM3/port.c **** 	"										\n"
 414:lib/freertos/portable/GCC/ARM_CM3/port.c **** 	"	stmdb sp!, {r3, r14}				\n"
 415:lib/freertos/portable/GCC/ARM_CM3/port.c **** 	"	mov r0, %0							\n"
 416:lib/freertos/portable/GCC/ARM_CM3/port.c **** 	"	msr basepri, r0						\n"
 417:lib/freertos/portable/GCC/ARM_CM3/port.c **** 	"	bl vTaskSwitchContext				\n"
 418:lib/freertos/portable/GCC/ARM_CM3/port.c **** 	"	mov r0, #0							\n"
 419:lib/freertos/portable/GCC/ARM_CM3/port.c **** 	"	msr basepri, r0						\n"
 420:lib/freertos/portable/GCC/ARM_CM3/port.c **** 	"	ldmia sp!, {r3, r14}				\n"
ARM GAS  /tmp/ccJFApzV.s 			page 21


 421:lib/freertos/portable/GCC/ARM_CM3/port.c **** 	"										\n"	/* Restore the context, including the critical nesting count. */
 422:lib/freertos/portable/GCC/ARM_CM3/port.c **** 	"	ldr r1, [r3]						\n"
 423:lib/freertos/portable/GCC/ARM_CM3/port.c **** 	"	ldr r0, [r1]						\n" /* The first item in pxCurrentTCB is the task top of stack. */
 424:lib/freertos/portable/GCC/ARM_CM3/port.c **** 	"	ldmia r0!, {r4-r11}					\n" /* Pop the registers. */
 425:lib/freertos/portable/GCC/ARM_CM3/port.c **** 	"	msr psp, r0							\n"
 426:lib/freertos/portable/GCC/ARM_CM3/port.c **** 	"	isb									\n"
 427:lib/freertos/portable/GCC/ARM_CM3/port.c **** 	"	bx r14								\n"
 428:lib/freertos/portable/GCC/ARM_CM3/port.c **** 	"										\n"
 429:lib/freertos/portable/GCC/ARM_CM3/port.c **** 	"	.align 4							\n"
 430:lib/freertos/portable/GCC/ARM_CM3/port.c **** 	"pxCurrentTCBConst: .word pxCurrentTCB	\n"
 431:lib/freertos/portable/GCC/ARM_CM3/port.c **** 	::"i"(configMAX_SYSCALL_INTERRUPT_PRIORITY)
 432:lib/freertos/portable/GCC/ARM_CM3/port.c **** 	);
 433:lib/freertos/portable/GCC/ARM_CM3/port.c **** }
 425              		.loc 1 433 1 is_stmt 0 view .LVU61
 426              		.thumb
 427              		.syntax unified
 428              		.cfi_endproc
 429              	.LFE13:
 430              		.size	PendSV_Handler, .-PendSV_Handler
 431              		.align	1
 432              		.global	SysTick_Handler
 433              		.syntax unified
 434              		.thumb
 435              		.thumb_func
 436              		.fpu softvfp
 437              		.type	SysTick_Handler, %function
 438              	SysTick_Handler:
 439              	.LFB14:
 434:lib/freertos/portable/GCC/ARM_CM3/port.c **** /*-----------------------------------------------------------*/
 435:lib/freertos/portable/GCC/ARM_CM3/port.c **** 
 436:lib/freertos/portable/GCC/ARM_CM3/port.c **** void xPortSysTickHandler( void )
 437:lib/freertos/portable/GCC/ARM_CM3/port.c **** {
 440              		.loc 1 437 1 is_stmt 1 view -0
 441              		.cfi_startproc
 442              		@ args = 0, pretend = 0, frame = 0
 443              		@ frame_needed = 0, uses_anonymous_args = 0
 438:lib/freertos/portable/GCC/ARM_CM3/port.c **** 	/* The SysTick runs at the lowest interrupt priority, so when this interrupt
 439:lib/freertos/portable/GCC/ARM_CM3/port.c **** 	executes all interrupts must be unmasked.  There is therefore no need to
 440:lib/freertos/portable/GCC/ARM_CM3/port.c **** 	save and then restore the interrupt mask value as its value is already
 441:lib/freertos/portable/GCC/ARM_CM3/port.c **** 	known. */
 442:lib/freertos/portable/GCC/ARM_CM3/port.c **** 	portDISABLE_INTERRUPTS();
 444              		.loc 1 442 2 view .LVU63
 445              	.LBB18:
 446              	.LBI18:
 233:./lib/freertos/portable/GCC/ARM_CM3/portmacro.h **** {
 447              		.loc 2 233 30 view .LVU64
 448              	.LBB19:
 235:./lib/freertos/portable/GCC/ARM_CM3/portmacro.h **** 
 449              		.loc 2 235 1 view .LVU65
 237:./lib/freertos/portable/GCC/ARM_CM3/portmacro.h **** 	(
 450              		.loc 2 237 2 view .LVU66
 451              	.LBE19:
 452              	.LBE18:
 453              	@ lib/freertos/portable/GCC/ARM_CM3/port.c:437: {
 437:lib/freertos/portable/GCC/ARM_CM3/port.c **** 	/* The SysTick runs at the lowest interrupt priority, so when this interrupt
 454              		.loc 1 437 1 is_stmt 0 view .LVU67
 455 00f4 08B5     		push	{r3, lr}	@
ARM GAS  /tmp/ccJFApzV.s 			page 22


 456              	.LCFI0:
 457              		.cfi_def_cfa_offset 8
 458              		.cfi_offset 3, -8
 459              		.cfi_offset 14, -4
 460              	.LBB21:
 461              	.LBB20:
 462              	@ ./lib/freertos/portable/GCC/ARM_CM3/portmacro.h:237: 	__asm volatile
 237:./lib/freertos/portable/GCC/ARM_CM3/portmacro.h **** 	(
 463              		.loc 2 237 2 view .LVU68
 464              		.syntax unified
 465              	@ 237 "./lib/freertos/portable/GCC/ARM_CM3/portmacro.h" 1
 466 00f6 4FF01003 			mov r3, #16													@ ulNewBASEPRI,
 467 00fa 83F31188 		msr basepri, r3												@ ulNewBASEPRI
 468 00fe BFF36F8F 		isb														
 469 0102 BFF34F8F 		dsb														
 470              	
 471              	@ 0 "" 2
 472              		.thumb
 473              		.syntax unified
 474              	.LBE20:
 475              	.LBE21:
 443:lib/freertos/portable/GCC/ARM_CM3/port.c **** 	{
 444:lib/freertos/portable/GCC/ARM_CM3/port.c **** 		/* Increment the RTOS tick. */
 445:lib/freertos/portable/GCC/ARM_CM3/port.c **** 		if( xTaskIncrementTick() != pdFALSE )
 476              		.loc 1 445 3 is_stmt 1 view .LVU69
 477              	@ lib/freertos/portable/GCC/ARM_CM3/port.c:445: 		if( xTaskIncrementTick() != pdFALSE )
 478              		.loc 1 445 7 is_stmt 0 view .LVU70
 479 0106 FFF7FEFF 		bl	xTaskIncrementTick		@
 480              	.LVL10:
 481              	@ lib/freertos/portable/GCC/ARM_CM3/port.c:445: 		if( xTaskIncrementTick() != pdFALSE )
 482              		.loc 1 445 5 view .LVU71
 483 010a 18B1     		cbz	r0, .L18	@ tmp116,
 446:lib/freertos/portable/GCC/ARM_CM3/port.c **** 		{
 447:lib/freertos/portable/GCC/ARM_CM3/port.c **** 			/* A context switch is required.  Context switching is performed in
 448:lib/freertos/portable/GCC/ARM_CM3/port.c **** 			the PendSV interrupt.  Pend the PendSV interrupt. */
 449:lib/freertos/portable/GCC/ARM_CM3/port.c **** 			portNVIC_INT_CTRL_REG = portNVIC_PENDSVSET_BIT;
 484              		.loc 1 449 4 is_stmt 1 view .LVU72
 485              	@ lib/freertos/portable/GCC/ARM_CM3/port.c:449: 			portNVIC_INT_CTRL_REG = portNVIC_PENDSVSET_BIT;
 486              		.loc 1 449 26 is_stmt 0 view .LVU73
 487 010c 4FF08052 		mov	r2, #268435456	@ tmp114,
 488 0110 024B     		ldr	r3, .L22	@ tmp113,
 489 0112 1A60     		str	r2, [r3]	@ tmp114, MEM[(volatile uint32_t *)3758157060B]
 490              	.L18:
 450:lib/freertos/portable/GCC/ARM_CM3/port.c **** 		}
 451:lib/freertos/portable/GCC/ARM_CM3/port.c **** 	}
 452:lib/freertos/portable/GCC/ARM_CM3/port.c **** 	portENABLE_INTERRUPTS();
 491              		.loc 1 452 2 is_stmt 1 view .LVU74
 492              	.LVL11:
 493              	.LBB22:
 494              	.LBI22:
 269:./lib/freertos/portable/GCC/ARM_CM3/portmacro.h **** {
 495              		.loc 2 269 30 view .LVU75
 496              	.LBB23:
 497              		.loc 2 271 2 view .LVU76
 498 0114 0023     		movs	r3, #0	@ tmp115,
 499              		.syntax unified
 500              	@ 271 "./lib/freertos/portable/GCC/ARM_CM3/portmacro.h" 1
ARM GAS  /tmp/ccJFApzV.s 			page 23


 501 0116 83F31188 			msr basepri, r3		@ tmp115
 502              	@ 0 "" 2
 503              	.LVL12:
 504              		.loc 2 271 2 is_stmt 0 view .LVU77
 505              		.thumb
 506              		.syntax unified
 507              	.LBE23:
 508              	.LBE22:
 509              	@ lib/freertos/portable/GCC/ARM_CM3/port.c:453: }
 453:lib/freertos/portable/GCC/ARM_CM3/port.c **** }
 510              		.loc 1 453 1 view .LVU78
 511 011a 08BD     		pop	{r3, pc}	@
 512              	.L23:
 513              		.align	2
 514              	.L22:
 515 011c 04ED00E0 		.word	-536810236
 516              		.cfi_endproc
 517              	.LFE14:
 518              		.size	SysTick_Handler, .-SysTick_Handler
 519              		.align	1
 520              		.weak	vPortSetupTimerInterrupt
 521              		.syntax unified
 522              		.thumb
 523              		.thumb_func
 524              		.fpu softvfp
 525              		.type	vPortSetupTimerInterrupt, %function
 526              	vPortSetupTimerInterrupt:
 527              	.LFB15:
 454:lib/freertos/portable/GCC/ARM_CM3/port.c **** /*-----------------------------------------------------------*/
 455:lib/freertos/portable/GCC/ARM_CM3/port.c **** 
 456:lib/freertos/portable/GCC/ARM_CM3/port.c **** #if configUSE_TICKLESS_IDLE == 1
 457:lib/freertos/portable/GCC/ARM_CM3/port.c **** 
 458:lib/freertos/portable/GCC/ARM_CM3/port.c **** 	__attribute__((weak)) void vPortSuppressTicksAndSleep( TickType_t xExpectedIdleTime )
 459:lib/freertos/portable/GCC/ARM_CM3/port.c **** 	{
 460:lib/freertos/portable/GCC/ARM_CM3/port.c **** 	uint32_t ulReloadValue, ulCompleteTickPeriods, ulCompletedSysTickDecrements, ulSysTickCTRL;
 461:lib/freertos/portable/GCC/ARM_CM3/port.c **** 	TickType_t xModifiableIdleTime;
 462:lib/freertos/portable/GCC/ARM_CM3/port.c **** 
 463:lib/freertos/portable/GCC/ARM_CM3/port.c **** 		/* Make sure the SysTick reload value does not overflow the counter. */
 464:lib/freertos/portable/GCC/ARM_CM3/port.c **** 		if( xExpectedIdleTime > xMaximumPossibleSuppressedTicks )
 465:lib/freertos/portable/GCC/ARM_CM3/port.c **** 		{
 466:lib/freertos/portable/GCC/ARM_CM3/port.c **** 			xExpectedIdleTime = xMaximumPossibleSuppressedTicks;
 467:lib/freertos/portable/GCC/ARM_CM3/port.c **** 		}
 468:lib/freertos/portable/GCC/ARM_CM3/port.c **** 
 469:lib/freertos/portable/GCC/ARM_CM3/port.c **** 		/* Stop the SysTick momentarily.  The time the SysTick is stopped for
 470:lib/freertos/portable/GCC/ARM_CM3/port.c **** 		is accounted for as best it can be, but using the tickless mode will
 471:lib/freertos/portable/GCC/ARM_CM3/port.c **** 		inevitably result in some tiny drift of the time maintained by the
 472:lib/freertos/portable/GCC/ARM_CM3/port.c **** 		kernel with respect to calendar time. */
 473:lib/freertos/portable/GCC/ARM_CM3/port.c **** 		portNVIC_SYSTICK_CTRL_REG &= ~portNVIC_SYSTICK_ENABLE_BIT;
 474:lib/freertos/portable/GCC/ARM_CM3/port.c **** 
 475:lib/freertos/portable/GCC/ARM_CM3/port.c **** 		/* Calculate the reload value required to wait xExpectedIdleTime
 476:lib/freertos/portable/GCC/ARM_CM3/port.c **** 		tick periods.  -1 is used because this code will execute part way
 477:lib/freertos/portable/GCC/ARM_CM3/port.c **** 		through one of the tick periods. */
 478:lib/freertos/portable/GCC/ARM_CM3/port.c **** 		ulReloadValue = portNVIC_SYSTICK_CURRENT_VALUE_REG + ( ulTimerCountsForOneTick * ( xExpectedIdleT
 479:lib/freertos/portable/GCC/ARM_CM3/port.c **** 		if( ulReloadValue > ulStoppedTimerCompensation )
 480:lib/freertos/portable/GCC/ARM_CM3/port.c **** 		{
 481:lib/freertos/portable/GCC/ARM_CM3/port.c **** 			ulReloadValue -= ulStoppedTimerCompensation;
 482:lib/freertos/portable/GCC/ARM_CM3/port.c **** 		}
ARM GAS  /tmp/ccJFApzV.s 			page 24


 483:lib/freertos/portable/GCC/ARM_CM3/port.c **** 
 484:lib/freertos/portable/GCC/ARM_CM3/port.c **** 		/* Enter a critical section but don't use the taskENTER_CRITICAL()
 485:lib/freertos/portable/GCC/ARM_CM3/port.c **** 		method as that will mask interrupts that should exit sleep mode. */
 486:lib/freertos/portable/GCC/ARM_CM3/port.c **** 		__asm volatile( "cpsid i" );
 487:lib/freertos/portable/GCC/ARM_CM3/port.c **** 		__asm volatile( "dsb" );
 488:lib/freertos/portable/GCC/ARM_CM3/port.c **** 		__asm volatile( "isb" );
 489:lib/freertos/portable/GCC/ARM_CM3/port.c **** 
 490:lib/freertos/portable/GCC/ARM_CM3/port.c **** 		/* If a context switch is pending or a task is waiting for the scheduler
 491:lib/freertos/portable/GCC/ARM_CM3/port.c **** 		to be unsuspended then abandon the low power entry. */
 492:lib/freertos/portable/GCC/ARM_CM3/port.c **** 		if( eTaskConfirmSleepModeStatus() == eAbortSleep )
 493:lib/freertos/portable/GCC/ARM_CM3/port.c **** 		{
 494:lib/freertos/portable/GCC/ARM_CM3/port.c **** 			/* Restart from whatever is left in the count register to complete
 495:lib/freertos/portable/GCC/ARM_CM3/port.c **** 			this tick period. */
 496:lib/freertos/portable/GCC/ARM_CM3/port.c **** 			portNVIC_SYSTICK_LOAD_REG = portNVIC_SYSTICK_CURRENT_VALUE_REG;
 497:lib/freertos/portable/GCC/ARM_CM3/port.c **** 
 498:lib/freertos/portable/GCC/ARM_CM3/port.c **** 			/* Restart SysTick. */
 499:lib/freertos/portable/GCC/ARM_CM3/port.c **** 			portNVIC_SYSTICK_CTRL_REG |= portNVIC_SYSTICK_ENABLE_BIT;
 500:lib/freertos/portable/GCC/ARM_CM3/port.c **** 
 501:lib/freertos/portable/GCC/ARM_CM3/port.c **** 			/* Reset the reload register to the value required for normal tick
 502:lib/freertos/portable/GCC/ARM_CM3/port.c **** 			periods. */
 503:lib/freertos/portable/GCC/ARM_CM3/port.c **** 			portNVIC_SYSTICK_LOAD_REG = ulTimerCountsForOneTick - 1UL;
 504:lib/freertos/portable/GCC/ARM_CM3/port.c **** 
 505:lib/freertos/portable/GCC/ARM_CM3/port.c **** 			/* Re-enable interrupts - see comments above the cpsid instruction()
 506:lib/freertos/portable/GCC/ARM_CM3/port.c **** 			above. */
 507:lib/freertos/portable/GCC/ARM_CM3/port.c **** 			__asm volatile( "cpsie i" );
 508:lib/freertos/portable/GCC/ARM_CM3/port.c **** 		}
 509:lib/freertos/portable/GCC/ARM_CM3/port.c **** 		else
 510:lib/freertos/portable/GCC/ARM_CM3/port.c **** 		{
 511:lib/freertos/portable/GCC/ARM_CM3/port.c **** 			/* Set the new reload value. */
 512:lib/freertos/portable/GCC/ARM_CM3/port.c **** 			portNVIC_SYSTICK_LOAD_REG = ulReloadValue;
 513:lib/freertos/portable/GCC/ARM_CM3/port.c **** 
 514:lib/freertos/portable/GCC/ARM_CM3/port.c **** 			/* Clear the SysTick count flag and set the count value back to
 515:lib/freertos/portable/GCC/ARM_CM3/port.c **** 			zero. */
 516:lib/freertos/portable/GCC/ARM_CM3/port.c **** 			portNVIC_SYSTICK_CURRENT_VALUE_REG = 0UL;
 517:lib/freertos/portable/GCC/ARM_CM3/port.c **** 
 518:lib/freertos/portable/GCC/ARM_CM3/port.c **** 			/* Restart SysTick. */
 519:lib/freertos/portable/GCC/ARM_CM3/port.c **** 			portNVIC_SYSTICK_CTRL_REG |= portNVIC_SYSTICK_ENABLE_BIT;
 520:lib/freertos/portable/GCC/ARM_CM3/port.c **** 
 521:lib/freertos/portable/GCC/ARM_CM3/port.c **** 			/* Sleep until something happens.  configPRE_SLEEP_PROCESSING() can
 522:lib/freertos/portable/GCC/ARM_CM3/port.c **** 			set its parameter to 0 to indicate that its implementation contains
 523:lib/freertos/portable/GCC/ARM_CM3/port.c **** 			its own wait for interrupt or wait for event instruction, and so wfi
 524:lib/freertos/portable/GCC/ARM_CM3/port.c **** 			should not be executed again.  However, the original expected idle
 525:lib/freertos/portable/GCC/ARM_CM3/port.c **** 			time variable must remain unmodified, so a copy is taken. */
 526:lib/freertos/portable/GCC/ARM_CM3/port.c **** 			xModifiableIdleTime = xExpectedIdleTime;
 527:lib/freertos/portable/GCC/ARM_CM3/port.c **** 			configPRE_SLEEP_PROCESSING( xModifiableIdleTime );
 528:lib/freertos/portable/GCC/ARM_CM3/port.c **** 			if( xModifiableIdleTime > 0 )
 529:lib/freertos/portable/GCC/ARM_CM3/port.c **** 			{
 530:lib/freertos/portable/GCC/ARM_CM3/port.c **** 				__asm volatile( "dsb" );
 531:lib/freertos/portable/GCC/ARM_CM3/port.c **** 				__asm volatile( "wfi" );
 532:lib/freertos/portable/GCC/ARM_CM3/port.c **** 				__asm volatile( "isb" );
 533:lib/freertos/portable/GCC/ARM_CM3/port.c **** 			}
 534:lib/freertos/portable/GCC/ARM_CM3/port.c **** 			configPOST_SLEEP_PROCESSING( xExpectedIdleTime );
 535:lib/freertos/portable/GCC/ARM_CM3/port.c **** 
 536:lib/freertos/portable/GCC/ARM_CM3/port.c **** 			/* Stop SysTick.  Again, the time the SysTick is stopped for is
 537:lib/freertos/portable/GCC/ARM_CM3/port.c **** 			accounted for as best it can be, but using the tickless mode will
 538:lib/freertos/portable/GCC/ARM_CM3/port.c **** 			inevitably result in some tiny drift of the time maintained by the
 539:lib/freertos/portable/GCC/ARM_CM3/port.c **** 			kernel with respect to calendar time. */
ARM GAS  /tmp/ccJFApzV.s 			page 25


 540:lib/freertos/portable/GCC/ARM_CM3/port.c **** 			ulSysTickCTRL = portNVIC_SYSTICK_CTRL_REG;
 541:lib/freertos/portable/GCC/ARM_CM3/port.c **** 			portNVIC_SYSTICK_CTRL_REG = ( ulSysTickCTRL & ~portNVIC_SYSTICK_ENABLE_BIT );
 542:lib/freertos/portable/GCC/ARM_CM3/port.c **** 
 543:lib/freertos/portable/GCC/ARM_CM3/port.c **** 			/* Re-enable interrupts - see comments above the cpsid instruction()
 544:lib/freertos/portable/GCC/ARM_CM3/port.c **** 			above. */
 545:lib/freertos/portable/GCC/ARM_CM3/port.c **** 			__asm volatile( "cpsie i" );
 546:lib/freertos/portable/GCC/ARM_CM3/port.c **** 
 547:lib/freertos/portable/GCC/ARM_CM3/port.c **** 			if( ( ulSysTickCTRL & portNVIC_SYSTICK_COUNT_FLAG_BIT ) != 0 )
 548:lib/freertos/portable/GCC/ARM_CM3/port.c **** 			{
 549:lib/freertos/portable/GCC/ARM_CM3/port.c **** 				uint32_t ulCalculatedLoadValue;
 550:lib/freertos/portable/GCC/ARM_CM3/port.c **** 
 551:lib/freertos/portable/GCC/ARM_CM3/port.c **** 				/* The tick interrupt has already executed, and the SysTick
 552:lib/freertos/portable/GCC/ARM_CM3/port.c **** 				count reloaded with ulReloadValue.  Reset the
 553:lib/freertos/portable/GCC/ARM_CM3/port.c **** 				portNVIC_SYSTICK_LOAD_REG with whatever remains of this tick
 554:lib/freertos/portable/GCC/ARM_CM3/port.c **** 				period. */
 555:lib/freertos/portable/GCC/ARM_CM3/port.c **** 				ulCalculatedLoadValue = ( ulTimerCountsForOneTick - 1UL ) - ( ulReloadValue - portNVIC_SYSTICK_
 556:lib/freertos/portable/GCC/ARM_CM3/port.c **** 
 557:lib/freertos/portable/GCC/ARM_CM3/port.c **** 				/* Don't allow a tiny value, or values that have somehow
 558:lib/freertos/portable/GCC/ARM_CM3/port.c **** 				underflowed because the post sleep hook did something
 559:lib/freertos/portable/GCC/ARM_CM3/port.c **** 				that took too long. */
 560:lib/freertos/portable/GCC/ARM_CM3/port.c **** 				if( ( ulCalculatedLoadValue < ulStoppedTimerCompensation ) || ( ulCalculatedLoadValue > ulTimer
 561:lib/freertos/portable/GCC/ARM_CM3/port.c **** 				{
 562:lib/freertos/portable/GCC/ARM_CM3/port.c **** 					ulCalculatedLoadValue = ( ulTimerCountsForOneTick - 1UL );
 563:lib/freertos/portable/GCC/ARM_CM3/port.c **** 				}
 564:lib/freertos/portable/GCC/ARM_CM3/port.c **** 
 565:lib/freertos/portable/GCC/ARM_CM3/port.c **** 				portNVIC_SYSTICK_LOAD_REG = ulCalculatedLoadValue;
 566:lib/freertos/portable/GCC/ARM_CM3/port.c **** 
 567:lib/freertos/portable/GCC/ARM_CM3/port.c **** 				/* The tick interrupt handler will already have pended the tick
 568:lib/freertos/portable/GCC/ARM_CM3/port.c **** 				processing in the kernel.  As the pending tick will be
 569:lib/freertos/portable/GCC/ARM_CM3/port.c **** 				processed as soon as this function exits, the tick value
 570:lib/freertos/portable/GCC/ARM_CM3/port.c **** 				maintained by the tick is stepped forward by one less than the
 571:lib/freertos/portable/GCC/ARM_CM3/port.c **** 				time spent waiting. */
 572:lib/freertos/portable/GCC/ARM_CM3/port.c **** 				ulCompleteTickPeriods = xExpectedIdleTime - 1UL;
 573:lib/freertos/portable/GCC/ARM_CM3/port.c **** 			}
 574:lib/freertos/portable/GCC/ARM_CM3/port.c **** 			else
 575:lib/freertos/portable/GCC/ARM_CM3/port.c **** 			{
 576:lib/freertos/portable/GCC/ARM_CM3/port.c **** 				/* Something other than the tick interrupt ended the sleep.
 577:lib/freertos/portable/GCC/ARM_CM3/port.c **** 				Work out how long the sleep lasted rounded to complete tick
 578:lib/freertos/portable/GCC/ARM_CM3/port.c **** 				periods (not the ulReload value which accounted for part
 579:lib/freertos/portable/GCC/ARM_CM3/port.c **** 				ticks). */
 580:lib/freertos/portable/GCC/ARM_CM3/port.c **** 				ulCompletedSysTickDecrements = ( xExpectedIdleTime * ulTimerCountsForOneTick ) - portNVIC_SYSTI
 581:lib/freertos/portable/GCC/ARM_CM3/port.c **** 
 582:lib/freertos/portable/GCC/ARM_CM3/port.c **** 				/* How many complete tick periods passed while the processor
 583:lib/freertos/portable/GCC/ARM_CM3/port.c **** 				was waiting? */
 584:lib/freertos/portable/GCC/ARM_CM3/port.c **** 				ulCompleteTickPeriods = ulCompletedSysTickDecrements / ulTimerCountsForOneTick;
 585:lib/freertos/portable/GCC/ARM_CM3/port.c **** 
 586:lib/freertos/portable/GCC/ARM_CM3/port.c **** 				/* The reload value is set to whatever fraction of a single tick
 587:lib/freertos/portable/GCC/ARM_CM3/port.c **** 				period remains. */
 588:lib/freertos/portable/GCC/ARM_CM3/port.c **** 				portNVIC_SYSTICK_LOAD_REG = ( ( ulCompleteTickPeriods + 1UL ) * ulTimerCountsForOneTick ) - ulC
 589:lib/freertos/portable/GCC/ARM_CM3/port.c **** 			}
 590:lib/freertos/portable/GCC/ARM_CM3/port.c **** 
 591:lib/freertos/portable/GCC/ARM_CM3/port.c **** 			/* Restart SysTick so it runs from portNVIC_SYSTICK_LOAD_REG
 592:lib/freertos/portable/GCC/ARM_CM3/port.c **** 			again, then set portNVIC_SYSTICK_LOAD_REG back to its standard
 593:lib/freertos/portable/GCC/ARM_CM3/port.c **** 			value.  The critical section is used to ensure the tick interrupt
 594:lib/freertos/portable/GCC/ARM_CM3/port.c **** 			can only execute once in the case that the reload register is near
 595:lib/freertos/portable/GCC/ARM_CM3/port.c **** 			zero. */
 596:lib/freertos/portable/GCC/ARM_CM3/port.c **** 			portNVIC_SYSTICK_CURRENT_VALUE_REG = 0UL;
ARM GAS  /tmp/ccJFApzV.s 			page 26


 597:lib/freertos/portable/GCC/ARM_CM3/port.c **** 			portENTER_CRITICAL();
 598:lib/freertos/portable/GCC/ARM_CM3/port.c **** 			{
 599:lib/freertos/portable/GCC/ARM_CM3/port.c **** 				portNVIC_SYSTICK_CTRL_REG |= portNVIC_SYSTICK_ENABLE_BIT;
 600:lib/freertos/portable/GCC/ARM_CM3/port.c **** 				vTaskStepTick( ulCompleteTickPeriods );
 601:lib/freertos/portable/GCC/ARM_CM3/port.c **** 				portNVIC_SYSTICK_LOAD_REG = ulTimerCountsForOneTick - 1UL;
 602:lib/freertos/portable/GCC/ARM_CM3/port.c **** 			}
 603:lib/freertos/portable/GCC/ARM_CM3/port.c **** 			portEXIT_CRITICAL();
 604:lib/freertos/portable/GCC/ARM_CM3/port.c **** 		}
 605:lib/freertos/portable/GCC/ARM_CM3/port.c **** 	}
 606:lib/freertos/portable/GCC/ARM_CM3/port.c **** 
 607:lib/freertos/portable/GCC/ARM_CM3/port.c **** #endif /* #if configUSE_TICKLESS_IDLE */
 608:lib/freertos/portable/GCC/ARM_CM3/port.c **** /*-----------------------------------------------------------*/
 609:lib/freertos/portable/GCC/ARM_CM3/port.c **** 
 610:lib/freertos/portable/GCC/ARM_CM3/port.c **** /*
 611:lib/freertos/portable/GCC/ARM_CM3/port.c ****  * Setup the systick timer to generate the tick interrupts at the required
 612:lib/freertos/portable/GCC/ARM_CM3/port.c ****  * frequency.
 613:lib/freertos/portable/GCC/ARM_CM3/port.c ****  */
 614:lib/freertos/portable/GCC/ARM_CM3/port.c **** __attribute__(( weak )) void vPortSetupTimerInterrupt( void )
 615:lib/freertos/portable/GCC/ARM_CM3/port.c **** {
 528              		.loc 1 615 1 is_stmt 1 view -0
 529              		.cfi_startproc
 530              		@ args = 0, pretend = 0, frame = 0
 531              		@ frame_needed = 0, uses_anonymous_args = 0
 532              		@ link register save eliminated.
 616:lib/freertos/portable/GCC/ARM_CM3/port.c **** 	/* Calculate the constants required to configure the tick interrupt. */
 617:lib/freertos/portable/GCC/ARM_CM3/port.c **** 	#if configUSE_TICKLESS_IDLE == 1
 618:lib/freertos/portable/GCC/ARM_CM3/port.c **** 	{
 619:lib/freertos/portable/GCC/ARM_CM3/port.c **** 		ulTimerCountsForOneTick = ( configSYSTICK_CLOCK_HZ / configTICK_RATE_HZ );
 620:lib/freertos/portable/GCC/ARM_CM3/port.c **** 		xMaximumPossibleSuppressedTicks = portMAX_24_BIT_NUMBER / ulTimerCountsForOneTick;
 621:lib/freertos/portable/GCC/ARM_CM3/port.c **** 		ulStoppedTimerCompensation = portMISSED_COUNTS_FACTOR / ( configCPU_CLOCK_HZ / configSYSTICK_CLOC
 622:lib/freertos/portable/GCC/ARM_CM3/port.c **** 	}
 623:lib/freertos/portable/GCC/ARM_CM3/port.c **** 	#endif /* configUSE_TICKLESS_IDLE */
 624:lib/freertos/portable/GCC/ARM_CM3/port.c **** 
 625:lib/freertos/portable/GCC/ARM_CM3/port.c **** 	/* Configure SysTick to interrupt at the requested rate. */
 626:lib/freertos/portable/GCC/ARM_CM3/port.c **** 	portNVIC_SYSTICK_LOAD_REG = ( configSYSTICK_CLOCK_HZ / configTICK_RATE_HZ ) - 1UL;
 533              		.loc 1 626 2 view .LVU80
 534              	@ lib/freertos/portable/GCC/ARM_CM3/port.c:626: 	portNVIC_SYSTICK_LOAD_REG = ( configSYSTICK_CLOCK_
 535              		.loc 1 626 28 is_stmt 0 view .LVU81
 536 0120 034B     		ldr	r3, .L25	@ tmp110,
 537 0122 044A     		ldr	r2, .L25+4	@ tmp111,
 538 0124 1A60     		str	r2, [r3]	@ tmp111, MEM[(volatile uint32_t *)3758153748B]
 627:lib/freertos/portable/GCC/ARM_CM3/port.c **** 	portNVIC_SYSTICK_CTRL_REG = ( portNVIC_SYSTICK_CLK_BIT | portNVIC_SYSTICK_INT_BIT | portNVIC_SYSTI
 539              		.loc 1 627 2 is_stmt 1 view .LVU82
 540              	@ lib/freertos/portable/GCC/ARM_CM3/port.c:627: 	portNVIC_SYSTICK_CTRL_REG = ( portNVIC_SYSTICK_CLK
 541              		.loc 1 627 28 is_stmt 0 view .LVU83
 542 0126 0722     		movs	r2, #7	@ tmp113,
 543 0128 43F8042C 		str	r2, [r3, #-4]	@ tmp113, MEM[(volatile uint32_t *)3758153744B]
 544              	@ lib/freertos/portable/GCC/ARM_CM3/port.c:628: }
 628:lib/freertos/portable/GCC/ARM_CM3/port.c **** }
 545              		.loc 1 628 1 view .LVU84
 546 012c 7047     		bx	lr	@
 547              	.L26:
 548 012e 00BF     		.align	2
 549              	.L25:
 550 0130 14E000E0 		.word	-536813548
 551 0134 3F190100 		.word	71999
 552              		.cfi_endproc
ARM GAS  /tmp/ccJFApzV.s 			page 27


 553              	.LFE15:
 554              		.size	vPortSetupTimerInterrupt, .-vPortSetupTimerInterrupt
 555              		.align	1
 556              		.global	xPortStartScheduler
 557              		.syntax unified
 558              		.thumb
 559              		.thumb_func
 560              		.fpu softvfp
 561              		.type	xPortStartScheduler, %function
 562              	xPortStartScheduler:
 563              	.LFB9:
 289:lib/freertos/portable/GCC/ARM_CM3/port.c **** 	/* configMAX_SYSCALL_INTERRUPT_PRIORITY must not be set to 0.
 564              		.loc 1 289 1 is_stmt 1 view -0
 565              		.cfi_startproc
 566              		@ Volatile: function does not return.
 567              		@ args = 0, pretend = 0, frame = 0
 568              		@ frame_needed = 0, uses_anonymous_args = 0
 292:lib/freertos/portable/GCC/ARM_CM3/port.c **** 
 569              		.loc 1 292 54 view .LVU86
 339:lib/freertos/portable/GCC/ARM_CM3/port.c **** 	portNVIC_SYSPRI2_REG |= portNVIC_SYSTICK_PRI;
 570              		.loc 1 339 2 view .LVU87
 571              	@ lib/freertos/portable/GCC/ARM_CM3/port.c:289: {
 289:lib/freertos/portable/GCC/ARM_CM3/port.c **** 	/* configMAX_SYSCALL_INTERRUPT_PRIORITY must not be set to 0.
 572              		.loc 1 289 1 is_stmt 0 view .LVU88
 573 0138 08B5     		push	{r3, lr}	@
 574              	.LCFI1:
 575              		.cfi_def_cfa_offset 8
 576              		.cfi_offset 3, -8
 577              		.cfi_offset 14, -4
 578              	@ lib/freertos/portable/GCC/ARM_CM3/port.c:339: 	portNVIC_SYSPRI2_REG |= portNVIC_PENDSV_PRI;
 339:lib/freertos/portable/GCC/ARM_CM3/port.c **** 	portNVIC_SYSPRI2_REG |= portNVIC_SYSTICK_PRI;
 579              		.loc 1 339 23 view .LVU89
 580 013a 094B     		ldr	r3, .L28	@ tmp115,
 581 013c 1A68     		ldr	r2, [r3]	@ _1, MEM[(volatile uint32_t *)3758157088B]
 582 013e 42F47002 		orr	r2, r2, #15728640	@ _2, _1,
 583 0142 1A60     		str	r2, [r3]	@ _2, MEM[(volatile uint32_t *)3758157088B]
 340:lib/freertos/portable/GCC/ARM_CM3/port.c **** 
 584              		.loc 1 340 2 is_stmt 1 view .LVU90
 585              	@ lib/freertos/portable/GCC/ARM_CM3/port.c:340: 	portNVIC_SYSPRI2_REG |= portNVIC_SYSTICK_PRI;
 340:lib/freertos/portable/GCC/ARM_CM3/port.c **** 
 586              		.loc 1 340 23 is_stmt 0 view .LVU91
 587 0144 1A68     		ldr	r2, [r3]	@ _3, MEM[(volatile uint32_t *)3758157088B]
 588 0146 42F07042 		orr	r2, r2, #-268435456	@ _4, _3,
 589 014a 1A60     		str	r2, [r3]	@ _4, MEM[(volatile uint32_t *)3758157088B]
 344:lib/freertos/portable/GCC/ARM_CM3/port.c **** 
 590              		.loc 1 344 2 is_stmt 1 view .LVU92
 591 014c FFF7FEFF 		bl	vPortSetupTimerInterrupt		@
 592              	.LVL13:
 347:lib/freertos/portable/GCC/ARM_CM3/port.c **** 
 593              		.loc 1 347 2 view .LVU93
 594              	@ lib/freertos/portable/GCC/ARM_CM3/port.c:347: 	uxCriticalNesting = 0;
 347:lib/freertos/portable/GCC/ARM_CM3/port.c **** 
 595              		.loc 1 347 20 is_stmt 0 view .LVU94
 596 0150 0022     		movs	r2, #0	@ tmp120,
 597 0152 044B     		ldr	r3, .L28+4	@ tmp119,
 598 0154 1A60     		str	r2, [r3]	@ tmp120, uxCriticalNesting
 350:lib/freertos/portable/GCC/ARM_CM3/port.c **** 
ARM GAS  /tmp/ccJFApzV.s 			page 28


 599              		.loc 1 350 2 is_stmt 1 view .LVU95
 600 0156 FFF75CFF 		bl	prvPortStartFirstTask		@
 601              	.LVL14:
 356:lib/freertos/portable/GCC/ARM_CM3/port.c **** 
 602              		.loc 1 356 2 view .LVU96
 603 015a FFF751FF 		bl	prvTaskExitError		@
 604              	.LVL15:
 605              	.L29:
 606 015e 00BF     		.align	2
 607              	.L28:
 608 0160 20ED00E0 		.word	-536810208
 609 0164 00000000 		.word	.LANCHOR0
 610              		.cfi_endproc
 611              	.LFE9:
 612              		.size	xPortStartScheduler, .-xPortStartScheduler
 613              		.data
 614              		.align	2
 615              		.set	.LANCHOR0,. + 0
 616              		.type	uxCriticalNesting, %object
 617              		.size	uxCriticalNesting, 4
 618              	uxCriticalNesting:
 619 0000 AAAAAAAA 		.word	-1431655766
 620              		.text
 621              	.Letext0:
 622              		.file 3 "/usr/lib/gcc/arm-none-eabi/9.2.1/include/stdint.h"
 623              		.file 4 "./lib/freertos/include/projdefs.h"
 624              		.file 5 "./lib/freertos/include/task.h"
 625              		.section	.debug_info,"",%progbits
 626              	.Ldebug_info0:
 627 0000 50030000 		.4byte	0x350
 628 0004 0200     		.2byte	0x2
 629 0006 00000000 		.4byte	.Ldebug_abbrev0
 630 000a 04       		.byte	0x4
 631 000b 01       		.uleb128 0x1
 632 000c 2D000000 		.4byte	.LASF30
 633 0010 0C       		.byte	0xc
 634 0011 8A010000 		.4byte	.LASF31
 635 0015 2F010000 		.4byte	.LASF32
 636 0019 00000000 		.4byte	.Ltext0
 637 001d 68010000 		.4byte	.Letext0
 638 0021 00000000 		.4byte	.Ldebug_line0
 639 0025 02       		.uleb128 0x2
 640 0026 04       		.byte	0x4
 641 0027 05       		.byte	0x5
 642 0028 696E7400 		.ascii	"int\000"
 643 002c 03       		.uleb128 0x3
 644 002d 04       		.byte	0x4
 645 002e 07       		.byte	0x7
 646 002f DF010000 		.4byte	.LASF0
 647 0033 03       		.uleb128 0x3
 648 0034 08       		.byte	0x8
 649 0035 05       		.byte	0x5
 650 0036 16010000 		.4byte	.LASF1
 651 003a 03       		.uleb128 0x3
 652 003b 08       		.byte	0x8
 653 003c 04       		.byte	0x4
 654 003d 70010000 		.4byte	.LASF2
ARM GAS  /tmp/ccJFApzV.s 			page 29


 655 0041 03       		.uleb128 0x3
 656 0042 01       		.byte	0x1
 657 0043 06       		.byte	0x6
 658 0044 F4000000 		.4byte	.LASF3
 659 0048 03       		.uleb128 0x3
 660 0049 02       		.byte	0x2
 661 004a 05       		.byte	0x5
 662 004b 0F000000 		.4byte	.LASF4
 663 004f 03       		.uleb128 0x3
 664 0050 04       		.byte	0x4
 665 0051 05       		.byte	0x5
 666 0052 55010000 		.4byte	.LASF5
 667 0056 03       		.uleb128 0x3
 668 0057 01       		.byte	0x1
 669 0058 08       		.byte	0x8
 670 0059 7C010000 		.4byte	.LASF6
 671 005d 03       		.uleb128 0x3
 672 005e 02       		.byte	0x2
 673 005f 07       		.byte	0x7
 674 0060 1D020000 		.4byte	.LASF7
 675 0064 04       		.uleb128 0x4
 676 0065 CA010000 		.4byte	.LASF10
 677 0069 03       		.byte	0x3
 678 006a 34       		.byte	0x34
 679 006b 19       		.byte	0x19
 680 006c 70000000 		.4byte	0x70
 681 0070 03       		.uleb128 0x3
 682 0071 04       		.byte	0x4
 683 0072 07       		.byte	0x7
 684 0073 7F020000 		.4byte	.LASF8
 685 0077 03       		.uleb128 0x3
 686 0078 08       		.byte	0x8
 687 0079 07       		.byte	0x7
 688 007a B3010000 		.4byte	.LASF9
 689 007e 04       		.uleb128 0x4
 690 007f 00000000 		.4byte	.LASF11
 691 0083 04       		.byte	0x4
 692 0084 4D       		.byte	0x4d
 693 0085 10       		.byte	0x10
 694 0086 8A000000 		.4byte	0x8a
 695 008a 05       		.uleb128 0x5
 696 008b 04       		.byte	0x4
 697 008c 90000000 		.4byte	0x90
 698 0090 06       		.uleb128 0x6
 699 0091 01       		.byte	0x1
 700 0092 9C000000 		.4byte	0x9c
 701 0096 07       		.uleb128 0x7
 702 0097 9C000000 		.4byte	0x9c
 703 009b 00       		.byte	0
 704 009c 08       		.uleb128 0x8
 705 009d 04       		.byte	0x4
 706 009e 04       		.uleb128 0x4
 707 009f AC020000 		.4byte	.LASF12
 708 00a3 02       		.byte	0x2
 709 00a4 61       		.byte	0x61
 710 00a5 18       		.byte	0x18
 711 00a6 64000000 		.4byte	0x64
ARM GAS  /tmp/ccJFApzV.s 			page 30


 712 00aa 04       		.uleb128 0x4
 713 00ab EC010000 		.4byte	.LASF13
 714 00af 02       		.byte	0x2
 715 00b0 62       		.byte	0x62
 716 00b1 0E       		.byte	0xe
 717 00b2 4F000000 		.4byte	0x4f
 718 00b6 04       		.uleb128 0x4
 719 00b7 91020000 		.4byte	.LASF14
 720 00bb 02       		.byte	0x2
 721 00bc 63       		.byte	0x63
 722 00bd 17       		.byte	0x17
 723 00be 70000000 		.4byte	0x70
 724 00c2 04       		.uleb128 0x4
 725 00c3 24010000 		.4byte	.LASF15
 726 00c7 02       		.byte	0x2
 727 00c8 69       		.byte	0x69
 728 00c9 13       		.byte	0x13
 729 00ca 64000000 		.4byte	0x64
 730 00ce 03       		.uleb128 0x3
 731 00cf 01       		.byte	0x1
 732 00d0 08       		.byte	0x8
 733 00d1 55020000 		.4byte	.LASF16
 734 00d5 05       		.uleb128 0x5
 735 00d6 04       		.byte	0x4
 736 00d7 9E000000 		.4byte	0x9e
 737 00db 09       		.uleb128 0x9
 738 00dc 5E010000 		.4byte	.LASF33
 739 00e0 01       		.byte	0x1
 740 00e1 95       		.byte	0x95
 741 00e2 14       		.byte	0x14
 742 00e3 B6000000 		.4byte	0xb6
 743 00e7 05       		.byte	0x5
 744 00e8 03       		.byte	0x3
 745 00e9 00000000 		.4byte	uxCriticalNesting
 746 00ed 0A       		.uleb128 0xa
 747 00ee 01       		.byte	0x1
 748 00ef 04020000 		.4byte	.LASF17
 749 00f3 01       		.byte	0x1
 750 00f4 6602     		.2byte	0x266
 751 00f6 1E       		.byte	0x1e
 752 00f7 01       		.byte	0x1
 753 00f8 20010000 		.4byte	.LFB15
 754 00fc 38010000 		.4byte	.LFE15
 755 0100 02       		.byte	0x2
 756 0101 7D       		.byte	0x7d
 757 0102 00       		.sleb128 0
 758 0103 01       		.byte	0x1
 759 0104 0B       		.uleb128 0xb
 760 0105 01       		.byte	0x1
 761 0106 B8020000 		.4byte	.LASF19
 762 010a 01       		.byte	0x1
 763 010b B401     		.2byte	0x1b4
 764 010d 06       		.byte	0x6
 765 010e 01       		.byte	0x1
 766 010f F4000000 		.4byte	.LFB14
 767 0113 20010000 		.4byte	.LFE14
 768 0117 00000000 		.4byte	.LLST3
ARM GAS  /tmp/ccJFApzV.s 			page 31


 769 011b 01       		.byte	0x1
 770 011c 74010000 		.4byte	0x174
 771 0120 0C       		.uleb128 0xc
 772 0121 29030000 		.4byte	0x329
 773 0125 F4000000 		.4byte	.LBI18
 774 0129 02       		.byte	.LVU64
 775 012a 00000000 		.4byte	.Ldebug_ranges0+0
 776 012e 01       		.byte	0x1
 777 012f BA01     		.2byte	0x1ba
 778 0131 02       		.byte	0x2
 779 0132 42010000 		.4byte	0x142
 780 0136 0D       		.uleb128 0xd
 781 0137 00000000 		.4byte	.Ldebug_ranges0+0
 782 013b 0E       		.uleb128 0xe
 783 013c 37030000 		.4byte	0x337
 784 0140 00       		.byte	0
 785 0141 00       		.byte	0
 786 0142 0F       		.uleb128 0xf
 787 0143 0C030000 		.4byte	0x30c
 788 0147 14010000 		.4byte	.LBI22
 789 014b 01       		.byte	.LVU75
 790 014c 14010000 		.4byte	.LBB22
 791 0150 1A010000 		.4byte	.LBE22
 792 0154 01       		.byte	0x1
 793 0155 C401     		.2byte	0x1c4
 794 0157 02       		.byte	0x2
 795 0158 6A010000 		.4byte	0x16a
 796 015c 10       		.uleb128 0x10
 797 015d 1B030000 		.4byte	0x31b
 798 0161 22000000 		.4byte	.LLST4
 799 0165 20000000 		.4byte	.LVUS4
 800 0169 00       		.byte	0
 801 016a 11       		.uleb128 0x11
 802 016b 0A010000 		.4byte	.LVL10
 803 016f 44030000 		.4byte	0x344
 804 0173 00       		.byte	0
 805 0174 0A       		.uleb128 0xa
 806 0175 01       		.byte	0x1
 807 0176 C8020000 		.4byte	.LASF18
 808 017a 01       		.byte	0x1
 809 017b 8F01     		.2byte	0x18f
 810 017d 06       		.byte	0x6
 811 017e 01       		.byte	0x1
 812 017f A8000000 		.4byte	.LFB13
 813 0183 F4000000 		.4byte	.LFE13
 814 0187 02       		.byte	0x2
 815 0188 7D       		.byte	0x7d
 816 0189 00       		.sleb128 0
 817 018a 01       		.byte	0x1
 818 018b 12       		.uleb128 0x12
 819 018c 01       		.byte	0x1
 820 018d 5A020000 		.4byte	.LASF20
 821 0191 01       		.byte	0x1
 822 0192 8401     		.2byte	0x184
 823 0194 06       		.byte	0x6
 824 0195 01       		.byte	0x1
 825 0196 94000000 		.4byte	.LFB12
ARM GAS  /tmp/ccJFApzV.s 			page 32


 826 019a A8000000 		.4byte	.LFE12
 827 019e 02       		.byte	0x2
 828 019f 7D       		.byte	0x7d
 829 01a0 00       		.sleb128 0
 830 01a1 01       		.byte	0x1
 831 01a2 CB010000 		.4byte	0x1cb
 832 01a6 13       		.uleb128 0x13
 833 01a7 0C030000 		.4byte	0x30c
 834 01ab 9E000000 		.4byte	.LBI16
 835 01af 01       		.byte	.LVU55
 836 01b0 9E000000 		.4byte	.LBB16
 837 01b4 A2000000 		.4byte	.LBE16
 838 01b8 01       		.byte	0x1
 839 01b9 8A01     		.2byte	0x18a
 840 01bb 03       		.byte	0x3
 841 01bc 10       		.uleb128 0x10
 842 01bd 1B030000 		.4byte	0x31b
 843 01c1 38000000 		.4byte	.LLST2
 844 01c5 36000000 		.4byte	.LVUS2
 845 01c9 00       		.byte	0
 846 01ca 00       		.byte	0
 847 01cb 12       		.uleb128 0x12
 848 01cc 01       		.byte	0x1
 849 01cd 30020000 		.4byte	.LASF21
 850 01d1 01       		.byte	0x1
 851 01d2 7301     		.2byte	0x173
 852 01d4 06       		.byte	0x6
 853 01d5 01       		.byte	0x1
 854 01d6 76000000 		.4byte	.LFB11
 855 01da 94000000 		.4byte	.LFE11
 856 01de 02       		.byte	0x2
 857 01df 7D       		.byte	0x7d
 858 01e0 00       		.sleb128 0
 859 01e1 01       		.byte	0x1
 860 01e2 03020000 		.4byte	0x203
 861 01e6 13       		.uleb128 0x13
 862 01e7 29030000 		.4byte	0x329
 863 01eb 76000000 		.4byte	.LBI14
 864 01ef 02       		.byte	.LVU40
 865 01f0 76000000 		.4byte	.LBB14
 866 01f4 86000000 		.4byte	.LBE14
 867 01f8 01       		.byte	0x1
 868 01f9 7501     		.2byte	0x175
 869 01fb 02       		.byte	0x2
 870 01fc 0E       		.uleb128 0xe
 871 01fd 37030000 		.4byte	0x337
 872 0201 00       		.byte	0
 873 0202 00       		.byte	0
 874 0203 0A       		.uleb128 0xa
 875 0204 01       		.byte	0x1
 876 0205 43020000 		.4byte	.LASF22
 877 0209 01       		.byte	0x1
 878 020a 6B01     		.2byte	0x16b
 879 020c 06       		.byte	0x6
 880 020d 01       		.byte	0x1
 881 020e 74000000 		.4byte	.LFB10
 882 0212 76000000 		.4byte	.LFE10
ARM GAS  /tmp/ccJFApzV.s 			page 33


 883 0216 02       		.byte	0x2
 884 0217 7D       		.byte	0x7d
 885 0218 00       		.sleb128 0
 886 0219 01       		.byte	0x1
 887 021a 14       		.uleb128 0x14
 888 021b 01       		.byte	0x1
 889 021c 19000000 		.4byte	.LASF24
 890 0220 01       		.byte	0x1
 891 0221 2001     		.2byte	0x120
 892 0223 0C       		.byte	0xc
 893 0224 01       		.byte	0x1
 894 0225 AA000000 		.4byte	0xaa
 895 0229 38010000 		.4byte	.LFB9
 896 022d 68010000 		.4byte	.LFE9
 897 0231 4C000000 		.4byte	.LLST5
 898 0235 01       		.byte	0x1
 899 0236 56020000 		.4byte	0x256
 900 023a 11       		.uleb128 0x11
 901 023b 50010000 		.4byte	.LVL13
 902 023f ED000000 		.4byte	0xed
 903 0243 11       		.uleb128 0x11
 904 0244 5A010000 		.4byte	.LVL14
 905 0248 56020000 		.4byte	0x256
 906 024c 11       		.uleb128 0x11
 907 024d 5E010000 		.4byte	.LVL15
 908 0251 82020000 		.4byte	0x282
 909 0255 00       		.byte	0
 910 0256 15       		.uleb128 0x15
 911 0257 00010000 		.4byte	.LASF34
 912 025b 01       		.byte	0x1
 913 025c 0C01     		.2byte	0x10c
 914 025e 0D       		.byte	0xd
 915 025f 01       		.byte	0x1
 916 0260 12000000 		.4byte	.LFB8
 917 0264 2C000000 		.4byte	.LFE8
 918 0268 02       		.byte	0x2
 919 0269 7D       		.byte	0x7d
 920 026a 00       		.sleb128 0
 921 026b 01       		.byte	0x1
 922 026c 16       		.uleb128 0x16
 923 026d 01       		.byte	0x1
 924 026e D3010000 		.4byte	.LASF23
 925 0272 01       		.byte	0x1
 926 0273 F8       		.byte	0xf8
 927 0274 06       		.byte	0x6
 928 0275 01       		.byte	0x1
 929 0276 50000000 		.4byte	.LFB7
 930 027a 74000000 		.4byte	.LFE7
 931 027e 02       		.byte	0x2
 932 027f 7D       		.byte	0x7d
 933 0280 00       		.sleb128 0
 934 0281 01       		.byte	0x1
 935 0282 17       		.uleb128 0x17
 936 0283 DC000000 		.4byte	.LASF35
 937 0287 01       		.byte	0x1
 938 0288 EA       		.byte	0xea
 939 0289 0D       		.byte	0xd
ARM GAS  /tmp/ccJFApzV.s 			page 34


 940 028a 01       		.byte	0x1
 941 028b 00000000 		.4byte	.LFB6
 942 028f 12000000 		.4byte	.LFE6
 943 0293 02       		.byte	0x2
 944 0294 7D       		.byte	0x7d
 945 0295 00       		.sleb128 0
 946 0296 01       		.byte	0x1
 947 0297 B7020000 		.4byte	0x2b7
 948 029b 18       		.uleb128 0x18
 949 029c 29030000 		.4byte	0x329
 950 02a0 00000000 		.4byte	.LBI12
 951 02a4 03       		.byte	.LVU3
 952 02a5 00000000 		.4byte	.LBB12
 953 02a9 10000000 		.4byte	.LBE12
 954 02ad 01       		.byte	0x1
 955 02ae F3       		.byte	0xf3
 956 02af 02       		.byte	0x2
 957 02b0 0E       		.uleb128 0xe
 958 02b1 37030000 		.4byte	0x337
 959 02b5 00       		.byte	0
 960 02b6 00       		.byte	0
 961 02b7 19       		.uleb128 0x19
 962 02b8 01       		.byte	0x1
 963 02b9 D7020000 		.4byte	.LASF25
 964 02bd 01       		.byte	0x1
 965 02be D8       		.byte	0xd8
 966 02bf 0E       		.byte	0xe
 967 02c0 01       		.byte	0x1
 968 02c1 D5000000 		.4byte	0xd5
 969 02c5 2C000000 		.4byte	.LFB5
 970 02c9 50000000 		.4byte	.LFE5
 971 02cd 02       		.byte	0x2
 972 02ce 7D       		.byte	0x7d
 973 02cf 00       		.sleb128 0
 974 02d0 01       		.byte	0x1
 975 02d1 0C030000 		.4byte	0x30c
 976 02d5 1A       		.uleb128 0x1a
 977 02d6 CF000000 		.4byte	.LASF26
 978 02da 01       		.byte	0x1
 979 02db D8       		.byte	0xd8
 980 02dc 32       		.byte	0x32
 981 02dd D5000000 		.4byte	0xd5
 982 02e1 7A000000 		.4byte	.LLST0
 983 02e5 6C000000 		.4byte	.LVUS0
 984 02e9 1A       		.uleb128 0x1a
 985 02ea ED000000 		.4byte	.LASF27
 986 02ee 01       		.byte	0x1
 987 02ef D8       		.byte	0xd8
 988 02f0 4F       		.byte	0x4f
 989 02f1 7E000000 		.4byte	0x7e
 990 02f5 DD000000 		.4byte	.LLST1
 991 02f9 D9000000 		.4byte	.LVUS1
 992 02fd 1B       		.uleb128 0x1b
 993 02fe F7010000 		.4byte	.LASF36
 994 0302 01       		.byte	0x1
 995 0303 D8       		.byte	0xd8
 996 0304 5D       		.byte	0x5d
ARM GAS  /tmp/ccJFApzV.s 			page 35


 997 0305 9C000000 		.4byte	0x9c
 998 0309 01       		.byte	0x1
 999 030a 52       		.byte	0x52
 1000 030b 00       		.byte	0
 1001 030c 1C       		.uleb128 0x1c
 1002 030d FF020000 		.4byte	.LASF28
 1003 0311 02       		.byte	0x2
 1004 0312 0D01     		.2byte	0x10d
 1005 0314 1E       		.byte	0x1e
 1006 0315 01       		.byte	0x1
 1007 0316 03       		.byte	0x3
 1008 0317 29030000 		.4byte	0x329
 1009 031b 1D       		.uleb128 0x1d
 1010 031c 9D020000 		.4byte	.LASF37
 1011 0320 02       		.byte	0x2
 1012 0321 0D01     		.2byte	0x10d
 1013 0323 38       		.byte	0x38
 1014 0324 64000000 		.4byte	0x64
 1015 0328 00       		.byte	0
 1016 0329 1E       		.uleb128 0x1e
 1017 032a ED020000 		.4byte	.LASF29
 1018 032e 02       		.byte	0x2
 1019 032f E9       		.byte	0xe9
 1020 0330 1E       		.byte	0x1e
 1021 0331 01       		.byte	0x1
 1022 0332 03       		.byte	0x3
 1023 0333 44030000 		.4byte	0x344
 1024 0337 1F       		.uleb128 0x1f
 1025 0338 0F030000 		.4byte	.LASF38
 1026 033c 02       		.byte	0x2
 1027 033d EB       		.byte	0xeb
 1028 033e 0A       		.byte	0xa
 1029 033f 64000000 		.4byte	0x64
 1030 0343 00       		.byte	0
 1031 0344 20       		.uleb128 0x20
 1032 0345 01       		.byte	0x1
 1033 0346 01       		.byte	0x1
 1034 0347 6C020000 		.4byte	.LASF39
 1035 034b 6C020000 		.4byte	.LASF39
 1036 034f 05       		.byte	0x5
 1037 0350 2608     		.2byte	0x826
 1038 0352 0C       		.byte	0xc
 1039 0353 00       		.byte	0
 1040              		.section	.debug_abbrev,"",%progbits
 1041              	.Ldebug_abbrev0:
 1042 0000 01       		.uleb128 0x1
 1043 0001 11       		.uleb128 0x11
 1044 0002 01       		.byte	0x1
 1045 0003 25       		.uleb128 0x25
 1046 0004 0E       		.uleb128 0xe
 1047 0005 13       		.uleb128 0x13
 1048 0006 0B       		.uleb128 0xb
 1049 0007 03       		.uleb128 0x3
 1050 0008 0E       		.uleb128 0xe
 1051 0009 1B       		.uleb128 0x1b
 1052 000a 0E       		.uleb128 0xe
 1053 000b 11       		.uleb128 0x11
ARM GAS  /tmp/ccJFApzV.s 			page 36


 1054 000c 01       		.uleb128 0x1
 1055 000d 12       		.uleb128 0x12
 1056 000e 01       		.uleb128 0x1
 1057 000f 10       		.uleb128 0x10
 1058 0010 06       		.uleb128 0x6
 1059 0011 00       		.byte	0
 1060 0012 00       		.byte	0
 1061 0013 02       		.uleb128 0x2
 1062 0014 24       		.uleb128 0x24
 1063 0015 00       		.byte	0
 1064 0016 0B       		.uleb128 0xb
 1065 0017 0B       		.uleb128 0xb
 1066 0018 3E       		.uleb128 0x3e
 1067 0019 0B       		.uleb128 0xb
 1068 001a 03       		.uleb128 0x3
 1069 001b 08       		.uleb128 0x8
 1070 001c 00       		.byte	0
 1071 001d 00       		.byte	0
 1072 001e 03       		.uleb128 0x3
 1073 001f 24       		.uleb128 0x24
 1074 0020 00       		.byte	0
 1075 0021 0B       		.uleb128 0xb
 1076 0022 0B       		.uleb128 0xb
 1077 0023 3E       		.uleb128 0x3e
 1078 0024 0B       		.uleb128 0xb
 1079 0025 03       		.uleb128 0x3
 1080 0026 0E       		.uleb128 0xe
 1081 0027 00       		.byte	0
 1082 0028 00       		.byte	0
 1083 0029 04       		.uleb128 0x4
 1084 002a 16       		.uleb128 0x16
 1085 002b 00       		.byte	0
 1086 002c 03       		.uleb128 0x3
 1087 002d 0E       		.uleb128 0xe
 1088 002e 3A       		.uleb128 0x3a
 1089 002f 0B       		.uleb128 0xb
 1090 0030 3B       		.uleb128 0x3b
 1091 0031 0B       		.uleb128 0xb
 1092 0032 39       		.uleb128 0x39
 1093 0033 0B       		.uleb128 0xb
 1094 0034 49       		.uleb128 0x49
 1095 0035 13       		.uleb128 0x13
 1096 0036 00       		.byte	0
 1097 0037 00       		.byte	0
 1098 0038 05       		.uleb128 0x5
 1099 0039 0F       		.uleb128 0xf
 1100 003a 00       		.byte	0
 1101 003b 0B       		.uleb128 0xb
 1102 003c 0B       		.uleb128 0xb
 1103 003d 49       		.uleb128 0x49
 1104 003e 13       		.uleb128 0x13
 1105 003f 00       		.byte	0
 1106 0040 00       		.byte	0
 1107 0041 06       		.uleb128 0x6
 1108 0042 15       		.uleb128 0x15
 1109 0043 01       		.byte	0x1
 1110 0044 27       		.uleb128 0x27
ARM GAS  /tmp/ccJFApzV.s 			page 37


 1111 0045 0C       		.uleb128 0xc
 1112 0046 01       		.uleb128 0x1
 1113 0047 13       		.uleb128 0x13
 1114 0048 00       		.byte	0
 1115 0049 00       		.byte	0
 1116 004a 07       		.uleb128 0x7
 1117 004b 05       		.uleb128 0x5
 1118 004c 00       		.byte	0
 1119 004d 49       		.uleb128 0x49
 1120 004e 13       		.uleb128 0x13
 1121 004f 00       		.byte	0
 1122 0050 00       		.byte	0
 1123 0051 08       		.uleb128 0x8
 1124 0052 0F       		.uleb128 0xf
 1125 0053 00       		.byte	0
 1126 0054 0B       		.uleb128 0xb
 1127 0055 0B       		.uleb128 0xb
 1128 0056 00       		.byte	0
 1129 0057 00       		.byte	0
 1130 0058 09       		.uleb128 0x9
 1131 0059 34       		.uleb128 0x34
 1132 005a 00       		.byte	0
 1133 005b 03       		.uleb128 0x3
 1134 005c 0E       		.uleb128 0xe
 1135 005d 3A       		.uleb128 0x3a
 1136 005e 0B       		.uleb128 0xb
 1137 005f 3B       		.uleb128 0x3b
 1138 0060 0B       		.uleb128 0xb
 1139 0061 39       		.uleb128 0x39
 1140 0062 0B       		.uleb128 0xb
 1141 0063 49       		.uleb128 0x49
 1142 0064 13       		.uleb128 0x13
 1143 0065 02       		.uleb128 0x2
 1144 0066 0A       		.uleb128 0xa
 1145 0067 00       		.byte	0
 1146 0068 00       		.byte	0
 1147 0069 0A       		.uleb128 0xa
 1148 006a 2E       		.uleb128 0x2e
 1149 006b 00       		.byte	0
 1150 006c 3F       		.uleb128 0x3f
 1151 006d 0C       		.uleb128 0xc
 1152 006e 03       		.uleb128 0x3
 1153 006f 0E       		.uleb128 0xe
 1154 0070 3A       		.uleb128 0x3a
 1155 0071 0B       		.uleb128 0xb
 1156 0072 3B       		.uleb128 0x3b
 1157 0073 05       		.uleb128 0x5
 1158 0074 39       		.uleb128 0x39
 1159 0075 0B       		.uleb128 0xb
 1160 0076 27       		.uleb128 0x27
 1161 0077 0C       		.uleb128 0xc
 1162 0078 11       		.uleb128 0x11
 1163 0079 01       		.uleb128 0x1
 1164 007a 12       		.uleb128 0x12
 1165 007b 01       		.uleb128 0x1
 1166 007c 40       		.uleb128 0x40
 1167 007d 0A       		.uleb128 0xa
ARM GAS  /tmp/ccJFApzV.s 			page 38


 1168 007e 9742     		.uleb128 0x2117
 1169 0080 0C       		.uleb128 0xc
 1170 0081 00       		.byte	0
 1171 0082 00       		.byte	0
 1172 0083 0B       		.uleb128 0xb
 1173 0084 2E       		.uleb128 0x2e
 1174 0085 01       		.byte	0x1
 1175 0086 3F       		.uleb128 0x3f
 1176 0087 0C       		.uleb128 0xc
 1177 0088 03       		.uleb128 0x3
 1178 0089 0E       		.uleb128 0xe
 1179 008a 3A       		.uleb128 0x3a
 1180 008b 0B       		.uleb128 0xb
 1181 008c 3B       		.uleb128 0x3b
 1182 008d 05       		.uleb128 0x5
 1183 008e 39       		.uleb128 0x39
 1184 008f 0B       		.uleb128 0xb
 1185 0090 27       		.uleb128 0x27
 1186 0091 0C       		.uleb128 0xc
 1187 0092 11       		.uleb128 0x11
 1188 0093 01       		.uleb128 0x1
 1189 0094 12       		.uleb128 0x12
 1190 0095 01       		.uleb128 0x1
 1191 0096 40       		.uleb128 0x40
 1192 0097 06       		.uleb128 0x6
 1193 0098 9742     		.uleb128 0x2117
 1194 009a 0C       		.uleb128 0xc
 1195 009b 01       		.uleb128 0x1
 1196 009c 13       		.uleb128 0x13
 1197 009d 00       		.byte	0
 1198 009e 00       		.byte	0
 1199 009f 0C       		.uleb128 0xc
 1200 00a0 1D       		.uleb128 0x1d
 1201 00a1 01       		.byte	0x1
 1202 00a2 31       		.uleb128 0x31
 1203 00a3 13       		.uleb128 0x13
 1204 00a4 52       		.uleb128 0x52
 1205 00a5 01       		.uleb128 0x1
 1206 00a6 B842     		.uleb128 0x2138
 1207 00a8 0B       		.uleb128 0xb
 1208 00a9 55       		.uleb128 0x55
 1209 00aa 06       		.uleb128 0x6
 1210 00ab 58       		.uleb128 0x58
 1211 00ac 0B       		.uleb128 0xb
 1212 00ad 59       		.uleb128 0x59
 1213 00ae 05       		.uleb128 0x5
 1214 00af 57       		.uleb128 0x57
 1215 00b0 0B       		.uleb128 0xb
 1216 00b1 01       		.uleb128 0x1
 1217 00b2 13       		.uleb128 0x13
 1218 00b3 00       		.byte	0
 1219 00b4 00       		.byte	0
 1220 00b5 0D       		.uleb128 0xd
 1221 00b6 0B       		.uleb128 0xb
 1222 00b7 01       		.byte	0x1
 1223 00b8 55       		.uleb128 0x55
 1224 00b9 06       		.uleb128 0x6
ARM GAS  /tmp/ccJFApzV.s 			page 39


 1225 00ba 00       		.byte	0
 1226 00bb 00       		.byte	0
 1227 00bc 0E       		.uleb128 0xe
 1228 00bd 34       		.uleb128 0x34
 1229 00be 00       		.byte	0
 1230 00bf 31       		.uleb128 0x31
 1231 00c0 13       		.uleb128 0x13
 1232 00c1 00       		.byte	0
 1233 00c2 00       		.byte	0
 1234 00c3 0F       		.uleb128 0xf
 1235 00c4 1D       		.uleb128 0x1d
 1236 00c5 01       		.byte	0x1
 1237 00c6 31       		.uleb128 0x31
 1238 00c7 13       		.uleb128 0x13
 1239 00c8 52       		.uleb128 0x52
 1240 00c9 01       		.uleb128 0x1
 1241 00ca B842     		.uleb128 0x2138
 1242 00cc 0B       		.uleb128 0xb
 1243 00cd 11       		.uleb128 0x11
 1244 00ce 01       		.uleb128 0x1
 1245 00cf 12       		.uleb128 0x12
 1246 00d0 01       		.uleb128 0x1
 1247 00d1 58       		.uleb128 0x58
 1248 00d2 0B       		.uleb128 0xb
 1249 00d3 59       		.uleb128 0x59
 1250 00d4 05       		.uleb128 0x5
 1251 00d5 57       		.uleb128 0x57
 1252 00d6 0B       		.uleb128 0xb
 1253 00d7 01       		.uleb128 0x1
 1254 00d8 13       		.uleb128 0x13
 1255 00d9 00       		.byte	0
 1256 00da 00       		.byte	0
 1257 00db 10       		.uleb128 0x10
 1258 00dc 05       		.uleb128 0x5
 1259 00dd 00       		.byte	0
 1260 00de 31       		.uleb128 0x31
 1261 00df 13       		.uleb128 0x13
 1262 00e0 02       		.uleb128 0x2
 1263 00e1 06       		.uleb128 0x6
 1264 00e2 B742     		.uleb128 0x2137
 1265 00e4 06       		.uleb128 0x6
 1266 00e5 00       		.byte	0
 1267 00e6 00       		.byte	0
 1268 00e7 11       		.uleb128 0x11
 1269 00e8 898201   		.uleb128 0x4109
 1270 00eb 00       		.byte	0
 1271 00ec 11       		.uleb128 0x11
 1272 00ed 01       		.uleb128 0x1
 1273 00ee 31       		.uleb128 0x31
 1274 00ef 13       		.uleb128 0x13
 1275 00f0 00       		.byte	0
 1276 00f1 00       		.byte	0
 1277 00f2 12       		.uleb128 0x12
 1278 00f3 2E       		.uleb128 0x2e
 1279 00f4 01       		.byte	0x1
 1280 00f5 3F       		.uleb128 0x3f
 1281 00f6 0C       		.uleb128 0xc
ARM GAS  /tmp/ccJFApzV.s 			page 40


 1282 00f7 03       		.uleb128 0x3
 1283 00f8 0E       		.uleb128 0xe
 1284 00f9 3A       		.uleb128 0x3a
 1285 00fa 0B       		.uleb128 0xb
 1286 00fb 3B       		.uleb128 0x3b
 1287 00fc 05       		.uleb128 0x5
 1288 00fd 39       		.uleb128 0x39
 1289 00fe 0B       		.uleb128 0xb
 1290 00ff 27       		.uleb128 0x27
 1291 0100 0C       		.uleb128 0xc
 1292 0101 11       		.uleb128 0x11
 1293 0102 01       		.uleb128 0x1
 1294 0103 12       		.uleb128 0x12
 1295 0104 01       		.uleb128 0x1
 1296 0105 40       		.uleb128 0x40
 1297 0106 0A       		.uleb128 0xa
 1298 0107 9742     		.uleb128 0x2117
 1299 0109 0C       		.uleb128 0xc
 1300 010a 01       		.uleb128 0x1
 1301 010b 13       		.uleb128 0x13
 1302 010c 00       		.byte	0
 1303 010d 00       		.byte	0
 1304 010e 13       		.uleb128 0x13
 1305 010f 1D       		.uleb128 0x1d
 1306 0110 01       		.byte	0x1
 1307 0111 31       		.uleb128 0x31
 1308 0112 13       		.uleb128 0x13
 1309 0113 52       		.uleb128 0x52
 1310 0114 01       		.uleb128 0x1
 1311 0115 B842     		.uleb128 0x2138
 1312 0117 0B       		.uleb128 0xb
 1313 0118 11       		.uleb128 0x11
 1314 0119 01       		.uleb128 0x1
 1315 011a 12       		.uleb128 0x12
 1316 011b 01       		.uleb128 0x1
 1317 011c 58       		.uleb128 0x58
 1318 011d 0B       		.uleb128 0xb
 1319 011e 59       		.uleb128 0x59
 1320 011f 05       		.uleb128 0x5
 1321 0120 57       		.uleb128 0x57
 1322 0121 0B       		.uleb128 0xb
 1323 0122 00       		.byte	0
 1324 0123 00       		.byte	0
 1325 0124 14       		.uleb128 0x14
 1326 0125 2E       		.uleb128 0x2e
 1327 0126 01       		.byte	0x1
 1328 0127 3F       		.uleb128 0x3f
 1329 0128 0C       		.uleb128 0xc
 1330 0129 03       		.uleb128 0x3
 1331 012a 0E       		.uleb128 0xe
 1332 012b 3A       		.uleb128 0x3a
 1333 012c 0B       		.uleb128 0xb
 1334 012d 3B       		.uleb128 0x3b
 1335 012e 05       		.uleb128 0x5
 1336 012f 39       		.uleb128 0x39
 1337 0130 0B       		.uleb128 0xb
 1338 0131 27       		.uleb128 0x27
ARM GAS  /tmp/ccJFApzV.s 			page 41


 1339 0132 0C       		.uleb128 0xc
 1340 0133 49       		.uleb128 0x49
 1341 0134 13       		.uleb128 0x13
 1342 0135 11       		.uleb128 0x11
 1343 0136 01       		.uleb128 0x1
 1344 0137 12       		.uleb128 0x12
 1345 0138 01       		.uleb128 0x1
 1346 0139 40       		.uleb128 0x40
 1347 013a 06       		.uleb128 0x6
 1348 013b 9742     		.uleb128 0x2117
 1349 013d 0C       		.uleb128 0xc
 1350 013e 01       		.uleb128 0x1
 1351 013f 13       		.uleb128 0x13
 1352 0140 00       		.byte	0
 1353 0141 00       		.byte	0
 1354 0142 15       		.uleb128 0x15
 1355 0143 2E       		.uleb128 0x2e
 1356 0144 00       		.byte	0
 1357 0145 03       		.uleb128 0x3
 1358 0146 0E       		.uleb128 0xe
 1359 0147 3A       		.uleb128 0x3a
 1360 0148 0B       		.uleb128 0xb
 1361 0149 3B       		.uleb128 0x3b
 1362 014a 05       		.uleb128 0x5
 1363 014b 39       		.uleb128 0x39
 1364 014c 0B       		.uleb128 0xb
 1365 014d 27       		.uleb128 0x27
 1366 014e 0C       		.uleb128 0xc
 1367 014f 11       		.uleb128 0x11
 1368 0150 01       		.uleb128 0x1
 1369 0151 12       		.uleb128 0x12
 1370 0152 01       		.uleb128 0x1
 1371 0153 40       		.uleb128 0x40
 1372 0154 0A       		.uleb128 0xa
 1373 0155 9742     		.uleb128 0x2117
 1374 0157 0C       		.uleb128 0xc
 1375 0158 00       		.byte	0
 1376 0159 00       		.byte	0
 1377 015a 16       		.uleb128 0x16
 1378 015b 2E       		.uleb128 0x2e
 1379 015c 00       		.byte	0
 1380 015d 3F       		.uleb128 0x3f
 1381 015e 0C       		.uleb128 0xc
 1382 015f 03       		.uleb128 0x3
 1383 0160 0E       		.uleb128 0xe
 1384 0161 3A       		.uleb128 0x3a
 1385 0162 0B       		.uleb128 0xb
 1386 0163 3B       		.uleb128 0x3b
 1387 0164 0B       		.uleb128 0xb
 1388 0165 39       		.uleb128 0x39
 1389 0166 0B       		.uleb128 0xb
 1390 0167 27       		.uleb128 0x27
 1391 0168 0C       		.uleb128 0xc
 1392 0169 11       		.uleb128 0x11
 1393 016a 01       		.uleb128 0x1
 1394 016b 12       		.uleb128 0x12
 1395 016c 01       		.uleb128 0x1
ARM GAS  /tmp/ccJFApzV.s 			page 42


 1396 016d 40       		.uleb128 0x40
 1397 016e 0A       		.uleb128 0xa
 1398 016f 9742     		.uleb128 0x2117
 1399 0171 0C       		.uleb128 0xc
 1400 0172 00       		.byte	0
 1401 0173 00       		.byte	0
 1402 0174 17       		.uleb128 0x17
 1403 0175 2E       		.uleb128 0x2e
 1404 0176 01       		.byte	0x1
 1405 0177 03       		.uleb128 0x3
 1406 0178 0E       		.uleb128 0xe
 1407 0179 3A       		.uleb128 0x3a
 1408 017a 0B       		.uleb128 0xb
 1409 017b 3B       		.uleb128 0x3b
 1410 017c 0B       		.uleb128 0xb
 1411 017d 39       		.uleb128 0x39
 1412 017e 0B       		.uleb128 0xb
 1413 017f 27       		.uleb128 0x27
 1414 0180 0C       		.uleb128 0xc
 1415 0181 11       		.uleb128 0x11
 1416 0182 01       		.uleb128 0x1
 1417 0183 12       		.uleb128 0x12
 1418 0184 01       		.uleb128 0x1
 1419 0185 40       		.uleb128 0x40
 1420 0186 0A       		.uleb128 0xa
 1421 0187 9742     		.uleb128 0x2117
 1422 0189 0C       		.uleb128 0xc
 1423 018a 01       		.uleb128 0x1
 1424 018b 13       		.uleb128 0x13
 1425 018c 00       		.byte	0
 1426 018d 00       		.byte	0
 1427 018e 18       		.uleb128 0x18
 1428 018f 1D       		.uleb128 0x1d
 1429 0190 01       		.byte	0x1
 1430 0191 31       		.uleb128 0x31
 1431 0192 13       		.uleb128 0x13
 1432 0193 52       		.uleb128 0x52
 1433 0194 01       		.uleb128 0x1
 1434 0195 B842     		.uleb128 0x2138
 1435 0197 0B       		.uleb128 0xb
 1436 0198 11       		.uleb128 0x11
 1437 0199 01       		.uleb128 0x1
 1438 019a 12       		.uleb128 0x12
 1439 019b 01       		.uleb128 0x1
 1440 019c 58       		.uleb128 0x58
 1441 019d 0B       		.uleb128 0xb
 1442 019e 59       		.uleb128 0x59
 1443 019f 0B       		.uleb128 0xb
 1444 01a0 57       		.uleb128 0x57
 1445 01a1 0B       		.uleb128 0xb
 1446 01a2 00       		.byte	0
 1447 01a3 00       		.byte	0
 1448 01a4 19       		.uleb128 0x19
 1449 01a5 2E       		.uleb128 0x2e
 1450 01a6 01       		.byte	0x1
 1451 01a7 3F       		.uleb128 0x3f
 1452 01a8 0C       		.uleb128 0xc
ARM GAS  /tmp/ccJFApzV.s 			page 43


 1453 01a9 03       		.uleb128 0x3
 1454 01aa 0E       		.uleb128 0xe
 1455 01ab 3A       		.uleb128 0x3a
 1456 01ac 0B       		.uleb128 0xb
 1457 01ad 3B       		.uleb128 0x3b
 1458 01ae 0B       		.uleb128 0xb
 1459 01af 39       		.uleb128 0x39
 1460 01b0 0B       		.uleb128 0xb
 1461 01b1 27       		.uleb128 0x27
 1462 01b2 0C       		.uleb128 0xc
 1463 01b3 49       		.uleb128 0x49
 1464 01b4 13       		.uleb128 0x13
 1465 01b5 11       		.uleb128 0x11
 1466 01b6 01       		.uleb128 0x1
 1467 01b7 12       		.uleb128 0x12
 1468 01b8 01       		.uleb128 0x1
 1469 01b9 40       		.uleb128 0x40
 1470 01ba 0A       		.uleb128 0xa
 1471 01bb 9742     		.uleb128 0x2117
 1472 01bd 0C       		.uleb128 0xc
 1473 01be 01       		.uleb128 0x1
 1474 01bf 13       		.uleb128 0x13
 1475 01c0 00       		.byte	0
 1476 01c1 00       		.byte	0
 1477 01c2 1A       		.uleb128 0x1a
 1478 01c3 05       		.uleb128 0x5
 1479 01c4 00       		.byte	0
 1480 01c5 03       		.uleb128 0x3
 1481 01c6 0E       		.uleb128 0xe
 1482 01c7 3A       		.uleb128 0x3a
 1483 01c8 0B       		.uleb128 0xb
 1484 01c9 3B       		.uleb128 0x3b
 1485 01ca 0B       		.uleb128 0xb
 1486 01cb 39       		.uleb128 0x39
 1487 01cc 0B       		.uleb128 0xb
 1488 01cd 49       		.uleb128 0x49
 1489 01ce 13       		.uleb128 0x13
 1490 01cf 02       		.uleb128 0x2
 1491 01d0 06       		.uleb128 0x6
 1492 01d1 B742     		.uleb128 0x2137
 1493 01d3 06       		.uleb128 0x6
 1494 01d4 00       		.byte	0
 1495 01d5 00       		.byte	0
 1496 01d6 1B       		.uleb128 0x1b
 1497 01d7 05       		.uleb128 0x5
 1498 01d8 00       		.byte	0
 1499 01d9 03       		.uleb128 0x3
 1500 01da 0E       		.uleb128 0xe
 1501 01db 3A       		.uleb128 0x3a
 1502 01dc 0B       		.uleb128 0xb
 1503 01dd 3B       		.uleb128 0x3b
 1504 01de 0B       		.uleb128 0xb
 1505 01df 39       		.uleb128 0x39
 1506 01e0 0B       		.uleb128 0xb
 1507 01e1 49       		.uleb128 0x49
 1508 01e2 13       		.uleb128 0x13
 1509 01e3 02       		.uleb128 0x2
ARM GAS  /tmp/ccJFApzV.s 			page 44


 1510 01e4 0A       		.uleb128 0xa
 1511 01e5 00       		.byte	0
 1512 01e6 00       		.byte	0
 1513 01e7 1C       		.uleb128 0x1c
 1514 01e8 2E       		.uleb128 0x2e
 1515 01e9 01       		.byte	0x1
 1516 01ea 03       		.uleb128 0x3
 1517 01eb 0E       		.uleb128 0xe
 1518 01ec 3A       		.uleb128 0x3a
 1519 01ed 0B       		.uleb128 0xb
 1520 01ee 3B       		.uleb128 0x3b
 1521 01ef 05       		.uleb128 0x5
 1522 01f0 39       		.uleb128 0x39
 1523 01f1 0B       		.uleb128 0xb
 1524 01f2 27       		.uleb128 0x27
 1525 01f3 0C       		.uleb128 0xc
 1526 01f4 20       		.uleb128 0x20
 1527 01f5 0B       		.uleb128 0xb
 1528 01f6 01       		.uleb128 0x1
 1529 01f7 13       		.uleb128 0x13
 1530 01f8 00       		.byte	0
 1531 01f9 00       		.byte	0
 1532 01fa 1D       		.uleb128 0x1d
 1533 01fb 05       		.uleb128 0x5
 1534 01fc 00       		.byte	0
 1535 01fd 03       		.uleb128 0x3
 1536 01fe 0E       		.uleb128 0xe
 1537 01ff 3A       		.uleb128 0x3a
 1538 0200 0B       		.uleb128 0xb
 1539 0201 3B       		.uleb128 0x3b
 1540 0202 05       		.uleb128 0x5
 1541 0203 39       		.uleb128 0x39
 1542 0204 0B       		.uleb128 0xb
 1543 0205 49       		.uleb128 0x49
 1544 0206 13       		.uleb128 0x13
 1545 0207 00       		.byte	0
 1546 0208 00       		.byte	0
 1547 0209 1E       		.uleb128 0x1e
 1548 020a 2E       		.uleb128 0x2e
 1549 020b 01       		.byte	0x1
 1550 020c 03       		.uleb128 0x3
 1551 020d 0E       		.uleb128 0xe
 1552 020e 3A       		.uleb128 0x3a
 1553 020f 0B       		.uleb128 0xb
 1554 0210 3B       		.uleb128 0x3b
 1555 0211 0B       		.uleb128 0xb
 1556 0212 39       		.uleb128 0x39
 1557 0213 0B       		.uleb128 0xb
 1558 0214 27       		.uleb128 0x27
 1559 0215 0C       		.uleb128 0xc
 1560 0216 20       		.uleb128 0x20
 1561 0217 0B       		.uleb128 0xb
 1562 0218 01       		.uleb128 0x1
 1563 0219 13       		.uleb128 0x13
 1564 021a 00       		.byte	0
 1565 021b 00       		.byte	0
 1566 021c 1F       		.uleb128 0x1f
ARM GAS  /tmp/ccJFApzV.s 			page 45


 1567 021d 34       		.uleb128 0x34
 1568 021e 00       		.byte	0
 1569 021f 03       		.uleb128 0x3
 1570 0220 0E       		.uleb128 0xe
 1571 0221 3A       		.uleb128 0x3a
 1572 0222 0B       		.uleb128 0xb
 1573 0223 3B       		.uleb128 0x3b
 1574 0224 0B       		.uleb128 0xb
 1575 0225 39       		.uleb128 0x39
 1576 0226 0B       		.uleb128 0xb
 1577 0227 49       		.uleb128 0x49
 1578 0228 13       		.uleb128 0x13
 1579 0229 00       		.byte	0
 1580 022a 00       		.byte	0
 1581 022b 20       		.uleb128 0x20
 1582 022c 2E       		.uleb128 0x2e
 1583 022d 00       		.byte	0
 1584 022e 3F       		.uleb128 0x3f
 1585 022f 0C       		.uleb128 0xc
 1586 0230 3C       		.uleb128 0x3c
 1587 0231 0C       		.uleb128 0xc
 1588 0232 8740     		.uleb128 0x2007
 1589 0234 0E       		.uleb128 0xe
 1590 0235 03       		.uleb128 0x3
 1591 0236 0E       		.uleb128 0xe
 1592 0237 3A       		.uleb128 0x3a
 1593 0238 0B       		.uleb128 0xb
 1594 0239 3B       		.uleb128 0x3b
 1595 023a 05       		.uleb128 0x5
 1596 023b 39       		.uleb128 0x39
 1597 023c 0B       		.uleb128 0xb
 1598 023d 00       		.byte	0
 1599 023e 00       		.byte	0
 1600 023f 00       		.byte	0
 1601              		.section	.debug_loc,"",%progbits
 1602              	.Ldebug_loc0:
 1603              	.LLST3:
 1604 0000 F4000000 		.4byte	.LFB14-.Ltext0
 1605 0004 F6000000 		.4byte	.LCFI0-.Ltext0
 1606 0008 0200     		.2byte	0x2
 1607 000a 7D       		.byte	0x7d
 1608 000b 00       		.sleb128 0
 1609 000c F6000000 		.4byte	.LCFI0-.Ltext0
 1610 0010 20010000 		.4byte	.LFE14-.Ltext0
 1611 0014 0200     		.2byte	0x2
 1612 0016 7D       		.byte	0x7d
 1613 0017 08       		.sleb128 8
 1614 0018 00000000 		.4byte	0
 1615 001c 00000000 		.4byte	0
 1616              	.LVUS4:
 1617 0020 01       		.uleb128 .LVU75
 1618 0021 00       		.uleb128 .LVU77
 1619              	.LLST4:
 1620 0022 14010000 		.4byte	.LVL11-.Ltext0
 1621 0026 1A010000 		.4byte	.LVL12-.Ltext0
 1622 002a 0200     		.2byte	0x2
 1623 002c 30       		.byte	0x30
ARM GAS  /tmp/ccJFApzV.s 			page 46


 1624 002d 9F       		.byte	0x9f
 1625 002e 00000000 		.4byte	0
 1626 0032 00000000 		.4byte	0
 1627              	.LVUS2:
 1628 0036 01       		.uleb128 .LVU55
 1629 0037 00       		.uleb128 .LVU57
 1630              	.LLST2:
 1631 0038 9E000000 		.4byte	.LVL8-.Ltext0
 1632 003c A2000000 		.4byte	.LVL9-.Ltext0
 1633 0040 0200     		.2byte	0x2
 1634 0042 30       		.byte	0x30
 1635 0043 9F       		.byte	0x9f
 1636 0044 00000000 		.4byte	0
 1637 0048 00000000 		.4byte	0
 1638              	.LLST5:
 1639 004c 38010000 		.4byte	.LFB9-.Ltext0
 1640 0050 3A010000 		.4byte	.LCFI1-.Ltext0
 1641 0054 0200     		.2byte	0x2
 1642 0056 7D       		.byte	0x7d
 1643 0057 00       		.sleb128 0
 1644 0058 3A010000 		.4byte	.LCFI1-.Ltext0
 1645 005c 68010000 		.4byte	.LFE9-.Ltext0
 1646 0060 0200     		.2byte	0x2
 1647 0062 7D       		.byte	0x7d
 1648 0063 08       		.sleb128 8
 1649 0064 00000000 		.4byte	0
 1650 0068 00000000 		.4byte	0
 1651              	.LVUS0:
 1652 006c 00       		.uleb128 0
 1653 006d 02       		.uleb128 .LVU15
 1654 006e 02       		.uleb128 .LVU15
 1655 006f 01       		.uleb128 .LVU18
 1656 0070 01       		.uleb128 .LVU18
 1657 0071 01       		.uleb128 .LVU23
 1658 0072 01       		.uleb128 .LVU23
 1659 0073 01       		.uleb128 .LVU26
 1660 0074 01       		.uleb128 .LVU26
 1661 0075 01       		.uleb128 .LVU29
 1662 0076 01       		.uleb128 .LVU29
 1663 0077 00       		.uleb128 .LVU31
 1664 0078 00       		.uleb128 .LVU31
 1665 0079 00       		.uleb128 0
 1666              	.LLST0:
 1667 007a 2C000000 		.4byte	.LVL1-.Ltext0
 1668 007e 2C000000 		.4byte	.LVL1-.Ltext0
 1669 0082 0100     		.2byte	0x1
 1670 0084 50       		.byte	0x50
 1671 0085 2C000000 		.4byte	.LVL1-.Ltext0
 1672 0089 34000000 		.4byte	.LVL2-.Ltext0
 1673 008d 0300     		.2byte	0x3
 1674 008f 70       		.byte	0x70
 1675 0090 7C       		.sleb128 -4
 1676 0091 9F       		.byte	0x9f
 1677 0092 34000000 		.4byte	.LVL2-.Ltext0
 1678 0096 3E000000 		.4byte	.LVL4-.Ltext0
 1679 009a 0300     		.2byte	0x3
 1680 009c 70       		.byte	0x70
ARM GAS  /tmp/ccJFApzV.s 			page 47


 1681 009d 78       		.sleb128 -8
 1682 009e 9F       		.byte	0x9f
 1683 009f 3E000000 		.4byte	.LVL4-.Ltext0
 1684 00a3 42000000 		.4byte	.LVL5-.Ltext0
 1685 00a7 0300     		.2byte	0x3
 1686 00a9 70       		.byte	0x70
 1687 00aa 74       		.sleb128 -12
 1688 00ab 9F       		.byte	0x9f
 1689 00ac 42000000 		.4byte	.LVL5-.Ltext0
 1690 00b0 46000000 		.4byte	.LVL6-.Ltext0
 1691 00b4 0300     		.2byte	0x3
 1692 00b6 70       		.byte	0x70
 1693 00b7 60       		.sleb128 -32
 1694 00b8 9F       		.byte	0x9f
 1695 00b9 46000000 		.4byte	.LVL6-.Ltext0
 1696 00bd 48000000 		.4byte	.LVL7-.Ltext0
 1697 00c1 0300     		.2byte	0x3
 1698 00c3 70       		.byte	0x70
 1699 00c4 40       		.sleb128 -64
 1700 00c5 9F       		.byte	0x9f
 1701 00c6 48000000 		.4byte	.LVL7-.Ltext0
 1702 00ca 50000000 		.4byte	.LFE5-.Ltext0
 1703 00ce 0100     		.2byte	0x1
 1704 00d0 50       		.byte	0x50
 1705 00d1 00000000 		.4byte	0
 1706 00d5 00000000 		.4byte	0
 1707              	.LVUS1:
 1708 00d9 00       		.uleb128 0
 1709 00da 00       		.uleb128 .LVU21
 1710 00db 00       		.uleb128 .LVU21
 1711 00dc 00       		.uleb128 0
 1712              	.LLST1:
 1713 00dd 2C000000 		.4byte	.LVL1-.Ltext0
 1714 00e1 3A000000 		.4byte	.LVL3-.Ltext0
 1715 00e5 0100     		.2byte	0x1
 1716 00e7 51       		.byte	0x51
 1717 00e8 3A000000 		.4byte	.LVL3-.Ltext0
 1718 00ec 50000000 		.4byte	.LFE5-.Ltext0
 1719 00f0 0400     		.2byte	0x4
 1720 00f2 F3       		.byte	0xf3
 1721 00f3 01       		.uleb128 0x1
 1722 00f4 51       		.byte	0x51
 1723 00f5 9F       		.byte	0x9f
 1724 00f6 00000000 		.4byte	0
 1725 00fa 00000000 		.4byte	0
 1726              		.section	.debug_aranges,"",%progbits
 1727 0000 1C000000 		.4byte	0x1c
 1728 0004 0200     		.2byte	0x2
 1729 0006 00000000 		.4byte	.Ldebug_info0
 1730 000a 04       		.byte	0x4
 1731 000b 00       		.byte	0
 1732 000c 0000     		.2byte	0
 1733 000e 0000     		.2byte	0
 1734 0010 00000000 		.4byte	.Ltext0
 1735 0014 68010000 		.4byte	.Letext0-.Ltext0
 1736 0018 00000000 		.4byte	0
 1737 001c 00000000 		.4byte	0
ARM GAS  /tmp/ccJFApzV.s 			page 48


 1738              		.section	.debug_ranges,"",%progbits
 1739              	.Ldebug_ranges0:
 1740 0000 F4000000 		.4byte	.LBB18-.Ltext0
 1741 0004 F4000000 		.4byte	.LBE18-.Ltext0
 1742 0008 F6000000 		.4byte	.LBB21-.Ltext0
 1743 000c 06010000 		.4byte	.LBE21-.Ltext0
 1744 0010 00000000 		.4byte	0
 1745 0014 00000000 		.4byte	0
 1746              		.section	.debug_line,"",%progbits
 1747              	.Ldebug_line0:
 1748 0000 BD020000 		.section	.debug_str,"MS",%progbits,1
 1748      0300D600 
 1748      00000201 
 1748      FB0E0D00 
 1748      01010101 
 1749              	.LASF11:
 1750 0000 5461736B 		.ascii	"TaskFunction_t\000"
 1750      46756E63 
 1750      74696F6E 
 1750      5F7400
 1751              	.LASF4:
 1752 000f 73686F72 		.ascii	"short int\000"
 1752      7420696E 
 1752      7400
 1753              	.LASF24:
 1754 0019 78506F72 		.ascii	"xPortStartScheduler\000"
 1754      74537461 
 1754      72745363 
 1754      68656475 
 1754      6C657200 
 1755              	.LASF30:
 1756 002d 474E5520 		.ascii	"GNU C17 9.2.1 20191025 (release) [ARM/arm-9-branch "
 1756      43313720 
 1756      392E322E 
 1756      31203230 
 1756      31393130 
 1757 0060 72657669 		.ascii	"revision 277599] -mcpu=cortex-m3 -mthumb -mfloat-ab"
 1757      73696F6E 
 1757      20323737 
 1757      3539395D 
 1757      202D6D63 
 1758 0093 693D736F 		.ascii	"i=soft -march=armv7-m -g -gdwarf-2 -Os -fomit-frame"
 1758      6674202D 
 1758      6D617263 
 1758      683D6172 
 1758      6D76372D 
 1759 00c6 2D706F69 		.ascii	"-pointer\000"
 1759      6E746572 
 1759      00
 1760              	.LASF26:
 1761 00cf 7078546F 		.ascii	"pxTopOfStack\000"
 1761      704F6653 
 1761      7461636B 
 1761      00
 1762              	.LASF35:
 1763 00dc 70727654 		.ascii	"prvTaskExitError\000"
 1763      61736B45 
ARM GAS  /tmp/ccJFApzV.s 			page 49


 1763      78697445 
 1763      72726F72 
 1763      00
 1764              	.LASF27:
 1765 00ed 7078436F 		.ascii	"pxCode\000"
 1765      646500
 1766              	.LASF3:
 1767 00f4 7369676E 		.ascii	"signed char\000"
 1767      65642063 
 1767      68617200 
 1768              	.LASF34:
 1769 0100 70727650 		.ascii	"prvPortStartFirstTask\000"
 1769      6F727453 
 1769      74617274 
 1769      46697273 
 1769      74546173 
 1770              	.LASF1:
 1771 0116 6C6F6E67 		.ascii	"long long int\000"
 1771      206C6F6E 
 1771      6720696E 
 1771      7400
 1772              	.LASF15:
 1773 0124 5469636B 		.ascii	"TickType_t\000"
 1773      54797065 
 1773      5F7400
 1774              	.LASF32:
 1775 012f 2F686F6D 		.ascii	"/home/noah/WorkPlace/FlightController\000"
 1775      652F6E6F 
 1775      61682F57 
 1775      6F726B50 
 1775      6C616365 
 1776              	.LASF5:
 1777 0155 6C6F6E67 		.ascii	"long int\000"
 1777      20696E74 
 1777      00
 1778              	.LASF33:
 1779 015e 75784372 		.ascii	"uxCriticalNesting\000"
 1779      69746963 
 1779      616C4E65 
 1779      7374696E 
 1779      6700
 1780              	.LASF2:
 1781 0170 6C6F6E67 		.ascii	"long double\000"
 1781      20646F75 
 1781      626C6500 
 1782              	.LASF6:
 1783 017c 756E7369 		.ascii	"unsigned char\000"
 1783      676E6564 
 1783      20636861 
 1783      7200
 1784              	.LASF31:
 1785 018a 6C69622F 		.ascii	"lib/freertos/portable/GCC/ARM_CM3/port.c\000"
 1785      66726565 
 1785      72746F73 
 1785      2F706F72 
 1785      7461626C 
 1786              	.LASF9:
ARM GAS  /tmp/ccJFApzV.s 			page 50


 1787 01b3 6C6F6E67 		.ascii	"long long unsigned int\000"
 1787      206C6F6E 
 1787      6720756E 
 1787      7369676E 
 1787      65642069 
 1788              	.LASF10:
 1789 01ca 75696E74 		.ascii	"uint32_t\000"
 1789      33325F74 
 1789      00
 1790              	.LASF23:
 1791 01d3 5356435F 		.ascii	"SVC_Handler\000"
 1791      48616E64 
 1791      6C657200 
 1792              	.LASF0:
 1793 01df 756E7369 		.ascii	"unsigned int\000"
 1793      676E6564 
 1793      20696E74 
 1793      00
 1794              	.LASF13:
 1795 01ec 42617365 		.ascii	"BaseType_t\000"
 1795      54797065 
 1795      5F7400
 1796              	.LASF36:
 1797 01f7 70765061 		.ascii	"pvParameters\000"
 1797      72616D65 
 1797      74657273 
 1797      00
 1798              	.LASF17:
 1799 0204 76506F72 		.ascii	"vPortSetupTimerInterrupt\000"
 1799      74536574 
 1799      75705469 
 1799      6D657249 
 1799      6E746572 
 1800              	.LASF7:
 1801 021d 73686F72 		.ascii	"short unsigned int\000"
 1801      7420756E 
 1801      7369676E 
 1801      65642069 
 1801      6E7400
 1802              	.LASF21:
 1803 0230 76506F72 		.ascii	"vPortEnterCritical\000"
 1803      74456E74 
 1803      65724372 
 1803      69746963 
 1803      616C00
 1804              	.LASF22:
 1805 0243 76506F72 		.ascii	"vPortEndScheduler\000"
 1805      74456E64 
 1805      53636865 
 1805      64756C65 
 1805      7200
 1806              	.LASF16:
 1807 0255 63686172 		.ascii	"char\000"
 1807      00
 1808              	.LASF20:
 1809 025a 76506F72 		.ascii	"vPortExitCritical\000"
 1809      74457869 
ARM GAS  /tmp/ccJFApzV.s 			page 51


 1809      74437269 
 1809      74696361 
 1809      6C00
 1810              	.LASF39:
 1811 026c 78546173 		.ascii	"xTaskIncrementTick\000"
 1811      6B496E63 
 1811      72656D65 
 1811      6E745469 
 1811      636B00
 1812              	.LASF8:
 1813 027f 6C6F6E67 		.ascii	"long unsigned int\000"
 1813      20756E73 
 1813      69676E65 
 1813      6420696E 
 1813      7400
 1814              	.LASF14:
 1815 0291 55426173 		.ascii	"UBaseType_t\000"
 1815      65547970 
 1815      655F7400 
 1816              	.LASF37:
 1817 029d 756C4E65 		.ascii	"ulNewMaskValue\000"
 1817      774D6173 
 1817      6B56616C 
 1817      756500
 1818              	.LASF12:
 1819 02ac 53746163 		.ascii	"StackType_t\000"
 1819      6B547970 
 1819      655F7400 
 1820              	.LASF19:
 1821 02b8 53797354 		.ascii	"SysTick_Handler\000"
 1821      69636B5F 
 1821      48616E64 
 1821      6C657200 
 1822              	.LASF18:
 1823 02c8 50656E64 		.ascii	"PendSV_Handler\000"
 1823      53565F48 
 1823      616E646C 
 1823      657200
 1824              	.LASF25:
 1825 02d7 7078506F 		.ascii	"pxPortInitialiseStack\000"
 1825      7274496E 
 1825      69746961 
 1825      6C697365 
 1825      53746163 
 1826              	.LASF29:
 1827 02ed 76506F72 		.ascii	"vPortRaiseBASEPRI\000"
 1827      74526169 
 1827      73654241 
 1827      53455052 
 1827      4900
 1828              	.LASF28:
 1829 02ff 76506F72 		.ascii	"vPortSetBASEPRI\000"
 1829      74536574 
 1829      42415345 
 1829      50524900 
 1830              	.LASF38:
 1831 030f 756C4E65 		.ascii	"ulNewBASEPRI\000"
ARM GAS  /tmp/ccJFApzV.s 			page 52


 1831      77424153 
 1831      45505249 
 1831      00
 1832              		.ident	"GCC: (15:9-2019-q4-0ubuntu1) 9.2.1 20191025 (release) [ARM/arm-9-branch revision 277599]"
ARM GAS  /tmp/ccJFApzV.s 			page 53


DEFINED SYMBOLS
                            *ABS*:0000000000000000 port.c
     /tmp/ccJFApzV.s:69     .text:0000000000000000 $t
     /tmp/ccJFApzV.s:76     .text:0000000000000000 prvTaskExitError
     /tmp/ccJFApzV.s:122    .text:0000000000000012 prvPortStartFirstTask
     /tmp/ccJFApzV.s:158    .text:000000000000002c pxPortInitialiseStack
     /tmp/ccJFApzV.s:209    .text:000000000000004c $d
     /tmp/ccJFApzV.s:213    .text:0000000000000050 $t
     /tmp/ccJFApzV.s:220    .text:0000000000000050 SVC_Handler
     /tmp/ccJFApzV.s:242    .text:0000000000000070 pxCurrentTCBConst2
     /tmp/ccJFApzV.s:242    .text:0000000000000070 $d
     /tmp/ccJFApzV.s:252    .text:0000000000000074 $t
     /tmp/ccJFApzV.s:259    .text:0000000000000074 vPortEndScheduler
     /tmp/ccJFApzV.s:280    .text:0000000000000076 vPortEnterCritical
     /tmp/ccJFApzV.s:321    .text:0000000000000090 $d
     /tmp/ccJFApzV.s:325    .text:0000000000000094 $t
     /tmp/ccJFApzV.s:332    .text:0000000000000094 vPortExitCritical
     /tmp/ccJFApzV.s:375    .text:00000000000000a4 $d
     /tmp/ccJFApzV.s:379    .text:00000000000000a8 $t
     /tmp/ccJFApzV.s:386    .text:00000000000000a8 PendSV_Handler
     /tmp/ccJFApzV.s:421    .text:00000000000000f0 pxCurrentTCBConst
     /tmp/ccJFApzV.s:421    .text:00000000000000f0 $d
     /tmp/ccJFApzV.s:431    .text:00000000000000f4 $t
     /tmp/ccJFApzV.s:438    .text:00000000000000f4 SysTick_Handler
     /tmp/ccJFApzV.s:515    .text:000000000000011c $d
     /tmp/ccJFApzV.s:519    .text:0000000000000120 $t
     /tmp/ccJFApzV.s:526    .text:0000000000000120 vPortSetupTimerInterrupt
     /tmp/ccJFApzV.s:550    .text:0000000000000130 $d
     /tmp/ccJFApzV.s:555    .text:0000000000000138 $t
     /tmp/ccJFApzV.s:562    .text:0000000000000138 xPortStartScheduler
     /tmp/ccJFApzV.s:608    .text:0000000000000160 $d
     /tmp/ccJFApzV.s:614    .data:0000000000000000 $d
     /tmp/ccJFApzV.s:618    .data:0000000000000000 uxCriticalNesting
     /tmp/ccJFApzV.s:1832   .text:0000000000000168 $d

UNDEFINED SYMBOLS
pxCurrentTCB
vTaskSwitchContext
xTaskIncrementTick
